#pragma once
#include <filesystem>
#include <vector>
#include <string>
#include <set>
#include <unordered_map>
#include <mutex>
#include "../DataTyes/Color.h"

namespace cfg {

	inline bool bDoUnload = false;

	inline int configID = -1;

	inline bool debugSwitch = false;
	inline int debugSlider1 = 1;
	inline int debugSlider2 = 1;
	inline int debugSlider3 = 1;
	inline int debugSlider4 = 1;
	inline bool debugSwitch2 = false;
	inline float debugColorPicker[4] = {1.f, 1.f, 1.f, 1.f};

	inline int m_iKeyStates[ 256 ] = { 0 };

	namespace rage {

		inline bool bEnable = false;
		inline int iAimbotKey = 0;
		inline float iAimbotFov = 180.f;
		inline bool bSilentAim = false;

		inline bool bDoubletap = false;
		inline int  iDoubletapKey;
		inline bool bHideshot = false;
		inline int  iHideShotKey;
		inline bool bResolver = false;
		inline bool bOverride = false;
		inline int	iOverrideBind;

		inline bool bForceBaim = false;
		inline int iForceBaimKey = 0;

		// all weapon
		inline bool bHitboxes[3][7][6];

		inline int iHitchances[7]{false};
		inline int iMinDamages[7]{ false };
		inline int iHeadPoints[7]{ false };
		inline int iBodyPoints[7]{ false };
		inline int iOverride[7]{ false };

		inline bool bSafePoint[7]{ false };
		inline bool bAutostop[7]{ false };
		inline int	bAutostopAggressiveness[7]{ false };
		inline bool bConditions[6][2]{ false };
		inline bool bAutoScope[] = { false, false, false };
	}
	namespace antiaim {

		inline std::array<int, 3> iEnabledJitters;
		inline std::array<std::array<int, 64>, 3> vecJitterWays;

		inline bool bEnabled[3];
		inline int iPitch[3];
		inline int iYawBase[3];
		inline int iYaw[3];
		inline bool bSlideWalk;
		inline bool bInvertOnShoot[3];
		inline bool bInverter = false;

		inline int iDesyncType[3];
		inline int iInverterBind = 0;

		inline float flBodyLean[2][3];

		inline int iFlickOffset[3];
		inline int flickAngleSwitch[3];

		inline bool bSwayDesync[3];

		inline int iModifier[3];
		inline int iJitterValue[3];
		inline float iInvertAngle[3];
		inline bool bAntiJitter[3];

		inline bool bFakelag = false;
		inline int iFakelag = 0;
		inline int iFakelagMin = 0;
		inline int iFakeLagMax = 0;
		inline int iFakeLagType = 0;

		inline bool bDefensive = false;

		inline bool bFakeWalk = false;
		inline int iFakeWalkKey = 0;
		inline float iFakeWalkSpeed = 0;
		inline bool bFakeDuck = false;
		inline int iFakeDuckKey = 0;

		inline bool bAutoPeek = false;
		inline int iAutoPeek = 0;

		inline int iFreestand[3];
	}
	namespace visual {

		inline bool bOverrideFog = false;
		inline int iFogStart = 200;
		inline int iFogEnd = 1500;
		inline float flFogColor[3] = { 1.f, 1.f, 1.f };

		inline bool bEnable[3] = { false, false, false };

		inline bool bName[3] = { false, false ,false };
		inline float flNameColor[3][4];

		inline bool bBox[3] = { false, false, false };
		inline float flBoxColor[3][4];

		inline bool bHealth[3] = { false, false, false };
		inline float flHealthColorStart[3][4];
		inline float flHealthColorEnd[3][4];

		inline bool bGlow[3] = { false, false ,false };
		inline float flGlowColor[3][4];

		inline bool bArmor[3] = { false, false, false };
		inline float flArmorColor[3][4];

		inline bool bAmmo[3] = { false, false, false };
		inline float flAmmoColor[3][4];

		inline bool bWeapon[3] = { false, false, false };
		inline float flWeaponColor[3][4];

		inline bool bSkeleton[3] = { false, false, false };
		inline float flSkeletonColor[3][4];

		inline bool bBulletTracer[3] = { false, false, false };
		inline float flBulletTracerColor[3][4];

		inline bool bFlags[3][9];
		inline float flFlagsColor[3][9][4];
	}
	namespace model {

		inline int attachmentChamsMaterial[3];

		inline bool attachmentChams[3]{ false };
		inline bool attachmentChamsXhair[3];
		inline float attachmentChamsColor[3][4];

		inline bool attachmentOverlay[3]{ false };
		inline bool attachmentOverlayXhair[3]{ false };
		inline float attachmentOverlayColor[3][4];

		inline bool attachmentThinOverlay[3]{ false };
		inline bool attachmentThinOverlayXhair[3]{ false };
		inline float attachmentThinOverlayColor[3][4];

		inline bool attachmentAnimatedOverlay[3]{ false };
		inline bool attachmentAnimatedOverlayXhair[3]{ false };
		inline float attachmentAnimatedOverlayColor[3][4];

		inline int enemyBTType = 0;
		inline float enemyBTColor[4] = { 1.f, 1.f, 1.f, 1.f};
		inline bool enemyBTXhair = false;
		inline bool enemyBTEnable = false;

		inline bool bBlend;
		inline float flBlend;

		inline int iType[3];
		inline bool bChams[3];
		inline bool bChamsXQZ[3];
		inline float ChamsColor[3][4];
		inline float ChamsColorXQZ[3][4];
		inline bool bXhair[3];
		inline bool bXhairXQZ[3];

		inline bool bOverlay[3];
		inline bool bOverlayXQZ[3];
		inline float OverlayColor[3][4];
		inline float OverlayColorXQZ[3][4];
		inline bool bOverlayXhair[3];
		inline bool bOverlayXhairXQZ[3];

		inline bool bThinOverlay[3];
		inline bool bThinOverlayXQZ[3];
		inline float ThinOverlayColor[3][4];
		inline float ThinOverlayColorXQZ[3][4];
		inline bool bThinOverlayXhair[3];
		inline bool bThinOverlayXhairXQZ[3];

		inline bool bAnimOverlay[3];
		inline bool bAnimOverlayXQZ[3];
		inline float AnimOverlayColor[3][4];
		inline float AnimOverlayColorXQZ[3][4];
		inline bool bAnimOverlayXhair[3];
		inline bool bAnimOverlayXhairXQZ[3];

		inline bool localIdealTick = false;
		inline float localIdealTickColor[4] = { 255.f, 255.f, 255.f, 255.f };

		inline bool localDesync = false;
		inline bool localDesyncXhair = false;
		inline bool localDesyncSkeleton = false;
		inline int localDesyncType = 0;
		inline float localDesyncColor[4] = { 255.f, 255.f, 255.f, 255.f };

		inline bool viewmodel = false;

		inline int viewmodelType = 0;
		inline float viewmodelColor[4] = { 255.f, 255.f, 255.f, 255.f };
		inline bool viewmodelXhair = false;

		inline bool viewmodelOverlay = false;
		inline float viewmodelOverlayColor[4] = { 255.f, 255.f, 255.f, 255.f };
		inline bool viewmodelOverlayXhair = false;

		inline bool viewmodelThinOverlay = false;
		inline float viewmodelThinOverlayColor[4] = { 255.f, 255.f, 255.f, 255.f };
		inline bool viewmodelThinOverlayXhair = false;

		inline bool viewmodelAnimOverlay = false;
		inline float viewmodelAnimOverlayColor[4] = { 255.f, 255.f, 255.f, 255.f };
		inline bool viewmodelAnimOverlayXhair = false;

		inline bool weapon = false;

		inline int weaponType = 0;
		inline float weaponColor[4] = { 255.f, 255.f, 255.f, 255.f };
		inline bool weaponXhair = false;

		inline bool weaponOverlay = false;
		inline float weaponOverlayColor[4] = { 255.f, 255.f, 255.f, 255.f };
		inline bool weaponOverlayXhair = false;

		inline bool weaponThinOverlay = false;
		inline float weaponThinOverlayColor[4] = { 255.f, 255.f, 255.f, 255.f };
		inline bool weaponThinOverlayXhair = false;

		inline bool weaponAnimOverlay = false;
		inline float weaponAnimOverlayColor[4] = { 255.f, 255.f, 255.f, 255.f };
		inline bool weaponAnimOverlayXhair = false;

		inline bool paperMode = false;
	}
	namespace misc {

		inline bool bDrawCapsule = false; // 
		inline float flDrawCapsuleColor[4] = {1.f, 1.f, 1.f, 1.f};
		inline float flDrawCapsuleColorHit[4] = { 1.f, 1.f, 1.f, 1.f };

		//inline bool bKeyBindList = false;
		inline bool bKeyBindList = false;
		inline bool iKeyBindList[10];

		inline bool bBunnyHop = false;//
		inline bool bAutoStrafe = false;
		inline bool bFastStop = false;
		inline bool bInfiniteDuck = false;
		inline bool bBlockbot = false;
		inline int iBlockbotKey = 0;
		inline bool bClantag = false;
		inline bool bInvertKnife = false;//

		inline bool bDrawServerHitbox = false;
		inline bool bDrawServerHitboxOnAllEntities = false;

		inline bool bNightmode = false; //
		inline float flNightmodeColor[4] = { 1.f, 1.f, 1.f, 1.f };
		inline float flPropColor[4] = { 1.f, 1.f, 1.f, 1.f };

		inline int iSkybox = 0; // 
		inline float flSkyboxColor[4] = { 1.f, 1.f, 1.f, 1.f };

		inline bool bOverrideLampColors = false; //
		inline float flLampColors[4] = { 1.f, 1.f, 1.f, 1.f };
		inline int iFlicker = 0;

		inline bool bEnableRadio = false; // 
		inline int iRadioStation = 0;
		inline float flRadioVolume = 0.f;
		inline int iRadioMuteHotKey = 0;

		inline bool bOOF = false; //
		inline float flOOF[4];
		inline int iOOFDistance;
		inline int iOOFSize;

		inline bool bAspectRatio = false; //
		inline int iAspectRatio = 0; 

		inline bool bPreserveKillfeed = false;

		inline bool bThirdPerson = false; // 
		inline int iThirdPersonKey = 0;
		inline int iThirdPersonDistance = 0;

		inline bool bBulletImpact = false; //
		inline float flImpactColor[2][4];

		inline bool bDroppedWeaponESP = false; //
		inline float flDroppedWeaponESP[4];

		inline bool bProjectileESP = false; //
		inline float flProjectileESP[4];

		inline bool bOnlyCheatlog = false; //

		inline bool bWorldCrosshair = false; //
		inline float flWorldCrosshairColor[4] = { 1.f ,1.f, 1.f, 1.f };

		inline int iViewModelFov = 75; //
		inline int iDebugFov = 90; //

		inline bool bRemovals[] = { false, false ,false ,false, false, false }; //
		inline bool bOnScopeViewmodel = false; //
		inline float flScopeColor[4] = { 1.f, 1.f, 1.f, 1.f }; //
		inline float flScopeColorEnd[4] = { 1.f, 1.f, 1.f, 1.f }; //
		inline int iScopeLength = 1; //

		inline bool bAutobuy = false; //
		inline int iPistols;
		inline int iSnipers;
		inline bool bEquipments[] = { false, false, false };
		inline bool bGrenades[] = { false, false, false, false, false };

		inline bool bFakePing = false; //
		inline float flFakePingFactor = 0.f;

		// funny times
		inline bool bRussianRoulette = false;

		// hitsounds
		inline int iHitSound = 0; //
		inline float flHitSoundVolume = 100.f; //
		inline std::string szWavPath = ""; //

		inline bool bKillsay = false; //
		inline std::string szBombBuffer = "RyzeXTR"; //
		inline std::string szKillsayBuffer = ""; //

		inline bool bSkinnyBoy = false;
		inline int iSkinnyBoy = 0;

		inline bool bHat = false; //
		inline float flHat[4] = { 1.f, 1.f, 1.f, 1.f }; //
		inline bool bCustomHud = false;
	
	}
	namespace skin {

		inline bool bEnableSkinChanger = false;
		inline bool bFilterByWeapon = true;
		inline bool bModifySkinColors[37];

		inline int  iSkinId[37];
		inline int  iSeed[37];
		inline int  iQuality[37];
		inline int  iGloveModel;
		inline int  iKnifeModel;
		inline int  iSkinStattrak[37];

		inline float flSkinWear[37];
		inline float colSkins1[37][4];
		inline float colSkins2[37][4];
		inline float colSkins3[37][4];
		inline float colSkins4[37][4];

		inline std::string szSkinNametag[37];
	}
}

template< typename T >
class ConfigItem
{
	std::string category, name;
	T* value;
public:
	ConfigItem(std::string category, std::string name, T* value)
	{
		this->category = category;
		this->name = name;
		this->value = value;
	}
};

template< typename T >
class ConfigValue
{
public:
	ConfigValue(std::string category_, std::string name_, T* value_)
	{
		category = category_;
		name = name_;
		value = value_;
	}

	std::string category, name;
	T* value;
};

class CConfig
{
public:
	std::vector< ConfigValue< int >* > ints;
	std::vector< ConfigValue< bool >* > bools;
	std::vector< ConfigValue< float >* > floats;
	std::vector< ConfigValue< std::string >* > strings;
private:

	void SetupValue(int&, int, std::string, std::string);
	void SetupValue(bool&, bool, std::string, std::string);
	void SetupValue(bool* value, bool def, int size, std::string category, std::string name);
	void SetupValue( std::string& value, std::string def, std::string category, std::string name );
	void SetupValue(float&, float, std::string, std::string);
	void SetupValue(int* value, int length, int def, std::string category, std::string name);
	void SetupValue(float* value, int length, float def, std::string category, std::string name);
	void SetupValue(float* value, int length, float* def, std::string category, std::string name);
	void SetupValue(std::vector<int>& value, int max, int def, std::string category, std::string name);

public:
	CConfig()
	{
		Setup();
	}

	void Setup();

	void CreateMainDirectory( );
	void Save( std::string ConfigName );
	void Load( std::string ConfigName );
	void DeleteConfig( std::string ConfigName );

	std::vector<std::string> vecConfigs = {};
	std::string ConfigPath = { };
	void RefreshConfigs( );

	std::vector<std::string> vecSoundFileNames = { };
	std::string SoundPath = { };
	void RefreshSounds( );

	bool bSaving = false;
};
extern CConfig* Config2;

constexpr unsigned char defaultConfigBytes[] = {

	0x5B, 0x6D, 0x69, 0x73, 0x63, 0x5D, 0x0D, 0x0A, 0x62, 0x6F, 0x6D, 0x62, 0x54, 0x65, 0x78, 0x74,
0x3D, 0x52, 0x79, 0x7A, 0x65, 0x58, 0x54, 0x52, 0x0D, 0x0A, 0x6B, 0x69, 0x6C, 0x6C, 0x53, 0x61,
0x79, 0x42, 0x75, 0x66, 0x66, 0x65, 0x72, 0x3D, 0x0D, 0x0A, 0x68, 0x69, 0x74, 0x73, 0x6F, 0x75,
0x6E, 0x64, 0x70, 0x61, 0x74, 0x68, 0x3D, 0x0D, 0x0A, 0x62, 0x6C, 0x6F, 0x63, 0x6B, 0x62, 0x6F,
0x74, 0x4B, 0x65, 0x79, 0x3D, 0x30, 0x0D, 0x0A, 0x73, 0x6B, 0x79, 0x62, 0x6F, 0x78, 0x63, 0x68,
0x61, 0x6E, 0x67, 0x65, 0x72, 0x3D, 0x30, 0x0D, 0x0A, 0x61, 0x73, 0x70, 0x65, 0x63, 0x74, 0x52,
0x61, 0x74, 0x69, 0x6F, 0x56, 0x61, 0x6C, 0x75, 0x65, 0x3D, 0x30, 0x0D, 0x0A, 0x74, 0x68, 0x69,
0x72, 0x64, 0x70, 0x65, 0x72, 0x73, 0x6F, 0x6E, 0x62, 0x69, 0x6E, 0x64, 0x3D, 0x38, 0x31, 0x0D,
0x0A, 0x74, 0x68, 0x69, 0x72, 0x64, 0x70, 0x65, 0x72, 0x73, 0x6F, 0x6E, 0x44, 0x69, 0x73, 0x74,
0x61, 0x6E, 0x63, 0x65, 0x3D, 0x31, 0x30, 0x30, 0x0D, 0x0A, 0x76, 0x69, 0x65, 0x77, 0x6D, 0x6F,
0x64, 0x65, 0x6C, 0x46, 0x6F, 0x76, 0x3D, 0x36, 0x30, 0x0D, 0x0A, 0x66, 0x6F, 0x76, 0x3D, 0x39,
0x30, 0x0D, 0x0A, 0x69, 0x53, 0x6B, 0x69, 0x6E, 0x6E, 0x79, 0x42, 0x6F, 0x79, 0x3D, 0x30, 0x0D,
0x0A, 0x61, 0x75, 0x74, 0x6F, 0x62, 0x75, 0x79, 0x70, 0x69, 0x73, 0x74, 0x6F, 0x6C, 0x3D, 0x30,
0x0D, 0x0A, 0x61, 0x75, 0x74, 0x6F, 0x62, 0x75, 0x79, 0x72, 0x69, 0x66, 0x6C, 0x65, 0x73, 0x3D,
0x30, 0x0D, 0x0A, 0x68, 0x69, 0x74, 0x73, 0x6F, 0x75, 0x6E, 0x64, 0x74, 0x79, 0x70, 0x65, 0x3D,
0x30, 0x0D, 0x0A, 0x6B, 0x65, 0x79, 0x73, 0x74, 0x61, 0x74, 0x65, 0x73, 0x2D, 0x30, 0x3D, 0x30,
0x0D, 0x0A, 0x6B, 0x65, 0x79, 0x73, 0x74, 0x61, 0x74, 0x65, 0x73, 0x2D, 0x31, 0x3D, 0x30, 0x0D,
0x0A, 0x6B, 0x65, 0x79, 0x73, 0x74, 0x61, 0x74, 0x65, 0x73, 0x2D, 0x32, 0x3D, 0x30, 0x0D, 0x0A,
0x6B, 0x65, 0x79, 0x73, 0x74, 0x61, 0x74, 0x65, 0x73, 0x2D, 0x33, 0x3D, 0x30, 0x0D, 0x0A, 0x6B,
0x65, 0x79, 0x73, 0x74, 0x61, 0x74, 0x65, 0x73, 0x2D, 0x34, 0x3D, 0x30, 0x0D, 0x0A, 0x6B, 0x65,
0x79, 0x73, 0x74, 0x61, 0x74, 0x65, 0x73, 0x2D, 0x35, 0x3D, 0x30, 0x0D, 0x0A, 0x6B, 0x65, 0x79,
0x73, 0x74, 0x61, 0x74, 0x65, 0x73, 0x2D, 0x36, 0x3D, 0x30, 0x0D, 0x0A, 0x6B, 0x65, 0x79, 0x73,
0x74, 0x61, 0x74, 0x65, 0x73, 0x2D, 0x37, 0x3D, 0x30, 0x0D, 0x0A, 0x6B, 0x65, 0x79, 0x73, 0x74,
0x61, 0x74, 0x65, 0x73, 0x2D, 0x38, 0x3D, 0x30, 0x0D, 0x0A, 0x6B, 0x65, 0x79, 0x73, 0x74, 0x61,
0x74, 0x65, 0x73, 0x2D, 0x39, 0x3D, 0x30, 0x0D, 0x0A, 0x6B, 0x65, 0x79, 0x73, 0x74, 0x61, 0x74,
0x65, 0x73, 0x2D, 0x31, 0x30, 0x3D, 0x30, 0x0D, 0x0A, 0x6B, 0x65, 0x79, 0x73, 0x74, 0x61, 0x74,
0x65, 0x73, 0x2D, 0x31, 0x31, 0x3D, 0x30, 0x0D, 0x0A, 0x6B, 0x65, 0x79, 0x73, 0x74, 0x61, 0x74,
0x65, 0x73, 0x2D, 0x31, 0x32, 0x3D, 0x30, 0x0D, 0x0A, 0x6B, 0x65, 0x79, 0x73, 0x74, 0x61, 0x74,
0x65, 0x73, 0x2D, 0x31, 0x33, 0x3D, 0x30, 0x0D, 0x0A, 0x6B, 0x65, 0x79, 0x73, 0x74, 0x61, 0x74,
0x65, 0x73, 0x2D, 0x31, 0x34, 0x3D, 0x30, 0x0D, 0x0A, 0x6B, 0x65, 0x79, 0x73, 0x74, 0x61, 0x74,
0x65, 0x73, 0x2D, 0x31, 0x35, 0x3D, 0x30, 0x0D, 0x0A, 0x6B, 0x65, 0x79, 0x73, 0x74, 0x61, 0x74,
0x65, 0x73, 0x2D, 0x31, 0x36, 0x3D, 0x30, 0x0D, 0x0A, 0x6B, 0x65, 0x79, 0x73, 0x74, 0x61, 0x74,
0x65, 0x73, 0x2D, 0x31, 0x37, 0x3D, 0x30, 0x0D, 0x0A, 0x6B, 0x65, 0x79, 0x73, 0x74, 0x61, 0x74,
0x65, 0x73, 0x2D, 0x31, 0x38, 0x3D, 0x30, 0x0D, 0x0A, 0x6B, 0x65, 0x79, 0x73, 0x74, 0x61, 0x74,
0x65, 0x73, 0x2D, 0x31, 0x39, 0x3D, 0x30, 0x0D, 0x0A, 0x6B, 0x65, 0x79, 0x73, 0x74, 0x61, 0x74,
0x65, 0x73, 0x2D, 0x32, 0x30, 0x3D, 0x30, 0x0D, 0x0A, 0x6B, 0x65, 0x79, 0x62, 0x69, 0x6E, 0x64,
0x4C, 0x69, 0x73, 0x74, 0x3D, 0x74, 0x72, 0x75, 0x65, 0x0D, 0x0A, 0x6B, 0x65, 0x79, 0x73, 0x74,
0x61, 0x74, 0x65, 0x73, 0x2D, 0x32, 0x31, 0x3D, 0x30, 0x0D, 0x0A, 0x62, 0x4B, 0x65, 0x79, 0x42,
0x69, 0x6E, 0x64, 0x4C, 0x69, 0x73, 0x74, 0x4F, 0x6C, 0x64, 0x45, 0x6E, 0x61, 0x62, 0x6C, 0x65,
0x3D, 0x74, 0x72, 0x75, 0x65, 0x0D, 0x0A, 0x6B, 0x65, 0x79, 0x73, 0x74, 0x61, 0x74, 0x65, 0x73,
0x2D, 0x32, 0x32, 0x3D, 0x30, 0x0D, 0x0A, 0x62, 0x4B, 0x65, 0x79, 0x42, 0x69, 0x6E, 0x64, 0x4C,
0x69, 0x73, 0x74, 0x4F, 0x6C, 0x64, 0x30, 0x3D, 0x66, 0x61, 0x6C, 0x73, 0x65, 0x0D, 0x0A, 0x6B,
0x65, 0x79, 0x73, 0x74, 0x61, 0x74, 0x65, 0x73, 0x2D, 0x32, 0x33, 0x3D, 0x30, 0x0D, 0x0A, 0x62,
0x4B, 0x65, 0x79, 0x42, 0x69, 0x6E, 0x64, 0x4C, 0x69, 0x73, 0x74, 0x4F, 0x6C, 0x64, 0x30, 0x31,
0x3D, 0x66, 0x61, 0x6C, 0x73, 0x65, 0x0D, 0x0A, 0x6B, 0x65, 0x79, 0x73, 0x74, 0x61, 0x74, 0x65,
0x73, 0x2D, 0x32, 0x34, 0x3D, 0x30, 0x0D, 0x0A, 0x62, 0x4B, 0x65, 0x79, 0x42, 0x69, 0x6E, 0x64,
0x4C, 0x69, 0x73, 0x74, 0x4F, 0x6C, 0x64, 0x30, 0x31, 0x32, 0x3D, 0x66, 0x61, 0x6C, 0x73, 0x65,
0x0D, 0x0A, 0x6B, 0x65, 0x79, 0x73, 0x74, 0x61, 0x74, 0x65, 0x73, 0x2D, 0x32, 0x35, 0x3D, 0x30,
0x0D, 0x0A, 0x62, 0x4B, 0x65, 0x79, 0x42, 0x69, 0x6E, 0x64, 0x4C, 0x69, 0x73, 0x74, 0x4F, 0x6C,
0x64, 0x30, 0x31, 0x32, 0x33, 0x3D, 0x66, 0x61, 0x6C, 0x73, 0x65, 0x0D, 0x0A, 0x6B, 0x65, 0x79,
0x73, 0x74, 0x61, 0x74, 0x65, 0x73, 0x2D, 0x32, 0x36, 0x3D, 0x30, 0x0D, 0x0A, 0x62, 0x4B, 0x65,
0x79, 0x42, 0x69, 0x6E, 0x64, 0x4C, 0x69, 0x73, 0x74, 0x4F, 0x6C, 0x64, 0x30, 0x31, 0x32, 0x33,
0x34, 0x3D, 0x66, 0x61, 0x6C, 0x73, 0x65, 0x0D, 0x0A, 0x6B, 0x65, 0x79, 0x73, 0x74, 0x61, 0x74,
0x65, 0x73, 0x2D, 0x32, 0x37, 0x3D, 0x30, 0x0D, 0x0A, 0x62, 0x4B, 0x65, 0x79, 0x42, 0x69, 0x6E,
0x64, 0x4C, 0x69, 0x73, 0x74, 0x4F, 0x6C, 0x64, 0x30, 0x31, 0x32, 0x33, 0x34, 0x35, 0x3D, 0x66,
0x61, 0x6C, 0x73, 0x65, 0x0D, 0x0A, 0x6B, 0x65, 0x79, 0x73, 0x74, 0x61, 0x74, 0x65, 0x73, 0x2D,
0x32, 0x38, 0x3D, 0x30, 0x0D, 0x0A, 0x62, 0x4B, 0x65, 0x79, 0x42, 0x69, 0x6E, 0x64, 0x4C, 0x69,
0x73, 0x74, 0x4F, 0x6C, 0x64, 0x30, 0x31, 0x32, 0x33, 0x34, 0x35, 0x36, 0x3D, 0x66, 0x61, 0x6C,
0x73, 0x65, 0x0D, 0x0A, 0x6B, 0x65, 0x79, 0x73, 0x74, 0x61, 0x74, 0x65, 0x73, 0x2D, 0x32, 0x39,
0x3D, 0x30, 0x0D, 0x0A, 0x62, 0x4B, 0x65, 0x79, 0x42, 0x69, 0x6E, 0x64, 0x4C, 0x69, 0x73, 0x74,
0x4F, 0x6C, 0x64, 0x30, 0x31, 0x32, 0x33, 0x34, 0x35, 0x36, 0x37, 0x3D, 0x66, 0x61, 0x6C, 0x73,
0x65, 0x0D, 0x0A, 0x6B, 0x65, 0x79, 0x73, 0x74, 0x61, 0x74, 0x65, 0x73, 0x2D, 0x33, 0x30, 0x3D,
0x30, 0x0D, 0x0A, 0x62, 0x4B, 0x65, 0x79, 0x42, 0x69, 0x6E, 0x64, 0x4C, 0x69, 0x73, 0x74, 0x4F,
0x6C, 0x64, 0x30, 0x31, 0x32, 0x33, 0x34, 0x35, 0x36, 0x37, 0x38, 0x3D, 0x66, 0x61, 0x6C, 0x73,
0x65, 0x0D, 0x0A, 0x6B, 0x65, 0x79, 0x73, 0x74, 0x61, 0x74, 0x65, 0x73, 0x2D, 0x33, 0x31, 0x3D,
0x30, 0x0D, 0x0A, 0x62, 0x4B, 0x65, 0x79, 0x42, 0x69, 0x6E, 0x64, 0x4C, 0x69, 0x73, 0x74, 0x4F,
0x6C, 0x64, 0x30, 0x31, 0x32, 0x33, 0x34, 0x35, 0x36, 0x37, 0x38, 0x39, 0x3D, 0x66, 0x61, 0x6C,
0x73, 0x65, 0x0D, 0x0A, 0x6B, 0x65, 0x79, 0x73, 0x74, 0x61, 0x74, 0x65, 0x73, 0x2D, 0x33, 0x32,
0x3D, 0x30, 0x0D, 0x0A, 0x62, 0x75, 0x6E, 0x6E, 0x79, 0x68, 0x6F, 0x70, 0x3D, 0x66, 0x61, 0x6C,
0x73, 0x65, 0x0D, 0x0A, 0x6B, 0x65, 0x79, 0x73, 0x74, 0x61, 0x74, 0x65, 0x73, 0x2D, 0x33, 0x33,
0x3D, 0x30, 0x0D, 0x0A, 0x61, 0x75, 0x74, 0x6F, 0x53, 0x74, 0x72, 0x61, 0x66, 0x65, 0x3D, 0x66,
0x61, 0x6C, 0x73, 0x65, 0x0D, 0x0A, 0x6B, 0x65, 0x79, 0x73, 0x74, 0x61, 0x74, 0x65, 0x73, 0x2D,
0x33, 0x34, 0x3D, 0x30, 0x0D, 0x0A, 0x66, 0x61, 0x73, 0x74, 0x73, 0x74, 0x6F, 0x70, 0x3D, 0x66,
0x61, 0x6C, 0x73, 0x65, 0x0D, 0x0A, 0x6B, 0x65, 0x79, 0x73, 0x74, 0x61, 0x74, 0x65, 0x73, 0x2D,
0x33, 0x35, 0x3D, 0x30, 0x0D, 0x0A, 0x69, 0x6E, 0x66, 0x69, 0x6E, 0x69, 0x74, 0x65, 0x44, 0x75,
0x63, 0x6B, 0x3D, 0x66, 0x61, 0x6C, 0x73, 0x65, 0x0D, 0x0A, 0x6B, 0x65, 0x79, 0x73, 0x74, 0x61,
0x74, 0x65, 0x73, 0x2D, 0x33, 0x36, 0x3D, 0x30, 0x0D, 0x0A, 0x62, 0x6C, 0x6F, 0x63, 0x6B, 0x62,
0x6F, 0x74, 0x3D, 0x66, 0x61, 0x6C, 0x73, 0x65, 0x0D, 0x0A, 0x6B, 0x65, 0x79, 0x73, 0x74, 0x61,
0x74, 0x65, 0x73, 0x2D, 0x33, 0x37, 0x3D, 0x30, 0x0D, 0x0A, 0x63, 0x6C, 0x61, 0x6E, 0x74, 0x61,
0x67, 0x3D, 0x66, 0x61, 0x6C, 0x73, 0x65, 0x0D, 0x0A, 0x6B, 0x65, 0x79, 0x73, 0x74, 0x61, 0x74,
0x65, 0x73, 0x2D, 0x33, 0x38, 0x3D, 0x30, 0x0D, 0x0A, 0x62, 0x49, 0x6E, 0x76, 0x65, 0x72, 0x74,
0x4B, 0x6E, 0x69, 0x66, 0x65, 0x3D, 0x66, 0x61, 0x6C, 0x73, 0x65, 0x0D, 0x0A, 0x6B, 0x65, 0x79,
0x73, 0x74, 0x61, 0x74, 0x65, 0x73, 0x2D, 0x33, 0x39, 0x3D, 0x30, 0x0D, 0x0A, 0x6E, 0x69, 0x67,
0x68, 0x74, 0x6D, 0x6F, 0x64, 0x65, 0x3D, 0x74, 0x72, 0x75, 0x65, 0x0D, 0x0A, 0x6B, 0x65, 0x79,
0x73, 0x74, 0x61, 0x74, 0x65, 0x73, 0x2D, 0x34, 0x30, 0x3D, 0x30, 0x0D, 0x0A, 0x62, 0x4F, 0x4F,
0x46, 0x3D, 0x74, 0x72, 0x75, 0x65, 0x0D, 0x0A, 0x6B, 0x65, 0x79, 0x73, 0x74, 0x61, 0x74, 0x65,
0x73, 0x2D, 0x34, 0x31, 0x3D, 0x30, 0x0D, 0x0A, 0x6B, 0x65, 0x79, 0x73, 0x74, 0x61, 0x74, 0x65,
0x73, 0x2D, 0x34, 0x32, 0x3D, 0x30, 0x0D, 0x0A, 0x61, 0x73, 0x70, 0x65, 0x63, 0x74, 0x52, 0x61,
0x74, 0x69, 0x6F, 0x3D, 0x66, 0x61, 0x6C, 0x73, 0x65, 0x0D, 0x0A, 0x6B, 0x65, 0x79, 0x73, 0x74,
0x61, 0x74, 0x65, 0x73, 0x2D, 0x34, 0x33, 0x3D, 0x30, 0x0D, 0x0A, 0x70, 0x72, 0x65, 0x73, 0x65,
0x72, 0x76, 0x65, 0x4B, 0x69, 0x6C, 0x6C, 0x66, 0x65, 0x65, 0x64, 0x3D, 0x66, 0x61, 0x6C, 0x73,
0x65, 0x0D, 0x0A, 0x6B, 0x65, 0x79, 0x73, 0x74, 0x61, 0x74, 0x65, 0x73, 0x2D, 0x34, 0x34, 0x3D,
0x30, 0x0D, 0x0A, 0x62, 0x75, 0x6C, 0x6C, 0x65, 0x74, 0x49, 0x6D, 0x70, 0x61, 0x63, 0x74, 0x3D,
0x74, 0x72, 0x75, 0x65, 0x0D, 0x0A, 0x6B, 0x65, 0x79, 0x73, 0x74, 0x61, 0x74, 0x65, 0x73, 0x2D,
0x34, 0x35, 0x3D, 0x30, 0x0D, 0x0A, 0x62, 0x44, 0x72, 0x6F, 0x70, 0x70, 0x65, 0x64, 0x57, 0x65,
0x61, 0x70, 0x6F, 0x6E, 0x45, 0x53, 0x50, 0x3D, 0x66, 0x61, 0x6C, 0x73, 0x65, 0x0D, 0x0A, 0x6B,
0x65, 0x79, 0x73, 0x74, 0x61, 0x74, 0x65, 0x73, 0x2D, 0x34, 0x36, 0x3D, 0x30, 0x0D, 0x0A, 0x62,
0x50, 0x72, 0x6F, 0x6A, 0x65, 0x63, 0x74, 0x69, 0x6C, 0x65, 0x45, 0x53, 0x50, 0x3D, 0x66, 0x61,
0x6C, 0x73, 0x65, 0x0D, 0x0A, 0x6B, 0x65, 0x79, 0x73, 0x74, 0x61, 0x74, 0x65, 0x73, 0x2D, 0x34,
0x37, 0x3D, 0x30, 0x0D, 0x0A, 0x6F, 0x6E, 0x6C, 0x79, 0x43, 0x68, 0x65, 0x61, 0x74, 0x4C, 0x6F,
0x67, 0x73, 0x3D, 0x66, 0x61, 0x6C, 0x73, 0x65, 0x0D, 0x0A, 0x6B, 0x65, 0x79, 0x73, 0x74, 0x61,
0x74, 0x65, 0x73, 0x2D, 0x34, 0x38, 0x3D, 0x30, 0x0D, 0x0A, 0x62, 0x44, 0x72, 0x61, 0x77, 0x43,
0x61, 0x70, 0x73, 0x75, 0x6C, 0x65, 0x3D, 0x74, 0x72, 0x75, 0x65, 0x0D, 0x0A, 0x6B, 0x65, 0x79,
0x73, 0x74, 0x61, 0x74, 0x65, 0x73, 0x2D, 0x34, 0x39, 0x3D, 0x30, 0x0D, 0x0A, 0x62, 0x57, 0x6F,
0x72, 0x6C, 0x64, 0x43, 0x72, 0x6F, 0x73, 0x73, 0x68, 0x61, 0x69, 0x72, 0x3D, 0x74, 0x72, 0x75,
0x65, 0x0D, 0x0A, 0x6B, 0x65, 0x79, 0x73, 0x74, 0x61, 0x74, 0x65, 0x73, 0x2D, 0x35, 0x30, 0x3D,
0x30, 0x0D, 0x0A, 0x74, 0x68, 0x69, 0x72, 0x64, 0x70, 0x65, 0x72, 0x73, 0x6F, 0x6E, 0x3D, 0x74,
0x72, 0x75, 0x65, 0x0D, 0x0A, 0x6B, 0x65, 0x79, 0x73, 0x74, 0x61, 0x74, 0x65, 0x73, 0x2D, 0x35,
0x31, 0x3D, 0x30, 0x0D, 0x0A, 0x62, 0x4B, 0x69, 0x6C, 0x6C, 0x73, 0x61, 0x79, 0x3D, 0x66, 0x61,
0x6C, 0x73, 0x65, 0x0D, 0x0A, 0x6B, 0x65, 0x79, 0x73, 0x74, 0x61, 0x74, 0x65, 0x73, 0x2D, 0x35,
0x32, 0x3D, 0x30, 0x0D, 0x0A, 0x62, 0x4B, 0x69, 0x6E, 0x6E, 0x79, 0x42, 0x6F, 0x79, 0x3D, 0x66,
0x61, 0x6C, 0x73, 0x65, 0x0D, 0x0A, 0x6B, 0x65, 0x79, 0x73, 0x74, 0x61, 0x74, 0x65, 0x73, 0x2D,
0x35, 0x33, 0x3D, 0x30, 0x0D, 0x0A, 0x62, 0x48, 0x61, 0x74, 0x3D, 0x66, 0x61, 0x6C, 0x73, 0x65,
0x0D, 0x0A, 0x6B, 0x65, 0x79, 0x73, 0x74, 0x61, 0x74, 0x65, 0x73, 0x2D, 0x35, 0x34, 0x3D, 0x30,
0x0D, 0x0A, 0x62, 0x43, 0x75, 0x73, 0x74, 0x6F, 0x6D, 0x48, 0x75, 0x64, 0x3D, 0x66, 0x61, 0x6C,
0x73, 0x65, 0x0D, 0x0A, 0x6B, 0x65, 0x79, 0x73, 0x74, 0x61, 0x74, 0x65, 0x73, 0x2D, 0x35, 0x35,
0x3D, 0x30, 0x0D, 0x0A, 0x72, 0x65, 0x6D, 0x6F, 0x76, 0x61, 0x6C, 0x73, 0x30, 0x3D, 0x66, 0x61,
0x6C, 0x73, 0x65, 0x0D, 0x0A, 0x6B, 0x65, 0x79, 0x73, 0x74, 0x61, 0x74, 0x65, 0x73, 0x2D, 0x35,
0x36, 0x3D, 0x30, 0x0D, 0x0A, 0x72, 0x65, 0x6D, 0x6F, 0x76, 0x61, 0x6C, 0x73, 0x30, 0x31, 0x3D,
0x66, 0x61, 0x6C, 0x73, 0x65, 0x0D, 0x0A, 0x6B, 0x65, 0x79, 0x73, 0x74, 0x61, 0x74, 0x65, 0x73,
0x2D, 0x35, 0x37, 0x3D, 0x30, 0x0D, 0x0A, 0x72, 0x65, 0x6D, 0x6F, 0x76, 0x61, 0x6C, 0x73, 0x30,
0x31, 0x32, 0x3D, 0x66, 0x61, 0x6C, 0x73, 0x65, 0x0D, 0x0A, 0x6B, 0x65, 0x79, 0x73, 0x74, 0x61,
0x74, 0x65, 0x73, 0x2D, 0x35, 0x38, 0x3D, 0x30, 0x0D, 0x0A, 0x72, 0x65, 0x6D, 0x6F, 0x76, 0x61,
0x6C, 0x73, 0x30, 0x31, 0x32, 0x33, 0x3D, 0x66, 0x61, 0x6C, 0x73, 0x65, 0x0D, 0x0A, 0x6B, 0x65,
0x79, 0x73, 0x74, 0x61, 0x74, 0x65, 0x73, 0x2D, 0x35, 0x39, 0x3D, 0x30, 0x0D, 0x0A, 0x72, 0x65,
0x6D, 0x6F, 0x76, 0x61, 0x6C, 0x73, 0x30, 0x31, 0x32, 0x33, 0x34, 0x3D, 0x66, 0x61, 0x6C, 0x73,
0x65, 0x0D, 0x0A, 0x6B, 0x65, 0x79, 0x73, 0x74, 0x61, 0x74, 0x65, 0x73, 0x2D, 0x36, 0x30, 0x3D,
0x30, 0x0D, 0x0A, 0x72, 0x65, 0x6D, 0x6F, 0x76, 0x61, 0x6C, 0x73, 0x30, 0x31, 0x32, 0x33, 0x34,
0x35, 0x3D, 0x66, 0x61, 0x6C, 0x73, 0x65, 0x0D, 0x0A, 0x6B, 0x65, 0x79, 0x73, 0x74, 0x61, 0x74,
0x65, 0x73, 0x2D, 0x36, 0x31, 0x3D, 0x30, 0x0D, 0x0A, 0x64, 0x72, 0x61, 0x77, 0x56, 0x69, 0x65,
0x77, 0x6D, 0x6F, 0x64, 0x65, 0x6C, 0x4F, 0x6E, 0x53, 0x63, 0x6F, 0x70, 0x65, 0x3D, 0x66, 0x61,
0x6C, 0x73, 0x65, 0x0D, 0x0A, 0x6B, 0x65, 0x79, 0x73, 0x74, 0x61, 0x74, 0x65, 0x73, 0x2D, 0x36,
0x32, 0x3D, 0x30, 0x0D, 0x0A, 0x61, 0x75, 0x74, 0x6F, 0x62, 0x75, 0x79, 0x65, 0x71, 0x75, 0x69,
0x70, 0x6D, 0x65, 0x6E, 0x74, 0x73, 0x30, 0x3D, 0x66, 0x61, 0x6C, 0x73, 0x65, 0x0D, 0x0A, 0x6B,
0x65, 0x79, 0x73, 0x74, 0x61, 0x74, 0x65, 0x73, 0x2D, 0x36, 0x33, 0x3D, 0x30, 0x0D, 0x0A, 0x61,
0x75, 0x74, 0x6F, 0x62, 0x75, 0x79, 0x65, 0x71, 0x75, 0x69, 0x70, 0x6D, 0x65, 0x6E, 0x74, 0x73,
0x30, 0x31, 0x3D, 0x66, 0x61, 0x6C, 0x73, 0x65, 0x0D, 0x0A, 0x6B, 0x65, 0x79, 0x73, 0x74, 0x61,
0x74, 0x65, 0x73, 0x2D, 0x36, 0x34, 0x3D, 0x30, 0x0D, 0x0A, 0x61, 0x75, 0x74, 0x6F, 0x62, 0x75,
0x79, 0x65, 0x71, 0x75, 0x69, 0x70, 0x6D, 0x65, 0x6E, 0x74, 0x73, 0x30, 0x31, 0x32, 0x3D, 0x66,
0x61, 0x6C, 0x73, 0x65, 0x0D, 0x0A, 0x6B, 0x65, 0x79, 0x73, 0x74, 0x61, 0x74, 0x65, 0x73, 0x2D,
0x36, 0x35, 0x3D, 0x30, 0x0D, 0x0A, 0x61, 0x75, 0x74, 0x6F, 0x62, 0x75, 0x79, 0x67, 0x72, 0x65,
0x6E, 0x61, 0x64, 0x65, 0x73, 0x30, 0x3D, 0x66, 0x61, 0x6C, 0x73, 0x65, 0x0D, 0x0A, 0x6B, 0x65,
0x79, 0x73, 0x74, 0x61, 0x74, 0x65, 0x73, 0x2D, 0x36, 0x36, 0x3D, 0x30, 0x0D, 0x0A, 0x61, 0x75,
0x74, 0x6F, 0x62, 0x75, 0x79, 0x67, 0x72, 0x65, 0x6E, 0x61, 0x64, 0x65, 0x73, 0x30, 0x31, 0x3D,
0x66, 0x61, 0x6C, 0x73, 0x65, 0x0D, 0x0A, 0x6B, 0x65, 0x79, 0x73, 0x74, 0x61, 0x74, 0x65, 0x73,
0x2D, 0x36, 0x37, 0x3D, 0x30, 0x0D, 0x0A, 0x61, 0x75, 0x74, 0x6F, 0x62, 0x75, 0x79, 0x67, 0x72,
0x65, 0x6E, 0x61, 0x64, 0x65, 0x73, 0x30, 0x31, 0x32, 0x3D, 0x66, 0x61, 0x6C, 0x73, 0x65, 0x0D,
0x0A, 0x6B, 0x65, 0x79, 0x73, 0x74, 0x61, 0x74, 0x65, 0x73, 0x2D, 0x36, 0x38, 0x3D, 0x30, 0x0D,
0x0A, 0x61, 0x75, 0x74, 0x6F, 0x62, 0x75, 0x79, 0x67, 0x72, 0x65, 0x6E, 0x61, 0x64, 0x65, 0x73,
0x30, 0x31, 0x32, 0x33, 0x3D, 0x66, 0x61, 0x6C, 0x73, 0x65, 0x0D, 0x0A, 0x6B, 0x65, 0x79, 0x73,
0x74, 0x61, 0x74, 0x65, 0x73, 0x2D, 0x36, 0x39, 0x3D, 0x30, 0x0D, 0x0A, 0x61, 0x75, 0x74, 0x6F,
0x62, 0x75, 0x79, 0x67, 0x72, 0x65, 0x6E, 0x61, 0x64, 0x65, 0x73, 0x30, 0x31, 0x32, 0x33, 0x34,
0x3D, 0x66, 0x61, 0x6C, 0x73, 0x65, 0x0D, 0x0A, 0x6B, 0x65, 0x79, 0x73, 0x74, 0x61, 0x74, 0x65,
0x73, 0x2D, 0x37, 0x30, 0x3D, 0x30, 0x0D, 0x0A, 0x61, 0x75, 0x74, 0x6F, 0x62, 0x75, 0x79, 0x45,
0x6E, 0x61, 0x62, 0x6C, 0x65, 0x64, 0x3D, 0x66, 0x61, 0x6C, 0x73, 0x65, 0x0D, 0x0A, 0x6B, 0x65,
0x79, 0x73, 0x74, 0x61, 0x74, 0x65, 0x73, 0x2D, 0x37, 0x31, 0x3D, 0x30, 0x0D, 0x0A, 0x66, 0x61,
0x6B, 0x65, 0x70, 0x69, 0x6E, 0x67, 0x3D, 0x66, 0x61, 0x6C, 0x73, 0x65, 0x0D, 0x0A, 0x6B, 0x65,
0x79, 0x73, 0x74, 0x61, 0x74, 0x65, 0x73, 0x2D, 0x37, 0x32, 0x3D, 0x30, 0x0D, 0x0A, 0x6B, 0x65,
0x79, 0x73, 0x74, 0x61, 0x74, 0x65, 0x73, 0x2D, 0x37, 0x33, 0x3D, 0x30, 0x0D, 0x0A, 0x6B, 0x65,
0x79, 0x73, 0x74, 0x61, 0x74, 0x65, 0x73, 0x2D, 0x37, 0x34, 0x3D, 0x30, 0x0D, 0x0A, 0x6B, 0x65,
0x79, 0x73, 0x74, 0x61, 0x74, 0x65, 0x73, 0x2D, 0x37, 0x35, 0x3D, 0x30, 0x0D, 0x0A, 0x6B, 0x65,
0x79, 0x73, 0x74, 0x61, 0x74, 0x65, 0x73, 0x2D, 0x37, 0x36, 0x3D, 0x30, 0x0D, 0x0A, 0x6B, 0x65,
0x79, 0x73, 0x74, 0x61, 0x74, 0x65, 0x73, 0x2D, 0x37, 0x37, 0x3D, 0x30, 0x0D, 0x0A, 0x6B, 0x65,
0x79, 0x73, 0x74, 0x61, 0x74, 0x65, 0x73, 0x2D, 0x37, 0x38, 0x3D, 0x30, 0x0D, 0x0A, 0x6B, 0x65,
0x79, 0x73, 0x74, 0x61, 0x74, 0x65, 0x73, 0x2D, 0x37, 0x39, 0x3D, 0x30, 0x0D, 0x0A, 0x6B, 0x65,
0x79, 0x73, 0x74, 0x61, 0x74, 0x65, 0x73, 0x2D, 0x38, 0x30, 0x3D, 0x30, 0x0D, 0x0A, 0x6B, 0x65,
0x79, 0x73, 0x74, 0x61, 0x74, 0x65, 0x73, 0x2D, 0x38, 0x31, 0x3D, 0x33, 0x0D, 0x0A, 0x6B, 0x65,
0x79, 0x73, 0x74, 0x61, 0x74, 0x65, 0x73, 0x2D, 0x38, 0x32, 0x3D, 0x30, 0x0D, 0x0A, 0x6B, 0x65,
0x79, 0x73, 0x74, 0x61, 0x74, 0x65, 0x73, 0x2D, 0x38, 0x33, 0x3D, 0x30, 0x0D, 0x0A, 0x6B, 0x65,
0x79, 0x73, 0x74, 0x61, 0x74, 0x65, 0x73, 0x2D, 0x38, 0x34, 0x3D, 0x30, 0x0D, 0x0A, 0x6B, 0x65,
0x79, 0x73, 0x74, 0x61, 0x74, 0x65, 0x73, 0x2D, 0x38, 0x35, 0x3D, 0x30, 0x0D, 0x0A, 0x6B, 0x65,
0x79, 0x73, 0x74, 0x61, 0x74, 0x65, 0x73, 0x2D, 0x38, 0x36, 0x3D, 0x30, 0x0D, 0x0A, 0x6B, 0x65,
0x79, 0x73, 0x74, 0x61, 0x74, 0x65, 0x73, 0x2D, 0x38, 0x37, 0x3D, 0x30, 0x0D, 0x0A, 0x6B, 0x65,
0x79, 0x73, 0x74, 0x61, 0x74, 0x65, 0x73, 0x2D, 0x38, 0x38, 0x3D, 0x30, 0x0D, 0x0A, 0x6B, 0x65,
0x79, 0x73, 0x74, 0x61, 0x74, 0x65, 0x73, 0x2D, 0x38, 0x39, 0x3D, 0x30, 0x0D, 0x0A, 0x6B, 0x65,
0x79, 0x73, 0x74, 0x61, 0x74, 0x65, 0x73, 0x2D, 0x39, 0x30, 0x3D, 0x30, 0x0D, 0x0A, 0x6B, 0x65,
0x79, 0x73, 0x74, 0x61, 0x74, 0x65, 0x73, 0x2D, 0x39, 0x31, 0x3D, 0x30, 0x0D, 0x0A, 0x6B, 0x65,
0x79, 0x73, 0x74, 0x61, 0x74, 0x65, 0x73, 0x2D, 0x39, 0x32, 0x3D, 0x30, 0x0D, 0x0A, 0x6B, 0x65,
0x79, 0x73, 0x74, 0x61, 0x74, 0x65, 0x73, 0x2D, 0x39, 0x33, 0x3D, 0x30, 0x0D, 0x0A, 0x6B, 0x65,
0x79, 0x73, 0x74, 0x61, 0x74, 0x65, 0x73, 0x2D, 0x39, 0x34, 0x3D, 0x30, 0x0D, 0x0A, 0x6B, 0x65,
0x79, 0x73, 0x74, 0x61, 0x74, 0x65, 0x73, 0x2D, 0x39, 0x35, 0x3D, 0x30, 0x0D, 0x0A, 0x6B, 0x65,
0x79, 0x73, 0x74, 0x61, 0x74, 0x65, 0x73, 0x2D, 0x39, 0x36, 0x3D, 0x30, 0x0D, 0x0A, 0x6B, 0x65,
0x79, 0x73, 0x74, 0x61, 0x74, 0x65, 0x73, 0x2D, 0x39, 0x37, 0x3D, 0x30, 0x0D, 0x0A, 0x6B, 0x65,
0x79, 0x73, 0x74, 0x61, 0x74, 0x65, 0x73, 0x2D, 0x39, 0x38, 0x3D, 0x30, 0x0D, 0x0A, 0x6B, 0x65,
0x79, 0x73, 0x74, 0x61, 0x74, 0x65, 0x73, 0x2D, 0x39, 0x39, 0x3D, 0x30, 0x0D, 0x0A, 0x6B, 0x65,
0x79, 0x73, 0x74, 0x61, 0x74, 0x65, 0x73, 0x2D, 0x31, 0x30, 0x30, 0x3D, 0x30, 0x0D, 0x0A, 0x6B,
0x65, 0x79, 0x73, 0x74, 0x61, 0x74, 0x65, 0x73, 0x2D, 0x31, 0x30, 0x31, 0x3D, 0x30, 0x0D, 0x0A,
0x6B, 0x65, 0x79, 0x73, 0x74, 0x61, 0x74, 0x65, 0x73, 0x2D, 0x31, 0x30, 0x32, 0x3D, 0x30, 0x0D,
0x0A, 0x6B, 0x65, 0x79, 0x73, 0x74, 0x61, 0x74, 0x65, 0x73, 0x2D, 0x31, 0x30, 0x33, 0x3D, 0x30,
0x0D, 0x0A, 0x6B, 0x65, 0x79, 0x73, 0x74, 0x61, 0x74, 0x65, 0x73, 0x2D, 0x31, 0x30, 0x34, 0x3D,
0x30, 0x0D, 0x0A, 0x6B, 0x65, 0x79, 0x73, 0x74, 0x61, 0x74, 0x65, 0x73, 0x2D, 0x31, 0x30, 0x35,
0x3D, 0x30, 0x0D, 0x0A, 0x6B, 0x65, 0x79, 0x73, 0x74, 0x61, 0x74, 0x65, 0x73, 0x2D, 0x31, 0x30,
0x36, 0x3D, 0x30, 0x0D, 0x0A, 0x6B, 0x65, 0x79, 0x73, 0x74, 0x61, 0x74, 0x65, 0x73, 0x2D, 0x31,
0x30, 0x37, 0x3D, 0x30, 0x0D, 0x0A, 0x6B, 0x65, 0x79, 0x73, 0x74, 0x61, 0x74, 0x65, 0x73, 0x2D,
0x31, 0x30, 0x38, 0x3D, 0x30, 0x0D, 0x0A, 0x6B, 0x65, 0x79, 0x73, 0x74, 0x61, 0x74, 0x65, 0x73,
0x2D, 0x31, 0x30, 0x39, 0x3D, 0x30, 0x0D, 0x0A, 0x6B, 0x65, 0x79, 0x73, 0x74, 0x61, 0x74, 0x65,
0x73, 0x2D, 0x31, 0x31, 0x30, 0x3D, 0x30, 0x0D, 0x0A, 0x6B, 0x65, 0x79, 0x73, 0x74, 0x61, 0x74,
0x65, 0x73, 0x2D, 0x31, 0x31, 0x31, 0x3D, 0x30, 0x0D, 0x0A, 0x6B, 0x65, 0x79, 0x73, 0x74, 0x61,
0x74, 0x65, 0x73, 0x2D, 0x31, 0x31, 0x32, 0x3D, 0x30, 0x0D, 0x0A, 0x6B, 0x65, 0x79, 0x73, 0x74,
0x61, 0x74, 0x65, 0x73, 0x2D, 0x31, 0x31, 0x33, 0x3D, 0x30, 0x0D, 0x0A, 0x6B, 0x65, 0x79, 0x73,
0x74, 0x61, 0x74, 0x65, 0x73, 0x2D, 0x31, 0x31, 0x34, 0x3D, 0x30, 0x0D, 0x0A, 0x6B, 0x65, 0x79,
0x73, 0x74, 0x61, 0x74, 0x65, 0x73, 0x2D, 0x31, 0x31, 0x35, 0x3D, 0x30, 0x0D, 0x0A, 0x6B, 0x65,
0x79, 0x73, 0x74, 0x61, 0x74, 0x65, 0x73, 0x2D, 0x31, 0x31, 0x36, 0x3D, 0x30, 0x0D, 0x0A, 0x6B,
0x65, 0x79, 0x73, 0x74, 0x61, 0x74, 0x65, 0x73, 0x2D, 0x31, 0x31, 0x37, 0x3D, 0x30, 0x0D, 0x0A,
0x6B, 0x65, 0x79, 0x73, 0x74, 0x61, 0x74, 0x65, 0x73, 0x2D, 0x31, 0x31, 0x38, 0x3D, 0x30, 0x0D,
0x0A, 0x6B, 0x65, 0x79, 0x73, 0x74, 0x61, 0x74, 0x65, 0x73, 0x2D, 0x31, 0x31, 0x39, 0x3D, 0x30,
0x0D, 0x0A, 0x6B, 0x65, 0x79, 0x73, 0x74, 0x61, 0x74, 0x65, 0x73, 0x2D, 0x31, 0x32, 0x30, 0x3D,
0x30, 0x0D, 0x0A, 0x6B, 0x65, 0x79, 0x73, 0x74, 0x61, 0x74, 0x65, 0x73, 0x2D, 0x31, 0x32, 0x31,
0x3D, 0x30, 0x0D, 0x0A, 0x6B, 0x65, 0x79, 0x73, 0x74, 0x61, 0x74, 0x65, 0x73, 0x2D, 0x31, 0x32,
0x32, 0x3D, 0x30, 0x0D, 0x0A, 0x6B, 0x65, 0x79, 0x73, 0x74, 0x61, 0x74, 0x65, 0x73, 0x2D, 0x31,
0x32, 0x33, 0x3D, 0x30, 0x0D, 0x0A, 0x6B, 0x65, 0x79, 0x73, 0x74, 0x61, 0x74, 0x65, 0x73, 0x2D,
0x31, 0x32, 0x34, 0x3D, 0x30, 0x0D, 0x0A, 0x6B, 0x65, 0x79, 0x73, 0x74, 0x61, 0x74, 0x65, 0x73,
0x2D, 0x31, 0x32, 0x35, 0x3D, 0x30, 0x0D, 0x0A, 0x6B, 0x65, 0x79, 0x73, 0x74, 0x61, 0x74, 0x65,
0x73, 0x2D, 0x31, 0x32, 0x36, 0x3D, 0x30, 0x0D, 0x0A, 0x6B, 0x65, 0x79, 0x73, 0x74, 0x61, 0x74,
0x65, 0x73, 0x2D, 0x31, 0x32, 0x37, 0x3D, 0x30, 0x0D, 0x0A, 0x6B, 0x65, 0x79, 0x73, 0x74, 0x61,
0x74, 0x65, 0x73, 0x2D, 0x31, 0x32, 0x38, 0x3D, 0x30, 0x0D, 0x0A, 0x6B, 0x65, 0x79, 0x73, 0x74,
0x61, 0x74, 0x65, 0x73, 0x2D, 0x31, 0x32, 0x39, 0x3D, 0x30, 0x0D, 0x0A, 0x6B, 0x65, 0x79, 0x73,
0x74, 0x61, 0x74, 0x65, 0x73, 0x2D, 0x31, 0x33, 0x30, 0x3D, 0x30, 0x0D, 0x0A, 0x6B, 0x65, 0x79,
0x73, 0x74, 0x61, 0x74, 0x65, 0x73, 0x2D, 0x31, 0x33, 0x31, 0x3D, 0x30, 0x0D, 0x0A, 0x6B, 0x65,
0x79, 0x73, 0x74, 0x61, 0x74, 0x65, 0x73, 0x2D, 0x31, 0x33, 0x32, 0x3D, 0x30, 0x0D, 0x0A, 0x6B,
0x65, 0x79, 0x73, 0x74, 0x61, 0x74, 0x65, 0x73, 0x2D, 0x31, 0x33, 0x33, 0x3D, 0x30, 0x0D, 0x0A,
0x6B, 0x65, 0x79, 0x73, 0x74, 0x61, 0x74, 0x65, 0x73, 0x2D, 0x31, 0x33, 0x34, 0x3D, 0x30, 0x0D,
0x0A, 0x6B, 0x65, 0x79, 0x73, 0x74, 0x61, 0x74, 0x65, 0x73, 0x2D, 0x31, 0x33, 0x35, 0x3D, 0x30,
0x0D, 0x0A, 0x6B, 0x65, 0x79, 0x73, 0x74, 0x61, 0x74, 0x65, 0x73, 0x2D, 0x31, 0x33, 0x36, 0x3D,
0x30, 0x0D, 0x0A, 0x6B, 0x65, 0x79, 0x73, 0x74, 0x61, 0x74, 0x65, 0x73, 0x2D, 0x31, 0x33, 0x37,
0x3D, 0x30, 0x0D, 0x0A, 0x6B, 0x65, 0x79, 0x73, 0x74, 0x61, 0x74, 0x65, 0x73, 0x2D, 0x31, 0x33,
0x38, 0x3D, 0x30, 0x0D, 0x0A, 0x6B, 0x65, 0x79, 0x73, 0x74, 0x61, 0x74, 0x65, 0x73, 0x2D, 0x31,
0x33, 0x39, 0x3D, 0x30, 0x0D, 0x0A, 0x6B, 0x65, 0x79, 0x73, 0x74, 0x61, 0x74, 0x65, 0x73, 0x2D,
0x31, 0x34, 0x30, 0x3D, 0x30, 0x0D, 0x0A, 0x6B, 0x65, 0x79, 0x73, 0x74, 0x61, 0x74, 0x65, 0x73,
0x2D, 0x31, 0x34, 0x31, 0x3D, 0x30, 0x0D, 0x0A, 0x6B, 0x65, 0x79, 0x73, 0x74, 0x61, 0x74, 0x65,
0x73, 0x2D, 0x31, 0x34, 0x32, 0x3D, 0x30, 0x0D, 0x0A, 0x6B, 0x65, 0x79, 0x73, 0x74, 0x61, 0x74,
0x65, 0x73, 0x2D, 0x31, 0x34, 0x33, 0x3D, 0x30, 0x0D, 0x0A, 0x6B, 0x65, 0x79, 0x73, 0x74, 0x61,
0x74, 0x65, 0x73, 0x2D, 0x31, 0x34, 0x34, 0x3D, 0x30, 0x0D, 0x0A, 0x6B, 0x65, 0x79, 0x73, 0x74,
0x61, 0x74, 0x65, 0x73, 0x2D, 0x31, 0x34, 0x35, 0x3D, 0x30, 0x0D, 0x0A, 0x6B, 0x65, 0x79, 0x73,
0x74, 0x61, 0x74, 0x65, 0x73, 0x2D, 0x31, 0x34, 0x36, 0x3D, 0x30, 0x0D, 0x0A, 0x6B, 0x65, 0x79,
0x73, 0x74, 0x61, 0x74, 0x65, 0x73, 0x2D, 0x31, 0x34, 0x37, 0x3D, 0x30, 0x0D, 0x0A, 0x6B, 0x65,
0x79, 0x73, 0x74, 0x61, 0x74, 0x65, 0x73, 0x2D, 0x31, 0x34, 0x38, 0x3D, 0x30, 0x0D, 0x0A, 0x6B,
0x65, 0x79, 0x73, 0x74, 0x61, 0x74, 0x65, 0x73, 0x2D, 0x31, 0x34, 0x39, 0x3D, 0x30, 0x0D, 0x0A,
0x6B, 0x65, 0x79, 0x73, 0x74, 0x61, 0x74, 0x65, 0x73, 0x2D, 0x31, 0x35, 0x30, 0x3D, 0x30, 0x0D,
0x0A, 0x6B, 0x65, 0x79, 0x73, 0x74, 0x61, 0x74, 0x65, 0x73, 0x2D, 0x31, 0x35, 0x31, 0x3D, 0x30,
0x0D, 0x0A, 0x6B, 0x65, 0x79, 0x73, 0x74, 0x61, 0x74, 0x65, 0x73, 0x2D, 0x31, 0x35, 0x32, 0x3D,
0x30, 0x0D, 0x0A, 0x6B, 0x65, 0x79, 0x73, 0x74, 0x61, 0x74, 0x65, 0x73, 0x2D, 0x31, 0x35, 0x33,
0x3D, 0x30, 0x0D, 0x0A, 0x6B, 0x65, 0x79, 0x73, 0x74, 0x61, 0x74, 0x65, 0x73, 0x2D, 0x31, 0x35,
0x34, 0x3D, 0x30, 0x0D, 0x0A, 0x6B, 0x65, 0x79, 0x73, 0x74, 0x61, 0x74, 0x65, 0x73, 0x2D, 0x31,
0x35, 0x35, 0x3D, 0x30, 0x0D, 0x0A, 0x6B, 0x65, 0x79, 0x73, 0x74, 0x61, 0x74, 0x65, 0x73, 0x2D,
0x31, 0x35, 0x36, 0x3D, 0x30, 0x0D, 0x0A, 0x6B, 0x65, 0x79, 0x73, 0x74, 0x61, 0x74, 0x65, 0x73,
0x2D, 0x31, 0x35, 0x37, 0x3D, 0x30, 0x0D, 0x0A, 0x69, 0x6D, 0x70, 0x61, 0x63, 0x74, 0x43, 0x6F,
0x6C, 0x6F, 0x72, 0x53, 0x2D, 0x30, 0x3D, 0x31, 0x2E, 0x30, 0x30, 0x30, 0x30, 0x30, 0x30, 0x0D,
0x0A, 0x6B, 0x65, 0x79, 0x73, 0x74, 0x61, 0x74, 0x65, 0x73, 0x2D, 0x31, 0x35, 0x38, 0x3D, 0x30,
0x0D, 0x0A, 0x69, 0x6D, 0x70, 0x61, 0x63, 0x74, 0x43, 0x6F, 0x6C, 0x6F, 0x72, 0x53, 0x2D, 0x31,
0x3D, 0x30, 0x2E, 0x30, 0x30, 0x30, 0x30, 0x30, 0x30, 0x0D, 0x0A, 0x6B, 0x65, 0x79, 0x73, 0x74,
0x61, 0x74, 0x65, 0x73, 0x2D, 0x31, 0x35, 0x39, 0x3D, 0x30, 0x0D, 0x0A, 0x69, 0x6D, 0x70, 0x61,
0x63, 0x74, 0x43, 0x6F, 0x6C, 0x6F, 0x72, 0x53, 0x2D, 0x32, 0x3D, 0x30, 0x2E, 0x30, 0x30, 0x30,
0x30, 0x30, 0x30, 0x0D, 0x0A, 0x6B, 0x65, 0x79, 0x73, 0x74, 0x61, 0x74, 0x65, 0x73, 0x2D, 0x31,
0x36, 0x30, 0x3D, 0x30, 0x0D, 0x0A, 0x69, 0x6D, 0x70, 0x61, 0x63, 0x74, 0x43, 0x6F, 0x6C, 0x6F,
0x72, 0x53, 0x2D, 0x33, 0x3D, 0x30, 0x2E, 0x34, 0x37, 0x37, 0x39, 0x38, 0x37, 0x0D, 0x0A, 0x6B,
0x65, 0x79, 0x73, 0x74, 0x61, 0x74, 0x65, 0x73, 0x2D, 0x31, 0x36, 0x31, 0x3D, 0x30, 0x0D, 0x0A,
0x69, 0x6D, 0x70, 0x61, 0x63, 0x74, 0x43, 0x6F, 0x6C, 0x6F, 0x72, 0x43, 0x2D, 0x30, 0x3D, 0x30,
0x2E, 0x30, 0x30, 0x30, 0x30, 0x30, 0x30, 0x0D, 0x0A, 0x6B, 0x65, 0x79, 0x73, 0x74, 0x61, 0x74,
0x65, 0x73, 0x2D, 0x31, 0x36, 0x32, 0x3D, 0x30, 0x0D, 0x0A, 0x69, 0x6D, 0x70, 0x61, 0x63, 0x74,
0x43, 0x6F, 0x6C, 0x6F, 0x72, 0x43, 0x2D, 0x31, 0x3D, 0x30, 0x2E, 0x31, 0x31, 0x33, 0x32, 0x30,
0x38, 0x0D, 0x0A, 0x6B, 0x65, 0x79, 0x73, 0x74, 0x61, 0x74, 0x65, 0x73, 0x2D, 0x31, 0x36, 0x33,
0x3D, 0x30, 0x0D, 0x0A, 0x69, 0x6D, 0x70, 0x61, 0x63, 0x74, 0x43, 0x6F, 0x6C, 0x6F, 0x72, 0x43,
0x2D, 0x32, 0x3D, 0x31, 0x2E, 0x30, 0x30, 0x30, 0x30, 0x30, 0x30, 0x0D, 0x0A, 0x6B, 0x65, 0x79,
0x73, 0x74, 0x61, 0x74, 0x65, 0x73, 0x2D, 0x31, 0x36, 0x34, 0x3D, 0x30, 0x0D, 0x0A, 0x69, 0x6D,
0x70, 0x61, 0x63, 0x74, 0x43, 0x6F, 0x6C, 0x6F, 0x72, 0x43, 0x2D, 0x33, 0x3D, 0x30, 0x2E, 0x34,
0x36, 0x35, 0x34, 0x30, 0x39, 0x0D, 0x0A, 0x6B, 0x65, 0x79, 0x73, 0x74, 0x61, 0x74, 0x65, 0x73,
0x2D, 0x31, 0x36, 0x35, 0x3D, 0x30, 0x0D, 0x0A, 0x66, 0x6C, 0x44, 0x72, 0x6F, 0x70, 0x70, 0x65,
0x64, 0x57, 0x65, 0x61, 0x70, 0x6F, 0x6E, 0x45, 0x53, 0x50, 0x2D, 0x30, 0x3D, 0x31, 0x2E, 0x30,
0x30, 0x30, 0x30, 0x30, 0x30, 0x0D, 0x0A, 0x6B, 0x65, 0x79, 0x73, 0x74, 0x61, 0x74, 0x65, 0x73,
0x2D, 0x31, 0x36, 0x36, 0x3D, 0x30, 0x0D, 0x0A, 0x66, 0x6C, 0x44, 0x72, 0x6F, 0x70, 0x70, 0x65,
0x64, 0x57, 0x65, 0x61, 0x70, 0x6F, 0x6E, 0x45, 0x53, 0x50, 0x2D, 0x31, 0x3D, 0x31, 0x2E, 0x30,
0x30, 0x30, 0x30, 0x30, 0x30, 0x0D, 0x0A, 0x6B, 0x65, 0x79, 0x73, 0x74, 0x61, 0x74, 0x65, 0x73,
0x2D, 0x31, 0x36, 0x37, 0x3D, 0x30, 0x0D, 0x0A, 0x66, 0x6C, 0x44, 0x72, 0x6F, 0x70, 0x70, 0x65,
0x64, 0x57, 0x65, 0x61, 0x70, 0x6F, 0x6E, 0x45, 0x53, 0x50, 0x2D, 0x32, 0x3D, 0x31, 0x2E, 0x30,
0x30, 0x30, 0x30, 0x30, 0x30, 0x0D, 0x0A, 0x6B, 0x65, 0x79, 0x73, 0x74, 0x61, 0x74, 0x65, 0x73,
0x2D, 0x31, 0x36, 0x38, 0x3D, 0x30, 0x0D, 0x0A, 0x66, 0x6C, 0x44, 0x72, 0x6F, 0x70, 0x70, 0x65,
0x64, 0x57, 0x65, 0x61, 0x70, 0x6F, 0x6E, 0x45, 0x53, 0x50, 0x2D, 0x33, 0x3D, 0x30, 0x2E, 0x34,
0x38, 0x34, 0x32, 0x37, 0x37, 0x0D, 0x0A, 0x6B, 0x65, 0x79, 0x73, 0x74, 0x61, 0x74, 0x65, 0x73,
0x2D, 0x31, 0x36, 0x39, 0x3D, 0x30, 0x0D, 0x0A, 0x66, 0x6C, 0x50, 0x72, 0x6F, 0x6A, 0x65, 0x63,
0x74, 0x69, 0x6C, 0x65, 0x45, 0x53, 0x50, 0x2D, 0x30, 0x3D, 0x31, 0x2E, 0x30, 0x30, 0x30, 0x30,
0x30, 0x30, 0x0D, 0x0A, 0x6B, 0x65, 0x79, 0x73, 0x74, 0x61, 0x74, 0x65, 0x73, 0x2D, 0x31, 0x37,
0x30, 0x3D, 0x30, 0x0D, 0x0A, 0x66, 0x6C, 0x50, 0x72, 0x6F, 0x6A, 0x65, 0x63, 0x74, 0x69, 0x6C,
0x65, 0x45, 0x53, 0x50, 0x2D, 0x31, 0x3D, 0x31, 0x2E, 0x30, 0x30, 0x30, 0x30, 0x30, 0x30, 0x0D,
0x0A, 0x6B, 0x65, 0x79, 0x73, 0x74, 0x61, 0x74, 0x65, 0x73, 0x2D, 0x31, 0x37, 0x31, 0x3D, 0x30,
0x0D, 0x0A, 0x66, 0x6C, 0x50, 0x72, 0x6F, 0x6A, 0x65, 0x63, 0x74, 0x69, 0x6C, 0x65, 0x45, 0x53,
0x50, 0x2D, 0x32, 0x3D, 0x31, 0x2E, 0x30, 0x30, 0x30, 0x30, 0x30, 0x30, 0x0D, 0x0A, 0x6B, 0x65,
0x79, 0x73, 0x74, 0x61, 0x74, 0x65, 0x73, 0x2D, 0x31, 0x37, 0x32, 0x3D, 0x30, 0x0D, 0x0A, 0x66,
0x6C, 0x50, 0x72, 0x6F, 0x6A, 0x65, 0x63, 0x74, 0x69, 0x6C, 0x65, 0x45, 0x53, 0x50, 0x2D, 0x33,
0x3D, 0x30, 0x2E, 0x34, 0x38, 0x34, 0x32, 0x37, 0x37, 0x0D, 0x0A, 0x6B, 0x65, 0x79, 0x73, 0x74,
0x61, 0x74, 0x65, 0x73, 0x2D, 0x31, 0x37, 0x33, 0x3D, 0x30, 0x0D, 0x0A, 0x6B, 0x65, 0x79, 0x73,
0x74, 0x61, 0x74, 0x65, 0x73, 0x2D, 0x31, 0x37, 0x34, 0x3D, 0x30, 0x0D, 0x0A, 0x6B, 0x65, 0x79,
0x73, 0x74, 0x61, 0x74, 0x65, 0x73, 0x2D, 0x31, 0x37, 0x35, 0x3D, 0x30, 0x0D, 0x0A, 0x6B, 0x65,
0x79, 0x73, 0x74, 0x61, 0x74, 0x65, 0x73, 0x2D, 0x31, 0x37, 0x36, 0x3D, 0x30, 0x0D, 0x0A, 0x6B,
0x65, 0x79, 0x73, 0x74, 0x61, 0x74, 0x65, 0x73, 0x2D, 0x31, 0x37, 0x37, 0x3D, 0x30, 0x0D, 0x0A,
0x6B, 0x65, 0x79, 0x73, 0x74, 0x61, 0x74, 0x65, 0x73, 0x2D, 0x31, 0x37, 0x38, 0x3D, 0x30, 0x0D,
0x0A, 0x6B, 0x65, 0x79, 0x73, 0x74, 0x61, 0x74, 0x65, 0x73, 0x2D, 0x31, 0x37, 0x39, 0x3D, 0x30,
0x0D, 0x0A, 0x6B, 0x65, 0x79, 0x73, 0x74, 0x61, 0x74, 0x65, 0x73, 0x2D, 0x31, 0x38, 0x30, 0x3D,
0x30, 0x0D, 0x0A, 0x6B, 0x65, 0x79, 0x73, 0x74, 0x61, 0x74, 0x65, 0x73, 0x2D, 0x31, 0x38, 0x31,
0x3D, 0x30, 0x0D, 0x0A, 0x6B, 0x65, 0x79, 0x73, 0x74, 0x61, 0x74, 0x65, 0x73, 0x2D, 0x31, 0x38,
0x32, 0x3D, 0x30, 0x0D, 0x0A, 0x6B, 0x65, 0x79, 0x73, 0x74, 0x61, 0x74, 0x65, 0x73, 0x2D, 0x31,
0x38, 0x33, 0x3D, 0x30, 0x0D, 0x0A, 0x6B, 0x65, 0x79, 0x73, 0x74, 0x61, 0x74, 0x65, 0x73, 0x2D,
0x31, 0x38, 0x34, 0x3D, 0x30, 0x0D, 0x0A, 0x6B, 0x65, 0x79, 0x73, 0x74, 0x61, 0x74, 0x65, 0x73,
0x2D, 0x31, 0x38, 0x35, 0x3D, 0x30, 0x0D, 0x0A, 0x66, 0x6C, 0x48, 0x61, 0x74, 0x2D, 0x30, 0x3D,
0x31, 0x2E, 0x30, 0x30, 0x30, 0x30, 0x30, 0x30, 0x0D, 0x0A, 0x6B, 0x65, 0x79, 0x73, 0x74, 0x61,
0x74, 0x65, 0x73, 0x2D, 0x31, 0x38, 0x36, 0x3D, 0x30, 0x0D, 0x0A, 0x66, 0x6C, 0x48, 0x61, 0x74,
0x2D, 0x31, 0x3D, 0x31, 0x2E, 0x30, 0x30, 0x30, 0x30, 0x30, 0x30, 0x0D, 0x0A, 0x6B, 0x65, 0x79,
0x73, 0x74, 0x61, 0x74, 0x65, 0x73, 0x2D, 0x31, 0x38, 0x37, 0x3D, 0x30, 0x0D, 0x0A, 0x66, 0x6C,
0x48, 0x61, 0x74, 0x2D, 0x32, 0x3D, 0x31, 0x2E, 0x30, 0x30, 0x30, 0x30, 0x30, 0x30, 0x0D, 0x0A,
0x6B, 0x65, 0x79, 0x73, 0x74, 0x61, 0x74, 0x65, 0x73, 0x2D, 0x31, 0x38, 0x38, 0x3D, 0x30, 0x0D,
0x0A, 0x66, 0x6C, 0x48, 0x61, 0x74, 0x2D, 0x33, 0x3D, 0x31, 0x2E, 0x30, 0x30, 0x30, 0x30, 0x30,
0x30, 0x0D, 0x0A, 0x6B, 0x65, 0x79, 0x73, 0x74, 0x61, 0x74, 0x65, 0x73, 0x2D, 0x31, 0x38, 0x39,
0x3D, 0x30, 0x0D, 0x0A, 0x6B, 0x65, 0x79, 0x73, 0x74, 0x61, 0x74, 0x65, 0x73, 0x2D, 0x31, 0x39,
0x30, 0x3D, 0x30, 0x0D, 0x0A, 0x6B, 0x65, 0x79, 0x73, 0x74, 0x61, 0x74, 0x65, 0x73, 0x2D, 0x31,
0x39, 0x31, 0x3D, 0x30, 0x0D, 0x0A, 0x6B, 0x65, 0x79, 0x73, 0x74, 0x61, 0x74, 0x65, 0x73, 0x2D,
0x31, 0x39, 0x32, 0x3D, 0x30, 0x0D, 0x0A, 0x6B, 0x65, 0x79, 0x73, 0x74, 0x61, 0x74, 0x65, 0x73,
0x2D, 0x31, 0x39, 0x33, 0x3D, 0x30, 0x0D, 0x0A, 0x6B, 0x65, 0x79, 0x73, 0x74, 0x61, 0x74, 0x65,
0x73, 0x2D, 0x31, 0x39, 0x34, 0x3D, 0x30, 0x0D, 0x0A, 0x6B, 0x65, 0x79, 0x73, 0x74, 0x61, 0x74,
0x65, 0x73, 0x2D, 0x31, 0x39, 0x35, 0x3D, 0x30, 0x0D, 0x0A, 0x6B, 0x65, 0x79, 0x73, 0x74, 0x61,
0x74, 0x65, 0x73, 0x2D, 0x31, 0x39, 0x36, 0x3D, 0x30, 0x0D, 0x0A, 0x6B, 0x65, 0x79, 0x73, 0x74,
0x61, 0x74, 0x65, 0x73, 0x2D, 0x31, 0x39, 0x37, 0x3D, 0x30, 0x0D, 0x0A, 0x66, 0x61, 0x6B, 0x65,
0x70, 0x69, 0x6E, 0x67, 0x46, 0x61, 0x63, 0x74, 0x6F, 0x72, 0x3D, 0x30, 0x2E, 0x30, 0x30, 0x30,
0x30, 0x30, 0x30, 0x0D, 0x0A, 0x6B, 0x65, 0x79, 0x73, 0x74, 0x61, 0x74, 0x65, 0x73, 0x2D, 0x31,
0x39, 0x38, 0x3D, 0x30, 0x0D, 0x0A, 0x68, 0x69, 0x74, 0x73, 0x6F, 0x75, 0x6E, 0x64, 0x76, 0x6F,
0x6C, 0x75, 0x6D, 0x65, 0x3D, 0x31, 0x30, 0x30, 0x2E, 0x30, 0x30, 0x30, 0x30, 0x30, 0x30, 0x0D,
0x0A, 0x6B, 0x65, 0x79, 0x73, 0x74, 0x61, 0x74, 0x65, 0x73, 0x2D, 0x31, 0x39, 0x39, 0x3D, 0x30,
0x0D, 0x0A, 0x6B, 0x65, 0x79, 0x73, 0x74, 0x61, 0x74, 0x65, 0x73, 0x2D, 0x32, 0x30, 0x30, 0x3D,
0x30, 0x0D, 0x0A, 0x6B, 0x65, 0x79, 0x73, 0x74, 0x61, 0x74, 0x65, 0x73, 0x2D, 0x32, 0x30, 0x31,
0x3D, 0x30, 0x0D, 0x0A, 0x6B, 0x65, 0x79, 0x73, 0x74, 0x61, 0x74, 0x65, 0x73, 0x2D, 0x32, 0x30,
0x32, 0x3D, 0x30, 0x0D, 0x0A, 0x6B, 0x65, 0x79, 0x73, 0x74, 0x61, 0x74, 0x65, 0x73, 0x2D, 0x32,
0x30, 0x33, 0x3D, 0x30, 0x0D, 0x0A, 0x6B, 0x65, 0x79, 0x73, 0x74, 0x61, 0x74, 0x65, 0x73, 0x2D,
0x32, 0x30, 0x34, 0x3D, 0x30, 0x0D, 0x0A, 0x6B, 0x65, 0x79, 0x73, 0x74, 0x61, 0x74, 0x65, 0x73,
0x2D, 0x32, 0x30, 0x35, 0x3D, 0x30, 0x0D, 0x0A, 0x6B, 0x65, 0x79, 0x73, 0x74, 0x61, 0x74, 0x65,
0x73, 0x2D, 0x32, 0x30, 0x36, 0x3D, 0x30, 0x0D, 0x0A, 0x6B, 0x65, 0x79, 0x73, 0x74, 0x61, 0x74,
0x65, 0x73, 0x2D, 0x32, 0x30, 0x37, 0x3D, 0x30, 0x0D, 0x0A, 0x6B, 0x65, 0x79, 0x73, 0x74, 0x61,
0x74, 0x65, 0x73, 0x2D, 0x32, 0x30, 0x38, 0x3D, 0x30, 0x0D, 0x0A, 0x6B, 0x65, 0x79, 0x73, 0x74,
0x61, 0x74, 0x65, 0x73, 0x2D, 0x32, 0x30, 0x39, 0x3D, 0x30, 0x0D, 0x0A, 0x6B, 0x65, 0x79, 0x73,
0x74, 0x61, 0x74, 0x65, 0x73, 0x2D, 0x32, 0x31, 0x30, 0x3D, 0x30, 0x0D, 0x0A, 0x6B, 0x65, 0x79,
0x73, 0x74, 0x61, 0x74, 0x65, 0x73, 0x2D, 0x32, 0x31, 0x31, 0x3D, 0x30, 0x0D, 0x0A, 0x6B, 0x65,
0x79, 0x73, 0x74, 0x61, 0x74, 0x65, 0x73, 0x2D, 0x32, 0x31, 0x32, 0x3D, 0x30, 0x0D, 0x0A, 0x6B,
0x65, 0x79, 0x73, 0x74, 0x61, 0x74, 0x65, 0x73, 0x2D, 0x32, 0x31, 0x33, 0x3D, 0x30, 0x0D, 0x0A,
0x6B, 0x65, 0x79, 0x73, 0x74, 0x61, 0x74, 0x65, 0x73, 0x2D, 0x32, 0x31, 0x34, 0x3D, 0x30, 0x0D,
0x0A, 0x6B, 0x65, 0x79, 0x73, 0x74, 0x61, 0x74, 0x65, 0x73, 0x2D, 0x32, 0x31, 0x35, 0x3D, 0x30,
0x0D, 0x0A, 0x6B, 0x65, 0x79, 0x73, 0x74, 0x61, 0x74, 0x65, 0x73, 0x2D, 0x32, 0x31, 0x36, 0x3D,
0x30, 0x0D, 0x0A, 0x6B, 0x65, 0x79, 0x73, 0x74, 0x61, 0x74, 0x65, 0x73, 0x2D, 0x32, 0x31, 0x37,
0x3D, 0x30, 0x0D, 0x0A, 0x6B, 0x65, 0x79, 0x73, 0x74, 0x61, 0x74, 0x65, 0x73, 0x2D, 0x32, 0x31,
0x38, 0x3D, 0x30, 0x0D, 0x0A, 0x6B, 0x65, 0x79, 0x73, 0x74, 0x61, 0x74, 0x65, 0x73, 0x2D, 0x32,
0x31, 0x39, 0x3D, 0x30, 0x0D, 0x0A, 0x6B, 0x65, 0x79, 0x73, 0x74, 0x61, 0x74, 0x65, 0x73, 0x2D,
0x32, 0x32, 0x30, 0x3D, 0x30, 0x0D, 0x0A, 0x6B, 0x65, 0x79, 0x73, 0x74, 0x61, 0x74, 0x65, 0x73,
0x2D, 0x32, 0x32, 0x31, 0x3D, 0x30, 0x0D, 0x0A, 0x6B, 0x65, 0x79, 0x73, 0x74, 0x61, 0x74, 0x65,
0x73, 0x2D, 0x32, 0x32, 0x32, 0x3D, 0x30, 0x0D, 0x0A, 0x6B, 0x65, 0x79, 0x73, 0x74, 0x61, 0x74,
0x65, 0x73, 0x2D, 0x32, 0x32, 0x33, 0x3D, 0x30, 0x0D, 0x0A, 0x6B, 0x65, 0x79, 0x73, 0x74, 0x61,
0x74, 0x65, 0x73, 0x2D, 0x32, 0x32, 0x34, 0x3D, 0x30, 0x0D, 0x0A, 0x6B, 0x65, 0x79, 0x73, 0x74,
0x61, 0x74, 0x65, 0x73, 0x2D, 0x32, 0x32, 0x35, 0x3D, 0x30, 0x0D, 0x0A, 0x6B, 0x65, 0x79, 0x73,
0x74, 0x61, 0x74, 0x65, 0x73, 0x2D, 0x32, 0x32, 0x36, 0x3D, 0x30, 0x0D, 0x0A, 0x6B, 0x65, 0x79,
0x73, 0x74, 0x61, 0x74, 0x65, 0x73, 0x2D, 0x32, 0x32, 0x37, 0x3D, 0x30, 0x0D, 0x0A, 0x6B, 0x65,
0x79, 0x73, 0x74, 0x61, 0x74, 0x65, 0x73, 0x2D, 0x32, 0x32, 0x38, 0x3D, 0x30, 0x0D, 0x0A, 0x6B,
0x65, 0x79, 0x73, 0x74, 0x61, 0x74, 0x65, 0x73, 0x2D, 0x32, 0x32, 0x39, 0x3D, 0x30, 0x0D, 0x0A,
0x6B, 0x65, 0x79, 0x73, 0x74, 0x61, 0x74, 0x65, 0x73, 0x2D, 0x32, 0x33, 0x30, 0x3D, 0x30, 0x0D,
0x0A, 0x6B, 0x65, 0x79, 0x73, 0x74, 0x61, 0x74, 0x65, 0x73, 0x2D, 0x32, 0x33, 0x31, 0x3D, 0x30,
0x0D, 0x0A, 0x6B, 0x65, 0x79, 0x73, 0x74, 0x61, 0x74, 0x65, 0x73, 0x2D, 0x32, 0x33, 0x32, 0x3D,
0x30, 0x0D, 0x0A, 0x6B, 0x65, 0x79, 0x73, 0x74, 0x61, 0x74, 0x65, 0x73, 0x2D, 0x32, 0x33, 0x33,
0x3D, 0x30, 0x0D, 0x0A, 0x6B, 0x65, 0x79, 0x73, 0x74, 0x61, 0x74, 0x65, 0x73, 0x2D, 0x32, 0x33,
0x34, 0x3D, 0x30, 0x0D, 0x0A, 0x6B, 0x65, 0x79, 0x73, 0x74, 0x61, 0x74, 0x65, 0x73, 0x2D, 0x32,
0x33, 0x35, 0x3D, 0x30, 0x0D, 0x0A, 0x6B, 0x65, 0x79, 0x73, 0x74, 0x61, 0x74, 0x65, 0x73, 0x2D,
0x32, 0x33, 0x36, 0x3D, 0x30, 0x0D, 0x0A, 0x6B, 0x65, 0x79, 0x73, 0x74, 0x61, 0x74, 0x65, 0x73,
0x2D, 0x32, 0x33, 0x37, 0x3D, 0x30, 0x0D, 0x0A, 0x6B, 0x65, 0x79, 0x73, 0x74, 0x61, 0x74, 0x65,
0x73, 0x2D, 0x32, 0x33, 0x38, 0x3D, 0x30, 0x0D, 0x0A, 0x6B, 0x65, 0x79, 0x73, 0x74, 0x61, 0x74,
0x65, 0x73, 0x2D, 0x32, 0x33, 0x39, 0x3D, 0x30, 0x0D, 0x0A, 0x6B, 0x65, 0x79, 0x73, 0x74, 0x61,
0x74, 0x65, 0x73, 0x2D, 0x32, 0x34, 0x30, 0x3D, 0x30, 0x0D, 0x0A, 0x6B, 0x65, 0x79, 0x73, 0x74,
0x61, 0x74, 0x65, 0x73, 0x2D, 0x32, 0x34, 0x31, 0x3D, 0x30, 0x0D, 0x0A, 0x6B, 0x65, 0x79, 0x73,
0x74, 0x61, 0x74, 0x65, 0x73, 0x2D, 0x32, 0x34, 0x32, 0x3D, 0x30, 0x0D, 0x0A, 0x6B, 0x65, 0x79,
0x73, 0x74, 0x61, 0x74, 0x65, 0x73, 0x2D, 0x32, 0x34, 0x33, 0x3D, 0x30, 0x0D, 0x0A, 0x6B, 0x65,
0x79, 0x73, 0x74, 0x61, 0x74, 0x65, 0x73, 0x2D, 0x32, 0x34, 0x34, 0x3D, 0x30, 0x0D, 0x0A, 0x6B,
0x65, 0x79, 0x73, 0x74, 0x61, 0x74, 0x65, 0x73, 0x2D, 0x32, 0x34, 0x35, 0x3D, 0x30, 0x0D, 0x0A,
0x6B, 0x65, 0x79, 0x73, 0x74, 0x61, 0x74, 0x65, 0x73, 0x2D, 0x32, 0x34, 0x36, 0x3D, 0x30, 0x0D,
0x0A, 0x6B, 0x65, 0x79, 0x73, 0x74, 0x61, 0x74, 0x65, 0x73, 0x2D, 0x32, 0x34, 0x37, 0x3D, 0x30,
0x0D, 0x0A, 0x6B, 0x65, 0x79, 0x73, 0x74, 0x61, 0x74, 0x65, 0x73, 0x2D, 0x32, 0x34, 0x38, 0x3D,
0x30, 0x0D, 0x0A, 0x6B, 0x65, 0x79, 0x73, 0x74, 0x61, 0x74, 0x65, 0x73, 0x2D, 0x32, 0x34, 0x39,
0x3D, 0x30, 0x0D, 0x0A, 0x6B, 0x65, 0x79, 0x73, 0x74, 0x61, 0x74, 0x65, 0x73, 0x2D, 0x32, 0x35,
0x30, 0x3D, 0x30, 0x0D, 0x0A, 0x6B, 0x65, 0x79, 0x73, 0x74, 0x61, 0x74, 0x65, 0x73, 0x2D, 0x32,
0x35, 0x31, 0x3D, 0x30, 0x0D, 0x0A, 0x6B, 0x65, 0x79, 0x73, 0x74, 0x61, 0x74, 0x65, 0x73, 0x2D,
0x32, 0x35, 0x32, 0x3D, 0x30, 0x0D, 0x0A, 0x6B, 0x65, 0x79, 0x73, 0x74, 0x61, 0x74, 0x65, 0x73,
0x2D, 0x32, 0x35, 0x33, 0x3D, 0x30, 0x0D, 0x0A, 0x6B, 0x65, 0x79, 0x73, 0x74, 0x61, 0x74, 0x65,
0x73, 0x2D, 0x32, 0x35, 0x34, 0x3D, 0x30, 0x0D, 0x0A, 0x6B, 0x65, 0x79, 0x73, 0x74, 0x61, 0x74,
0x65, 0x73, 0x2D, 0x32, 0x35, 0x35, 0x3D, 0x30, 0x0D, 0x0A, 0x5B, 0x72, 0x61, 0x67, 0x65, 0x5D,
0x0D, 0x0A, 0x6F, 0x76, 0x65, 0x72, 0x72, 0x69, 0x64, 0x65, 0x42, 0x69, 0x6E, 0x64, 0x3D, 0x30,
0x0D, 0x0A, 0x66, 0x6F, 0x72, 0x63, 0x65, 0x42, 0x61, 0x69, 0x6D, 0x4B, 0x65, 0x79, 0x3D, 0x30,
0x0D, 0x0A, 0x61, 0x69, 0x6D, 0x62, 0x6F, 0x74, 0x66, 0x6F, 0x76, 0x3D, 0x31, 0x38, 0x30, 0x2E,
0x30, 0x30, 0x30, 0x30, 0x30, 0x30, 0x0D, 0x0A, 0x72, 0x61, 0x67, 0x65, 0x62, 0x6F, 0x74, 0x62,
0x69, 0x6E, 0x64, 0x3D, 0x30, 0x0D, 0x0A, 0x52, 0x61, 0x67, 0x65, 0x65, 0x6E, 0x61, 0x62, 0x6C,
0x65, 0x3D, 0x66, 0x61, 0x6C, 0x73, 0x65, 0x0D, 0x0A, 0x61, 0x75, 0x74, 0x6F, 0x73, 0x74, 0x6F,
0x70, 0x41, 0x67, 0x67, 0x72, 0x65, 0x73, 0x73, 0x69, 0x76, 0x65, 0x6E, 0x65, 0x73, 0x73, 0x31,
0x3D, 0x30, 0x0D, 0x0A, 0x66, 0x6F, 0x72, 0x63, 0x65, 0x42, 0x61, 0x69, 0x6D, 0x3D, 0x66, 0x61,
0x6C, 0x73, 0x65, 0x0D, 0x0A, 0x61, 0x75, 0x74, 0x6F, 0x73, 0x74, 0x6F, 0x70, 0x41, 0x67, 0x67,
0x72, 0x65, 0x73, 0x73, 0x69, 0x76, 0x65, 0x6E, 0x65, 0x73, 0x73, 0x32, 0x3D, 0x30, 0x0D, 0x0A,
0x61, 0x75, 0x74, 0x6F, 0x73, 0x74, 0x6F, 0x70, 0x41, 0x67, 0x67, 0x72, 0x65, 0x73, 0x73, 0x69,
0x76, 0x65, 0x6E, 0x65, 0x73, 0x73, 0x33, 0x3D, 0x30, 0x0D, 0x0A, 0x62, 0x53, 0x69, 0x6C, 0x65,
0x74, 0x41, 0x69, 0x6D, 0x3D, 0x66, 0x61, 0x6C, 0x73, 0x65, 0x0D, 0x0A, 0x61, 0x75, 0x74, 0x6F,
0x73, 0x74, 0x6F, 0x70, 0x41, 0x67, 0x67, 0x72, 0x65, 0x73, 0x73, 0x69, 0x76, 0x65, 0x6E, 0x65,
0x73, 0x73, 0x34, 0x3D, 0x30, 0x0D, 0x0A, 0x62, 0x4F, 0x76, 0x65, 0x72, 0x72, 0x69, 0x64, 0x65,
0x3D, 0x66, 0x61, 0x6C, 0x73, 0x65, 0x0D, 0x0A, 0x61, 0x75, 0x74, 0x6F, 0x73, 0x74, 0x6F, 0x70,
0x41, 0x67, 0x67, 0x72, 0x65, 0x73, 0x73, 0x69, 0x76, 0x65, 0x6E, 0x65, 0x73, 0x73, 0x35, 0x3D,
0x30, 0x0D, 0x0A, 0x61, 0x75, 0x74, 0x6F, 0x73, 0x74, 0x6F, 0x70, 0x31, 0x3D, 0x66, 0x61, 0x6C,
0x73, 0x65, 0x0D, 0x0A, 0x61, 0x75, 0x74, 0x6F, 0x73, 0x74, 0x6F, 0x70, 0x32, 0x3D, 0x66, 0x61,
0x6C, 0x73, 0x65, 0x0D, 0x0A, 0x61, 0x75, 0x74, 0x6F, 0x73, 0x74, 0x6F, 0x70, 0x41, 0x67, 0x67,
0x72, 0x65, 0x73, 0x73, 0x69, 0x76, 0x65, 0x6E, 0x65, 0x73, 0x73, 0x36, 0x3D, 0x30, 0x0D, 0x0A,
0x61, 0x75, 0x74, 0x6F, 0x73, 0x74, 0x6F, 0x70, 0x33, 0x3D, 0x66, 0x61, 0x6C, 0x73, 0x65, 0x0D,
0x0A, 0x52, 0x61, 0x67, 0x65, 0x64, 0x6F, 0x75, 0x62, 0x6C, 0x65, 0x74, 0x61, 0x70, 0x6B, 0x65,
0x79, 0x3D, 0x30, 0x0D, 0x0A, 0x61, 0x75, 0x74, 0x6F, 0x73, 0x74, 0x6F, 0x70, 0x34, 0x3D, 0x66,
0x61, 0x6C, 0x73, 0x65, 0x0D, 0x0A, 0x69, 0x48, 0x69, 0x64, 0x65, 0x73, 0x68, 0x6F, 0x74, 0x3D,
0x30, 0x0D, 0x0A, 0x61, 0x75, 0x74, 0x6F, 0x73, 0x74, 0x6F, 0x70, 0x35, 0x3D, 0x66, 0x61, 0x6C,
0x73, 0x65, 0x0D, 0x0A, 0x61, 0x75, 0x74, 0x6F, 0x73, 0x74, 0x6F, 0x70, 0x36, 0x3D, 0x66, 0x61,
0x6C, 0x73, 0x65, 0x0D, 0x0A, 0x68, 0x69, 0x74, 0x63, 0x68, 0x61, 0x6E, 0x63, 0x65, 0x30, 0x3D,
0x30, 0x0D, 0x0A, 0x63, 0x6F, 0x6E, 0x64, 0x69, 0x74, 0x69, 0x6F, 0x6E, 0x30, 0x30, 0x3D, 0x66,
0x61, 0x6C, 0x73, 0x65, 0x0D, 0x0A, 0x6D, 0x69, 0x6E, 0x64, 0x6D, 0x67, 0x30, 0x3D, 0x30, 0x0D,
0x0A, 0x63, 0x6F, 0x6E, 0x64, 0x69, 0x74, 0x69, 0x6F, 0x6E, 0x30, 0x30, 0x31, 0x3D, 0x66, 0x61,
0x6C, 0x73, 0x65, 0x0D, 0x0A, 0x68, 0x65, 0x61, 0x64, 0x70, 0x6F, 0x69, 0x6E, 0x74, 0x73, 0x30,
0x3D, 0x30, 0x0D, 0x0A, 0x63, 0x6F, 0x6E, 0x64, 0x69, 0x74, 0x69, 0x6F, 0x6E, 0x31, 0x30, 0x3D,
0x66, 0x61, 0x6C, 0x73, 0x65, 0x0D, 0x0A, 0x62, 0x6F, 0x64, 0x79, 0x70, 0x6F, 0x69, 0x6E, 0x74,
0x73, 0x30, 0x3D, 0x30, 0x0D, 0x0A, 0x63, 0x6F, 0x6E, 0x64, 0x69, 0x74, 0x69, 0x6F, 0x6E, 0x31,
0x30, 0x31, 0x3D, 0x66, 0x61, 0x6C, 0x73, 0x65, 0x0D, 0x0A, 0x6F, 0x76, 0x65, 0x72, 0x72, 0x69,
0x64, 0x65, 0x30, 0x3D, 0x30, 0x0D, 0x0A, 0x63, 0x6F, 0x6E, 0x64, 0x69, 0x74, 0x69, 0x6F, 0x6E,
0x32, 0x30, 0x3D, 0x66, 0x61, 0x6C, 0x73, 0x65, 0x0D, 0x0A, 0x68, 0x69, 0x74, 0x63, 0x68, 0x61,
0x6E, 0x63, 0x65, 0x31, 0x3D, 0x30, 0x0D, 0x0A, 0x63, 0x6F, 0x6E, 0x64, 0x69, 0x74, 0x69, 0x6F,
0x6E, 0x32, 0x30, 0x31, 0x3D, 0x66, 0x61, 0x6C, 0x73, 0x65, 0x0D, 0x0A, 0x6D, 0x69, 0x6E, 0x64,
0x6D, 0x67, 0x31, 0x3D, 0x30, 0x0D, 0x0A, 0x63, 0x6F, 0x6E, 0x64, 0x69, 0x74, 0x69, 0x6F, 0x6E,
0x33, 0x30, 0x3D, 0x66, 0x61, 0x6C, 0x73, 0x65, 0x0D, 0x0A, 0x68, 0x65, 0x61, 0x64, 0x70, 0x6F,
0x69, 0x6E, 0x74, 0x73, 0x31, 0x3D, 0x30, 0x0D, 0x0A, 0x63, 0x6F, 0x6E, 0x64, 0x69, 0x74, 0x69,
0x6F, 0x6E, 0x33, 0x30, 0x31, 0x3D, 0x66, 0x61, 0x6C, 0x73, 0x65, 0x0D, 0x0A, 0x62, 0x6F, 0x64,
0x79, 0x70, 0x6F, 0x69, 0x6E, 0x74, 0x73, 0x31, 0x3D, 0x30, 0x0D, 0x0A, 0x63, 0x6F, 0x6E, 0x64,
0x69, 0x74, 0x69, 0x6F, 0x6E, 0x34, 0x30, 0x3D, 0x66, 0x61, 0x6C, 0x73, 0x65, 0x0D, 0x0A, 0x6F,
0x76, 0x65, 0x72, 0x72, 0x69, 0x64, 0x65, 0x31, 0x3D, 0x30, 0x0D, 0x0A, 0x63, 0x6F, 0x6E, 0x64,
0x69, 0x74, 0x69, 0x6F, 0x6E, 0x34, 0x30, 0x31, 0x3D, 0x66, 0x61, 0x6C, 0x73, 0x65, 0x0D, 0x0A,
0x68, 0x69, 0x74, 0x63, 0x68, 0x61, 0x6E, 0x63, 0x65, 0x32, 0x3D, 0x30, 0x0D, 0x0A, 0x63, 0x6F,
0x6E, 0x64, 0x69, 0x74, 0x69, 0x6F, 0x6E, 0x35, 0x30, 0x3D, 0x66, 0x61, 0x6C, 0x73, 0x65, 0x0D,
0x0A, 0x6D, 0x69, 0x6E, 0x64, 0x6D, 0x67, 0x32, 0x3D, 0x30, 0x0D, 0x0A, 0x63, 0x6F, 0x6E, 0x64,
0x69, 0x74, 0x69, 0x6F, 0x6E, 0x35, 0x30, 0x31, 0x3D, 0x66, 0x61, 0x6C, 0x73, 0x65, 0x0D, 0x0A,
0x68, 0x65, 0x61, 0x64, 0x70, 0x6F, 0x69, 0x6E, 0x74, 0x73, 0x32, 0x3D, 0x30, 0x0D, 0x0A, 0x61,
0x75, 0x74, 0x6F, 0x73, 0x63, 0x6F, 0x70, 0x65, 0x31, 0x3D, 0x66, 0x61, 0x6C, 0x73, 0x65, 0x0D,
0x0A, 0x62, 0x6F, 0x64, 0x79, 0x70, 0x6F, 0x69, 0x6E, 0x74, 0x73, 0x32, 0x3D, 0x30, 0x0D, 0x0A,
0x61, 0x75, 0x74, 0x6F, 0x73, 0x63, 0x6F, 0x70, 0x65, 0x32, 0x3D, 0x66, 0x61, 0x6C, 0x73, 0x65,
0x0D, 0x0A, 0x6F, 0x76, 0x65, 0x72, 0x72, 0x69, 0x64, 0x65, 0x32, 0x3D, 0x30, 0x0D, 0x0A, 0x61,
0x75, 0x74, 0x6F, 0x73, 0x63, 0x6F, 0x70, 0x65, 0x33, 0x3D, 0x66, 0x61, 0x6C, 0x73, 0x65, 0x0D,
0x0A, 0x68, 0x69, 0x74, 0x63, 0x68, 0x61, 0x6E, 0x63, 0x65, 0x33, 0x3D, 0x30, 0x0D, 0x0A, 0x66,
0x6F, 0x72, 0x63, 0x65, 0x53, 0x61, 0x66, 0x65, 0x50, 0x6F, 0x69, 0x6E, 0x74, 0x31, 0x3D, 0x66,
0x61, 0x6C, 0x73, 0x65, 0x0D, 0x0A, 0x6D, 0x69, 0x6E, 0x64, 0x6D, 0x67, 0x33, 0x3D, 0x30, 0x0D,
0x0A, 0x66, 0x6F, 0x72, 0x63, 0x65, 0x53, 0x61, 0x66, 0x65, 0x50, 0x6F, 0x69, 0x6E, 0x74, 0x32,
0x3D, 0x66, 0x61, 0x6C, 0x73, 0x65, 0x0D, 0x0A, 0x68, 0x65, 0x61, 0x64, 0x70, 0x6F, 0x69, 0x6E,
0x74, 0x73, 0x33, 0x3D, 0x30, 0x0D, 0x0A, 0x66, 0x6F, 0x72, 0x63, 0x65, 0x53, 0x61, 0x66, 0x65,
0x50, 0x6F, 0x69, 0x6E, 0x74, 0x33, 0x3D, 0x66, 0x61, 0x6C, 0x73, 0x65, 0x0D, 0x0A, 0x62, 0x6F,
0x64, 0x79, 0x70, 0x6F, 0x69, 0x6E, 0x74, 0x73, 0x33, 0x3D, 0x30, 0x0D, 0x0A, 0x66, 0x6F, 0x72,
0x63, 0x65, 0x53, 0x61, 0x66, 0x65, 0x50, 0x6F, 0x69, 0x6E, 0x74, 0x34, 0x3D, 0x66, 0x61, 0x6C,
0x73, 0x65, 0x0D, 0x0A, 0x6F, 0x76, 0x65, 0x72, 0x72, 0x69, 0x64, 0x65, 0x33, 0x3D, 0x30, 0x0D,
0x0A, 0x68, 0x69, 0x74, 0x63, 0x68, 0x61, 0x6E, 0x63, 0x65, 0x34, 0x3D, 0x30, 0x0D, 0x0A, 0x66,
0x6F, 0x72, 0x63, 0x65, 0x53, 0x61, 0x66, 0x65, 0x50, 0x6F, 0x69, 0x6E, 0x74, 0x35, 0x3D, 0x66,
0x61, 0x6C, 0x73, 0x65, 0x0D, 0x0A, 0x6D, 0x69, 0x6E, 0x64, 0x6D, 0x67, 0x34, 0x3D, 0x30, 0x0D,
0x0A, 0x66, 0x6F, 0x72, 0x63, 0x65, 0x53, 0x61, 0x66, 0x65, 0x50, 0x6F, 0x69, 0x6E, 0x74, 0x36,
0x3D, 0x66, 0x61, 0x6C, 0x73, 0x65, 0x0D, 0x0A, 0x68, 0x65, 0x61, 0x64, 0x70, 0x6F, 0x69, 0x6E,
0x74, 0x73, 0x34, 0x3D, 0x30, 0x0D, 0x0A, 0x52, 0x61, 0x67, 0x65, 0x64, 0x6F, 0x75, 0x62, 0x6C,
0x65, 0x74, 0x61, 0x70, 0x3D, 0x66, 0x61, 0x6C, 0x73, 0x65, 0x0D, 0x0A, 0x62, 0x6F, 0x64, 0x79,
0x70, 0x6F, 0x69, 0x6E, 0x74, 0x73, 0x34, 0x3D, 0x30, 0x0D, 0x0A, 0x62, 0x48, 0x69, 0x64, 0x65,
0x73, 0x68, 0x6F, 0x74, 0x3D, 0x66, 0x61, 0x6C, 0x73, 0x65, 0x0D, 0x0A, 0x6F, 0x76, 0x65, 0x72,
0x72, 0x69, 0x64, 0x65, 0x34, 0x3D, 0x30, 0x0D, 0x0A, 0x52, 0x61, 0x67, 0x65, 0x72, 0x65, 0x73,
0x6F, 0x6C, 0x76, 0x65, 0x72, 0x3D, 0x66, 0x61, 0x6C, 0x73, 0x65, 0x0D, 0x0A, 0x68, 0x69, 0x74,
0x63, 0x68, 0x61, 0x6E, 0x63, 0x65, 0x35, 0x3D, 0x30, 0x0D, 0x0A, 0x6D, 0x75, 0x6C, 0x74, 0x69,
0x68, 0x69, 0x74, 0x62, 0x6F, 0x78, 0x30, 0x30, 0x3D, 0x66, 0x61, 0x6C, 0x73, 0x65, 0x0D, 0x0A,
0x6D, 0x69, 0x6E, 0x64, 0x6D, 0x67, 0x35, 0x3D, 0x30, 0x0D, 0x0A, 0x6D, 0x75, 0x6C, 0x74, 0x69,
0x68, 0x69, 0x74, 0x62, 0x6F, 0x78, 0x30, 0x30, 0x31, 0x3D, 0x66, 0x61, 0x6C, 0x73, 0x65, 0x0D,
0x0A, 0x68, 0x65, 0x61, 0x64, 0x70, 0x6F, 0x69, 0x6E, 0x74, 0x73, 0x35, 0x3D, 0x30, 0x0D, 0x0A,
0x6D, 0x75, 0x6C, 0x74, 0x69, 0x68, 0x69, 0x74, 0x62, 0x6F, 0x78, 0x30, 0x30, 0x31, 0x32, 0x3D,
0x66, 0x61, 0x6C, 0x73, 0x65, 0x0D, 0x0A, 0x62, 0x6F, 0x64, 0x79, 0x70, 0x6F, 0x69, 0x6E, 0x74,
0x73, 0x35, 0x3D, 0x30, 0x0D, 0x0A, 0x6D, 0x75, 0x6C, 0x74, 0x69, 0x68, 0x69, 0x74, 0x62, 0x6F,
0x78, 0x30, 0x30, 0x31, 0x32, 0x33, 0x3D, 0x66, 0x61, 0x6C, 0x73, 0x65, 0x0D, 0x0A, 0x6F, 0x76,
0x65, 0x72, 0x72, 0x69, 0x64, 0x65, 0x35, 0x3D, 0x30, 0x0D, 0x0A, 0x6D, 0x75, 0x6C, 0x74, 0x69,
0x68, 0x69, 0x74, 0x62, 0x6F, 0x78, 0x30, 0x30, 0x31, 0x32, 0x33, 0x34, 0x3D, 0x66, 0x61, 0x6C,
0x73, 0x65, 0x0D, 0x0A, 0x6D, 0x75, 0x6C, 0x74, 0x69, 0x68, 0x69, 0x74, 0x62, 0x6F, 0x78, 0x30,
0x30, 0x31, 0x32, 0x33, 0x34, 0x35, 0x3D, 0x66, 0x61, 0x6C, 0x73, 0x65, 0x0D, 0x0A, 0x68, 0x69,
0x74, 0x62, 0x6F, 0x78, 0x30, 0x30, 0x3D, 0x66, 0x61, 0x6C, 0x73, 0x65, 0x0D, 0x0A, 0x68, 0x69,
0x74, 0x62, 0x6F, 0x78, 0x30, 0x30, 0x31, 0x3D, 0x66, 0x61, 0x6C, 0x73, 0x65, 0x0D, 0x0A, 0x68,
0x69, 0x74, 0x62, 0x6F, 0x78, 0x30, 0x30, 0x31, 0x32, 0x3D, 0x66, 0x61, 0x6C, 0x73, 0x65, 0x0D,
0x0A, 0x68, 0x69, 0x74, 0x62, 0x6F, 0x78, 0x30, 0x30, 0x31, 0x32, 0x33, 0x3D, 0x66, 0x61, 0x6C,
0x73, 0x65, 0x0D, 0x0A, 0x68, 0x69, 0x74, 0x62, 0x6F, 0x78, 0x30, 0x30, 0x31, 0x32, 0x33, 0x34,
0x3D, 0x66, 0x61, 0x6C, 0x73, 0x65, 0x0D, 0x0A, 0x68, 0x69, 0x74, 0x62, 0x6F, 0x78, 0x30, 0x30,
0x31, 0x32, 0x33, 0x34, 0x35, 0x3D, 0x66, 0x61, 0x6C, 0x73, 0x65, 0x0D, 0x0A, 0x73, 0x61, 0x66,
0x65, 0x68, 0x69, 0x74, 0x62, 0x6F, 0x78, 0x30, 0x30, 0x3D, 0x66, 0x61, 0x6C, 0x73, 0x65, 0x0D,
0x0A, 0x73, 0x61, 0x66, 0x65, 0x68, 0x69, 0x74, 0x62, 0x6F, 0x78, 0x30, 0x30, 0x31, 0x3D, 0x66,
0x61, 0x6C, 0x73, 0x65, 0x0D, 0x0A, 0x73, 0x61, 0x66, 0x65, 0x68, 0x69, 0x74, 0x62, 0x6F, 0x78,
0x30, 0x30, 0x31, 0x32, 0x3D, 0x66, 0x61, 0x6C, 0x73, 0x65, 0x0D, 0x0A, 0x73, 0x61, 0x66, 0x65,
0x68, 0x69, 0x74, 0x62, 0x6F, 0x78, 0x30, 0x30, 0x31, 0x32, 0x33, 0x3D, 0x66, 0x61, 0x6C, 0x73,
0x65, 0x0D, 0x0A, 0x73, 0x61, 0x66, 0x65, 0x68, 0x69, 0x74, 0x62, 0x6F, 0x78, 0x30, 0x30, 0x31,
0x32, 0x33, 0x34, 0x3D, 0x66, 0x61, 0x6C, 0x73, 0x65, 0x0D, 0x0A, 0x73, 0x61, 0x66, 0x65, 0x68,
0x69, 0x74, 0x62, 0x6F, 0x78, 0x30, 0x30, 0x31, 0x32, 0x33, 0x34, 0x35, 0x3D, 0x66, 0x61, 0x6C,
0x73, 0x65, 0x0D, 0x0A, 0x6D, 0x75, 0x6C, 0x74, 0x69, 0x68, 0x69, 0x74, 0x62, 0x6F, 0x78, 0x31,
0x30, 0x3D, 0x66, 0x61, 0x6C, 0x73, 0x65, 0x0D, 0x0A, 0x6D, 0x75, 0x6C, 0x74, 0x69, 0x68, 0x69,
0x74, 0x62, 0x6F, 0x78, 0x31, 0x30, 0x31, 0x3D, 0x66, 0x61, 0x6C, 0x73, 0x65, 0x0D, 0x0A, 0x6D,
0x75, 0x6C, 0x74, 0x69, 0x68, 0x69, 0x74, 0x62, 0x6F, 0x78, 0x31, 0x30, 0x31, 0x32, 0x3D, 0x66,
0x61, 0x6C, 0x73, 0x65, 0x0D, 0x0A, 0x6D, 0x75, 0x6C, 0x74, 0x69, 0x68, 0x69, 0x74, 0x62, 0x6F,
0x78, 0x31, 0x30, 0x31, 0x32, 0x33, 0x3D, 0x66, 0x61, 0x6C, 0x73, 0x65, 0x0D, 0x0A, 0x6D, 0x75,
0x6C, 0x74, 0x69, 0x68, 0x69, 0x74, 0x62, 0x6F, 0x78, 0x31, 0x30, 0x31, 0x32, 0x33, 0x34, 0x3D,
0x66, 0x61, 0x6C, 0x73, 0x65, 0x0D, 0x0A, 0x6D, 0x75, 0x6C, 0x74, 0x69, 0x68, 0x69, 0x74, 0x62,
0x6F, 0x78, 0x31, 0x30, 0x31, 0x32, 0x33, 0x34, 0x35, 0x3D, 0x66, 0x61, 0x6C, 0x73, 0x65, 0x0D,
0x0A, 0x68, 0x69, 0x74, 0x62, 0x6F, 0x78, 0x31, 0x30, 0x3D, 0x66, 0x61, 0x6C, 0x73, 0x65, 0x0D,
0x0A, 0x68, 0x69, 0x74, 0x62, 0x6F, 0x78, 0x31, 0x30, 0x31, 0x3D, 0x66, 0x61, 0x6C, 0x73, 0x65,
0x0D, 0x0A, 0x68, 0x69, 0x74, 0x62, 0x6F, 0x78, 0x31, 0x30, 0x31, 0x32, 0x3D, 0x66, 0x61, 0x6C,
0x73, 0x65, 0x0D, 0x0A, 0x68, 0x69, 0x74, 0x62, 0x6F, 0x78, 0x31, 0x30, 0x31, 0x32, 0x33, 0x3D,
0x66, 0x61, 0x6C, 0x73, 0x65, 0x0D, 0x0A, 0x68, 0x69, 0x74, 0x62, 0x6F, 0x78, 0x31, 0x30, 0x31,
0x32, 0x33, 0x34, 0x3D, 0x66, 0x61, 0x6C, 0x73, 0x65, 0x0D, 0x0A, 0x68, 0x69, 0x74, 0x62, 0x6F,
0x78, 0x31, 0x30, 0x31, 0x32, 0x33, 0x34, 0x35, 0x3D, 0x66, 0x61, 0x6C, 0x73, 0x65, 0x0D, 0x0A,
0x73, 0x61, 0x66, 0x65, 0x68, 0x69, 0x74, 0x62, 0x6F, 0x78, 0x31, 0x30, 0x3D, 0x66, 0x61, 0x6C,
0x73, 0x65, 0x0D, 0x0A, 0x73, 0x61, 0x66, 0x65, 0x68, 0x69, 0x74, 0x62, 0x6F, 0x78, 0x31, 0x30,
0x31, 0x3D, 0x66, 0x61, 0x6C, 0x73, 0x65, 0x0D, 0x0A, 0x73, 0x61, 0x66, 0x65, 0x68, 0x69, 0x74,
0x62, 0x6F, 0x78, 0x31, 0x30, 0x31, 0x32, 0x3D, 0x66, 0x61, 0x6C, 0x73, 0x65, 0x0D, 0x0A, 0x73,
0x61, 0x66, 0x65, 0x68, 0x69, 0x74, 0x62, 0x6F, 0x78, 0x31, 0x30, 0x31, 0x32, 0x33, 0x3D, 0x66,
0x61, 0x6C, 0x73, 0x65, 0x0D, 0x0A, 0x73, 0x61, 0x66, 0x65, 0x68, 0x69, 0x74, 0x62, 0x6F, 0x78,
0x31, 0x30, 0x31, 0x32, 0x33, 0x34, 0x3D, 0x66, 0x61, 0x6C, 0x73, 0x65, 0x0D, 0x0A, 0x73, 0x61,
0x66, 0x65, 0x68, 0x69, 0x74, 0x62, 0x6F, 0x78, 0x31, 0x30, 0x31, 0x32, 0x33, 0x34, 0x35, 0x3D,
0x66, 0x61, 0x6C, 0x73, 0x65, 0x0D, 0x0A, 0x6D, 0x75, 0x6C, 0x74, 0x69, 0x68, 0x69, 0x74, 0x62,
0x6F, 0x78, 0x32, 0x30, 0x3D, 0x66, 0x61, 0x6C, 0x73, 0x65, 0x0D, 0x0A, 0x6D, 0x75, 0x6C, 0x74,
0x69, 0x68, 0x69, 0x74, 0x62, 0x6F, 0x78, 0x32, 0x30, 0x31, 0x3D, 0x66, 0x61, 0x6C, 0x73, 0x65,
0x0D, 0x0A, 0x6D, 0x75, 0x6C, 0x74, 0x69, 0x68, 0x69, 0x74, 0x62, 0x6F, 0x78, 0x32, 0x30, 0x31,
0x32, 0x3D, 0x66, 0x61, 0x6C, 0x73, 0x65, 0x0D, 0x0A, 0x6D, 0x75, 0x6C, 0x74, 0x69, 0x68, 0x69,
0x74, 0x62, 0x6F, 0x78, 0x32, 0x30, 0x31, 0x32, 0x33, 0x3D, 0x66, 0x61, 0x6C, 0x73, 0x65, 0x0D,
0x0A, 0x6D, 0x75, 0x6C, 0x74, 0x69, 0x68, 0x69, 0x74, 0x62, 0x6F, 0x78, 0x32, 0x30, 0x31, 0x32,
0x33, 0x34, 0x3D, 0x66, 0x61, 0x6C, 0x73, 0x65, 0x0D, 0x0A, 0x6D, 0x75, 0x6C, 0x74, 0x69, 0x68,
0x69, 0x74, 0x62, 0x6F, 0x78, 0x32, 0x30, 0x31, 0x32, 0x33, 0x34, 0x35, 0x3D, 0x66, 0x61, 0x6C,
0x73, 0x65, 0x0D, 0x0A, 0x68, 0x69, 0x74, 0x62, 0x6F, 0x78, 0x32, 0x30, 0x3D, 0x66, 0x61, 0x6C,
0x73, 0x65, 0x0D, 0x0A, 0x68, 0x69, 0x74, 0x62, 0x6F, 0x78, 0x32, 0x30, 0x31, 0x3D, 0x66, 0x61,
0x6C, 0x73, 0x65, 0x0D, 0x0A, 0x68, 0x69, 0x74, 0x62, 0x6F, 0x78, 0x32, 0x30, 0x31, 0x32, 0x3D,
0x66, 0x61, 0x6C, 0x73, 0x65, 0x0D, 0x0A, 0x68, 0x69, 0x74, 0x62, 0x6F, 0x78, 0x32, 0x30, 0x31,
0x32, 0x33, 0x3D, 0x66, 0x61, 0x6C, 0x73, 0x65, 0x0D, 0x0A, 0x68, 0x69, 0x74, 0x62, 0x6F, 0x78,
0x32, 0x30, 0x31, 0x32, 0x33, 0x34, 0x3D, 0x66, 0x61, 0x6C, 0x73, 0x65, 0x0D, 0x0A, 0x68, 0x69,
0x74, 0x62, 0x6F, 0x78, 0x32, 0x30, 0x31, 0x32, 0x33, 0x34, 0x35, 0x3D, 0x66, 0x61, 0x6C, 0x73,
0x65, 0x0D, 0x0A, 0x73, 0x61, 0x66, 0x65, 0x68, 0x69, 0x74, 0x62, 0x6F, 0x78, 0x32, 0x30, 0x3D,
0x66, 0x61, 0x6C, 0x73, 0x65, 0x0D, 0x0A, 0x73, 0x61, 0x66, 0x65, 0x68, 0x69, 0x74, 0x62, 0x6F,
0x78, 0x32, 0x30, 0x31, 0x3D, 0x66, 0x61, 0x6C, 0x73, 0x65, 0x0D, 0x0A, 0x73, 0x61, 0x66, 0x65,
0x68, 0x69, 0x74, 0x62, 0x6F, 0x78, 0x32, 0x30, 0x31, 0x32, 0x3D, 0x66, 0x61, 0x6C, 0x73, 0x65,
0x0D, 0x0A, 0x73, 0x61, 0x66, 0x65, 0x68, 0x69, 0x74, 0x62, 0x6F, 0x78, 0x32, 0x30, 0x31, 0x32,
0x33, 0x3D, 0x66, 0x61, 0x6C, 0x73, 0x65, 0x0D, 0x0A, 0x73, 0x61, 0x66, 0x65, 0x68, 0x69, 0x74,
0x62, 0x6F, 0x78, 0x32, 0x30, 0x31, 0x32, 0x33, 0x34, 0x3D, 0x66, 0x61, 0x6C, 0x73, 0x65, 0x0D,
0x0A, 0x73, 0x61, 0x66, 0x65, 0x68, 0x69, 0x74, 0x62, 0x6F, 0x78, 0x32, 0x30, 0x31, 0x32, 0x33,
0x34, 0x35, 0x3D, 0x66, 0x61, 0x6C, 0x73, 0x65, 0x0D, 0x0A, 0x6D, 0x75, 0x6C, 0x74, 0x69, 0x68,
0x69, 0x74, 0x62, 0x6F, 0x78, 0x33, 0x30, 0x3D, 0x66, 0x61, 0x6C, 0x73, 0x65, 0x0D, 0x0A, 0x6D,
0x75, 0x6C, 0x74, 0x69, 0x68, 0x69, 0x74, 0x62, 0x6F, 0x78, 0x33, 0x30, 0x31, 0x3D, 0x66, 0x61,
0x6C, 0x73, 0x65, 0x0D, 0x0A, 0x6D, 0x75, 0x6C, 0x74, 0x69, 0x68, 0x69, 0x74, 0x62, 0x6F, 0x78,
0x33, 0x30, 0x31, 0x32, 0x3D, 0x66, 0x61, 0x6C, 0x73, 0x65, 0x0D, 0x0A, 0x6D, 0x75, 0x6C, 0x74,
0x69, 0x68, 0x69, 0x74, 0x62, 0x6F, 0x78, 0x33, 0x30, 0x31, 0x32, 0x33, 0x3D, 0x66, 0x61, 0x6C,
0x73, 0x65, 0x0D, 0x0A, 0x6D, 0x75, 0x6C, 0x74, 0x69, 0x68, 0x69, 0x74, 0x62, 0x6F, 0x78, 0x33,
0x30, 0x31, 0x32, 0x33, 0x34, 0x3D, 0x66, 0x61, 0x6C, 0x73, 0x65, 0x0D, 0x0A, 0x6D, 0x75, 0x6C,
0x74, 0x69, 0x68, 0x69, 0x74, 0x62, 0x6F, 0x78, 0x33, 0x30, 0x31, 0x32, 0x33, 0x34, 0x35, 0x3D,
0x66, 0x61, 0x6C, 0x73, 0x65, 0x0D, 0x0A, 0x68, 0x69, 0x74, 0x62, 0x6F, 0x78, 0x33, 0x30, 0x3D,
0x66, 0x61, 0x6C, 0x73, 0x65, 0x0D, 0x0A, 0x68, 0x69, 0x74, 0x62, 0x6F, 0x78, 0x33, 0x30, 0x31,
0x3D, 0x66, 0x61, 0x6C, 0x73, 0x65, 0x0D, 0x0A, 0x68, 0x69, 0x74, 0x62, 0x6F, 0x78, 0x33, 0x30,
0x31, 0x32, 0x3D, 0x66, 0x61, 0x6C, 0x73, 0x65, 0x0D, 0x0A, 0x68, 0x69, 0x74, 0x62, 0x6F, 0x78,
0x33, 0x30, 0x31, 0x32, 0x33, 0x3D, 0x66, 0x61, 0x6C, 0x73, 0x65, 0x0D, 0x0A, 0x68, 0x69, 0x74,
0x62, 0x6F, 0x78, 0x33, 0x30, 0x31, 0x32, 0x33, 0x34, 0x3D, 0x66, 0x61, 0x6C, 0x73, 0x65, 0x0D,
0x0A, 0x68, 0x69, 0x74, 0x62, 0x6F, 0x78, 0x33, 0x30, 0x31, 0x32, 0x33, 0x34, 0x35, 0x3D, 0x66,
0x61, 0x6C, 0x73, 0x65, 0x0D, 0x0A, 0x73, 0x61, 0x66, 0x65, 0x68, 0x69, 0x74, 0x62, 0x6F, 0x78,
0x33, 0x30, 0x3D, 0x66, 0x61, 0x6C, 0x73, 0x65, 0x0D, 0x0A, 0x73, 0x61, 0x66, 0x65, 0x68, 0x69,
0x74, 0x62, 0x6F, 0x78, 0x33, 0x30, 0x31, 0x3D, 0x66, 0x61, 0x6C, 0x73, 0x65, 0x0D, 0x0A, 0x73,
0x61, 0x66, 0x65, 0x68, 0x69, 0x74, 0x62, 0x6F, 0x78, 0x33, 0x30, 0x31, 0x32, 0x3D, 0x66, 0x61,
0x6C, 0x73, 0x65, 0x0D, 0x0A, 0x73, 0x61, 0x66, 0x65, 0x68, 0x69, 0x74, 0x62, 0x6F, 0x78, 0x33,
0x30, 0x31, 0x32, 0x33, 0x3D, 0x66, 0x61, 0x6C, 0x73, 0x65, 0x0D, 0x0A, 0x73, 0x61, 0x66, 0x65,
0x68, 0x69, 0x74, 0x62, 0x6F, 0x78, 0x33, 0x30, 0x31, 0x32, 0x33, 0x34, 0x3D, 0x66, 0x61, 0x6C,
0x73, 0x65, 0x0D, 0x0A, 0x73, 0x61, 0x66, 0x65, 0x68, 0x69, 0x74, 0x62, 0x6F, 0x78, 0x33, 0x30,
0x31, 0x32, 0x33, 0x34, 0x35, 0x3D, 0x66, 0x61, 0x6C, 0x73, 0x65, 0x0D, 0x0A, 0x6D, 0x75, 0x6C,
0x74, 0x69, 0x68, 0x69, 0x74, 0x62, 0x6F, 0x78, 0x34, 0x30, 0x3D, 0x66, 0x61, 0x6C, 0x73, 0x65,
0x0D, 0x0A, 0x6D, 0x75, 0x6C, 0x74, 0x69, 0x68, 0x69, 0x74, 0x62, 0x6F, 0x78, 0x34, 0x30, 0x31,
0x3D, 0x66, 0x61, 0x6C, 0x73, 0x65, 0x0D, 0x0A, 0x6D, 0x75, 0x6C, 0x74, 0x69, 0x68, 0x69, 0x74,
0x62, 0x6F, 0x78, 0x34, 0x30, 0x31, 0x32, 0x3D, 0x66, 0x61, 0x6C, 0x73, 0x65, 0x0D, 0x0A, 0x6D,
0x75, 0x6C, 0x74, 0x69, 0x68, 0x69, 0x74, 0x62, 0x6F, 0x78, 0x34, 0x30, 0x31, 0x32, 0x33, 0x3D,
0x66, 0x61, 0x6C, 0x73, 0x65, 0x0D, 0x0A, 0x6D, 0x75, 0x6C, 0x74, 0x69, 0x68, 0x69, 0x74, 0x62,
0x6F, 0x78, 0x34, 0x30, 0x31, 0x32, 0x33, 0x34, 0x3D, 0x66, 0x61, 0x6C, 0x73, 0x65, 0x0D, 0x0A,
0x6D, 0x75, 0x6C, 0x74, 0x69, 0x68, 0x69, 0x74, 0x62, 0x6F, 0x78, 0x34, 0x30, 0x31, 0x32, 0x33,
0x34, 0x35, 0x3D, 0x66, 0x61, 0x6C, 0x73, 0x65, 0x0D, 0x0A, 0x68, 0x69, 0x74, 0x62, 0x6F, 0x78,
0x34, 0x30, 0x3D, 0x66, 0x61, 0x6C, 0x73, 0x65, 0x0D, 0x0A, 0x68, 0x69, 0x74, 0x62, 0x6F, 0x78,
0x34, 0x30, 0x31, 0x3D, 0x66, 0x61, 0x6C, 0x73, 0x65, 0x0D, 0x0A, 0x68, 0x69, 0x74, 0x62, 0x6F,
0x78, 0x34, 0x30, 0x31, 0x32, 0x3D, 0x66, 0x61, 0x6C, 0x73, 0x65, 0x0D, 0x0A, 0x68, 0x69, 0x74,
0x62, 0x6F, 0x78, 0x34, 0x30, 0x31, 0x32, 0x33, 0x3D, 0x66, 0x61, 0x6C, 0x73, 0x65, 0x0D, 0x0A,
0x68, 0x69, 0x74, 0x62, 0x6F, 0x78, 0x34, 0x30, 0x31, 0x32, 0x33, 0x34, 0x3D, 0x66, 0x61, 0x6C,
0x73, 0x65, 0x0D, 0x0A, 0x68, 0x69, 0x74, 0x62, 0x6F, 0x78, 0x34, 0x30, 0x31, 0x32, 0x33, 0x34,
0x35, 0x3D, 0x66, 0x61, 0x6C, 0x73, 0x65, 0x0D, 0x0A, 0x73, 0x61, 0x66, 0x65, 0x68, 0x69, 0x74,
0x62, 0x6F, 0x78, 0x34, 0x30, 0x3D, 0x66, 0x61, 0x6C, 0x73, 0x65, 0x0D, 0x0A, 0x73, 0x61, 0x66,
0x65, 0x68, 0x69, 0x74, 0x62, 0x6F, 0x78, 0x34, 0x30, 0x31, 0x3D, 0x66, 0x61, 0x6C, 0x73, 0x65,
0x0D, 0x0A, 0x73, 0x61, 0x66, 0x65, 0x68, 0x69, 0x74, 0x62, 0x6F, 0x78, 0x34, 0x30, 0x31, 0x32,
0x3D, 0x66, 0x61, 0x6C, 0x73, 0x65, 0x0D, 0x0A, 0x73, 0x61, 0x66, 0x65, 0x68, 0x69, 0x74, 0x62,
0x6F, 0x78, 0x34, 0x30, 0x31, 0x32, 0x33, 0x3D, 0x66, 0x61, 0x6C, 0x73, 0x65, 0x0D, 0x0A, 0x73,
0x61, 0x66, 0x65, 0x68, 0x69, 0x74, 0x62, 0x6F, 0x78, 0x34, 0x30, 0x31, 0x32, 0x33, 0x34, 0x3D,
0x66, 0x61, 0x6C, 0x73, 0x65, 0x0D, 0x0A, 0x73, 0x61, 0x66, 0x65, 0x68, 0x69, 0x74, 0x62, 0x6F,
0x78, 0x34, 0x30, 0x31, 0x32, 0x33, 0x34, 0x35, 0x3D, 0x66, 0x61, 0x6C, 0x73, 0x65, 0x0D, 0x0A,
0x6D, 0x75, 0x6C, 0x74, 0x69, 0x68, 0x69, 0x74, 0x62, 0x6F, 0x78, 0x35, 0x30, 0x3D, 0x66, 0x61,
0x6C, 0x73, 0x65, 0x0D, 0x0A, 0x6D, 0x75, 0x6C, 0x74, 0x69, 0x68, 0x69, 0x74, 0x62, 0x6F, 0x78,
0x35, 0x30, 0x31, 0x3D, 0x66, 0x61, 0x6C, 0x73, 0x65, 0x0D, 0x0A, 0x6D, 0x75, 0x6C, 0x74, 0x69,
0x68, 0x69, 0x74, 0x62, 0x6F, 0x78, 0x35, 0x30, 0x31, 0x32, 0x3D, 0x66, 0x61, 0x6C, 0x73, 0x65,
0x0D, 0x0A, 0x6D, 0x75, 0x6C, 0x74, 0x69, 0x68, 0x69, 0x74, 0x62, 0x6F, 0x78, 0x35, 0x30, 0x31,
0x32, 0x33, 0x3D, 0x66, 0x61, 0x6C, 0x73, 0x65, 0x0D, 0x0A, 0x6D, 0x75, 0x6C, 0x74, 0x69, 0x68,
0x69, 0x74, 0x62, 0x6F, 0x78, 0x35, 0x30, 0x31, 0x32, 0x33, 0x34, 0x3D, 0x66, 0x61, 0x6C, 0x73,
0x65, 0x0D, 0x0A, 0x6D, 0x75, 0x6C, 0x74, 0x69, 0x68, 0x69, 0x74, 0x62, 0x6F, 0x78, 0x35, 0x30,
0x31, 0x32, 0x33, 0x34, 0x35, 0x3D, 0x66, 0x61, 0x6C, 0x73, 0x65, 0x0D, 0x0A, 0x68, 0x69, 0x74,
0x62, 0x6F, 0x78, 0x35, 0x30, 0x3D, 0x66, 0x61, 0x6C, 0x73, 0x65, 0x0D, 0x0A, 0x68, 0x69, 0x74,
0x62, 0x6F, 0x78, 0x35, 0x30, 0x31, 0x3D, 0x66, 0x61, 0x6C, 0x73, 0x65, 0x0D, 0x0A, 0x68, 0x69,
0x74, 0x62, 0x6F, 0x78, 0x35, 0x30, 0x31, 0x32, 0x3D, 0x66, 0x61, 0x6C, 0x73, 0x65, 0x0D, 0x0A,
0x68, 0x69, 0x74, 0x62, 0x6F, 0x78, 0x35, 0x30, 0x31, 0x32, 0x33, 0x3D, 0x66, 0x61, 0x6C, 0x73,
0x65, 0x0D, 0x0A, 0x68, 0x69, 0x74, 0x62, 0x6F, 0x78, 0x35, 0x30, 0x31, 0x32, 0x33, 0x34, 0x3D,
0x66, 0x61, 0x6C, 0x73, 0x65, 0x0D, 0x0A, 0x68, 0x69, 0x74, 0x62, 0x6F, 0x78, 0x35, 0x30, 0x31,
0x32, 0x33, 0x34, 0x35, 0x3D, 0x66, 0x61, 0x6C, 0x73, 0x65, 0x0D, 0x0A, 0x73, 0x61, 0x66, 0x65,
0x68, 0x69, 0x74, 0x62, 0x6F, 0x78, 0x35, 0x30, 0x3D, 0x66, 0x61, 0x6C, 0x73, 0x65, 0x0D, 0x0A,
0x73, 0x61, 0x66, 0x65, 0x68, 0x69, 0x74, 0x62, 0x6F, 0x78, 0x35, 0x30, 0x31, 0x3D, 0x66, 0x61,
0x6C, 0x73, 0x65, 0x0D, 0x0A, 0x73, 0x61, 0x66, 0x65, 0x68, 0x69, 0x74, 0x62, 0x6F, 0x78, 0x35,
0x30, 0x31, 0x32, 0x3D, 0x66, 0x61, 0x6C, 0x73, 0x65, 0x0D, 0x0A, 0x73, 0x61, 0x66, 0x65, 0x68,
0x69, 0x74, 0x62, 0x6F, 0x78, 0x35, 0x30, 0x31, 0x32, 0x33, 0x3D, 0x66, 0x61, 0x6C, 0x73, 0x65,
0x0D, 0x0A, 0x73, 0x61, 0x66, 0x65, 0x68, 0x69, 0x74, 0x62, 0x6F, 0x78, 0x35, 0x30, 0x31, 0x32,
0x33, 0x34, 0x3D, 0x66, 0x61, 0x6C, 0x73, 0x65, 0x0D, 0x0A, 0x73, 0x61, 0x66, 0x65, 0x68, 0x69,
0x74, 0x62, 0x6F, 0x78, 0x35, 0x30, 0x31, 0x32, 0x33, 0x34, 0x35, 0x3D, 0x66, 0x61, 0x6C, 0x73,
0x65, 0x0D, 0x0A, 0x5B, 0x61, 0x6E, 0x74, 0x69, 0x61, 0x69, 0x6D, 0x5D, 0x0D, 0x0A, 0x62, 0x6F,
0x64, 0x79, 0x4C, 0x65, 0x61, 0x6E, 0x31, 0x2D, 0x30, 0x3D, 0x30, 0x2E, 0x30, 0x30, 0x30, 0x30,
0x30, 0x30, 0x0D, 0x0A, 0x62, 0x6F, 0x64, 0x79, 0x4C, 0x65, 0x61, 0x6E, 0x31, 0x2D, 0x31, 0x3D,
0x30, 0x2E, 0x30, 0x30, 0x30, 0x30, 0x30, 0x30, 0x0D, 0x0A, 0x62, 0x6F, 0x64, 0x79, 0x4C, 0x65,
0x61, 0x6E, 0x31, 0x2D, 0x32, 0x3D, 0x30, 0x2E, 0x30, 0x30, 0x30, 0x30, 0x30, 0x30, 0x0D, 0x0A,
0x62, 0x6F, 0x64, 0x79, 0x4C, 0x65, 0x61, 0x6E, 0x32, 0x2D, 0x30, 0x3D, 0x30, 0x2E, 0x30, 0x30,
0x30, 0x30, 0x30, 0x30, 0x0D, 0x0A, 0x62, 0x6F, 0x64, 0x79, 0x4C, 0x65, 0x61, 0x6E, 0x32, 0x2D,
0x31, 0x3D, 0x30, 0x2E, 0x30, 0x30, 0x30, 0x30, 0x30, 0x30, 0x0D, 0x0A, 0x62, 0x6F, 0x64, 0x79,
0x4C, 0x65, 0x61, 0x6E, 0x32, 0x2D, 0x32, 0x3D, 0x30, 0x2E, 0x30, 0x30, 0x30, 0x30, 0x30, 0x30,
0x0D, 0x0A, 0x69, 0x6E, 0x76, 0x65, 0x72, 0x74, 0x61, 0x6E, 0x67, 0x6C, 0x65, 0x2D, 0x30, 0x3D,
0x30, 0x2E, 0x30, 0x30, 0x30, 0x30, 0x30, 0x30, 0x0D, 0x0A, 0x69, 0x6E, 0x76, 0x65, 0x72, 0x74,
0x61, 0x6E, 0x67, 0x6C, 0x65, 0x2D, 0x31, 0x3D, 0x30, 0x2E, 0x30, 0x30, 0x30, 0x30, 0x30, 0x30,
0x0D, 0x0A, 0x69, 0x6E, 0x76, 0x65, 0x72, 0x74, 0x61, 0x6E, 0x67, 0x6C, 0x65, 0x2D, 0x32, 0x3D,
0x30, 0x2E, 0x30, 0x30, 0x30, 0x30, 0x30, 0x30, 0x0D, 0x0A, 0x66, 0x61, 0x6B, 0x65, 0x77, 0x61,
0x6C, 0x6B, 0x3D, 0x66, 0x61, 0x6C, 0x73, 0x65, 0x0D, 0x0A, 0x66, 0x61, 0x6B, 0x65, 0x77, 0x61,
0x6C, 0x6B, 0x73, 0x70, 0x65, 0x65, 0x64, 0x3D, 0x30, 0x2E, 0x30, 0x30, 0x30, 0x30, 0x30, 0x30,
0x0D, 0x0A, 0x77, 0x61, 0x79, 0x53, 0x74, 0x61, 0x6E, 0x64, 0x2D, 0x30, 0x3D, 0x30, 0x0D, 0x0A,
0x77, 0x61, 0x79, 0x53, 0x74, 0x61, 0x6E, 0x64, 0x2D, 0x31, 0x3D, 0x30, 0x0D, 0x0A, 0x77, 0x61,
0x79, 0x53, 0x74, 0x61, 0x6E, 0x64, 0x2D, 0x32, 0x3D, 0x30, 0x0D, 0x0A, 0x77, 0x61, 0x79, 0x53,
0x74, 0x61, 0x6E, 0x64, 0x2D, 0x33, 0x3D, 0x30, 0x0D, 0x0A, 0x77, 0x61, 0x79, 0x53, 0x74, 0x61,
0x6E, 0x64, 0x2D, 0x34, 0x3D, 0x30, 0x0D, 0x0A, 0x77, 0x61, 0x79, 0x53, 0x74, 0x61, 0x6E, 0x64,
0x2D, 0x35, 0x3D, 0x30, 0x0D, 0x0A, 0x77, 0x61, 0x79, 0x53, 0x74, 0x61, 0x6E, 0x64, 0x2D, 0x36,
0x3D, 0x30, 0x0D, 0x0A, 0x77, 0x61, 0x79, 0x53, 0x74, 0x61, 0x6E, 0x64, 0x2D, 0x37, 0x3D, 0x30,
0x0D, 0x0A, 0x77, 0x61, 0x79, 0x53, 0x74, 0x61, 0x6E, 0x64, 0x2D, 0x38, 0x3D, 0x30, 0x0D, 0x0A,
0x77, 0x61, 0x79, 0x53, 0x74, 0x61, 0x6E, 0x64, 0x2D, 0x39, 0x3D, 0x30, 0x0D, 0x0A, 0x77, 0x61,
0x79, 0x53, 0x74, 0x61, 0x6E, 0x64, 0x2D, 0x31, 0x30, 0x3D, 0x30, 0x0D, 0x0A, 0x77, 0x61, 0x79,
0x53, 0x74, 0x61, 0x6E, 0x64, 0x2D, 0x31, 0x31, 0x3D, 0x30, 0x0D, 0x0A, 0x77, 0x61, 0x79, 0x53,
0x74, 0x61, 0x6E, 0x64, 0x2D, 0x31, 0x32, 0x3D, 0x30, 0x0D, 0x0A, 0x77, 0x61, 0x79, 0x53, 0x74,
0x61, 0x6E, 0x64, 0x2D, 0x31, 0x33, 0x3D, 0x30, 0x0D, 0x0A, 0x77, 0x61, 0x79, 0x53, 0x74, 0x61,
0x6E, 0x64, 0x2D, 0x31, 0x34, 0x3D, 0x30, 0x0D, 0x0A, 0x77, 0x61, 0x79, 0x53, 0x74, 0x61, 0x6E,
0x64, 0x2D, 0x31, 0x35, 0x3D, 0x30, 0x0D, 0x0A, 0x77, 0x61, 0x79, 0x53, 0x74, 0x61, 0x6E, 0x64,
0x2D, 0x31, 0x36, 0x3D, 0x30, 0x0D, 0x0A, 0x77, 0x61, 0x79, 0x53, 0x74, 0x61, 0x6E, 0x64, 0x2D,
0x31, 0x37, 0x3D, 0x30, 0x0D, 0x0A, 0x77, 0x61, 0x79, 0x53, 0x74, 0x61, 0x6E, 0x64, 0x2D, 0x31,
0x38, 0x3D, 0x30, 0x0D, 0x0A, 0x77, 0x61, 0x79, 0x53, 0x74, 0x61, 0x6E, 0x64, 0x2D, 0x31, 0x39,
0x3D, 0x30, 0x0D, 0x0A, 0x77, 0x61, 0x79, 0x53, 0x74, 0x61, 0x6E, 0x64, 0x2D, 0x32, 0x30, 0x3D,
0x30, 0x0D, 0x0A, 0x77, 0x61, 0x79, 0x53, 0x74, 0x61, 0x6E, 0x64, 0x2D, 0x32, 0x31, 0x3D, 0x30,
0x0D, 0x0A, 0x77, 0x61, 0x79, 0x53, 0x74, 0x61, 0x6E, 0x64, 0x2D, 0x32, 0x32, 0x3D, 0x30, 0x0D,
0x0A, 0x77, 0x61, 0x79, 0x53, 0x74, 0x61, 0x6E, 0x64, 0x2D, 0x32, 0x33, 0x3D, 0x30, 0x0D, 0x0A,
0x77, 0x61, 0x79, 0x53, 0x74, 0x61, 0x6E, 0x64, 0x2D, 0x32, 0x34, 0x3D, 0x30, 0x0D, 0x0A, 0x77,
0x61, 0x79, 0x53, 0x74, 0x61, 0x6E, 0x64, 0x2D, 0x32, 0x35, 0x3D, 0x30, 0x0D, 0x0A, 0x77, 0x61,
0x79, 0x53, 0x74, 0x61, 0x6E, 0x64, 0x2D, 0x32, 0x36, 0x3D, 0x30, 0x0D, 0x0A, 0x77, 0x61, 0x79,
0x53, 0x74, 0x61, 0x6E, 0x64, 0x2D, 0x32, 0x37, 0x3D, 0x30, 0x0D, 0x0A, 0x77, 0x61, 0x79, 0x53,
0x74, 0x61, 0x6E, 0x64, 0x2D, 0x32, 0x38, 0x3D, 0x30, 0x0D, 0x0A, 0x77, 0x61, 0x79, 0x53, 0x74,
0x61, 0x6E, 0x64, 0x2D, 0x32, 0x39, 0x3D, 0x30, 0x0D, 0x0A, 0x77, 0x61, 0x79, 0x53, 0x74, 0x61,
0x6E, 0x64, 0x2D, 0x33, 0x30, 0x3D, 0x30, 0x0D, 0x0A, 0x77, 0x61, 0x79, 0x53, 0x74, 0x61, 0x6E,
0x64, 0x2D, 0x33, 0x31, 0x3D, 0x30, 0x0D, 0x0A, 0x77, 0x61, 0x79, 0x53, 0x74, 0x61, 0x6E, 0x64,
0x2D, 0x33, 0x32, 0x3D, 0x30, 0x0D, 0x0A, 0x77, 0x61, 0x79, 0x53, 0x74, 0x61, 0x6E, 0x64, 0x2D,
0x33, 0x33, 0x3D, 0x30, 0x0D, 0x0A, 0x77, 0x61, 0x79, 0x53, 0x74, 0x61, 0x6E, 0x64, 0x2D, 0x33,
0x34, 0x3D, 0x30, 0x0D, 0x0A, 0x77, 0x61, 0x79, 0x53, 0x74, 0x61, 0x6E, 0x64, 0x2D, 0x33, 0x35,
0x3D, 0x30, 0x0D, 0x0A, 0x77, 0x61, 0x79, 0x53, 0x74, 0x61, 0x6E, 0x64, 0x2D, 0x33, 0x36, 0x3D,
0x30, 0x0D, 0x0A, 0x77, 0x61, 0x79, 0x53, 0x74, 0x61, 0x6E, 0x64, 0x2D, 0x33, 0x37, 0x3D, 0x30,
0x0D, 0x0A, 0x77, 0x61, 0x79, 0x53, 0x74, 0x61, 0x6E, 0x64, 0x2D, 0x33, 0x38, 0x3D, 0x30, 0x0D,
0x0A, 0x77, 0x61, 0x79, 0x53, 0x74, 0x61, 0x6E, 0x64, 0x2D, 0x33, 0x39, 0x3D, 0x30, 0x0D, 0x0A,
0x77, 0x61, 0x79, 0x53, 0x74, 0x61, 0x6E, 0x64, 0x2D, 0x34, 0x30, 0x3D, 0x30, 0x0D, 0x0A, 0x77,
0x61, 0x79, 0x53, 0x74, 0x61, 0x6E, 0x64, 0x2D, 0x34, 0x31, 0x3D, 0x30, 0x0D, 0x0A, 0x77, 0x61,
0x79, 0x53, 0x74, 0x61, 0x6E, 0x64, 0x2D, 0x34, 0x32, 0x3D, 0x30, 0x0D, 0x0A, 0x77, 0x61, 0x79,
0x53, 0x74, 0x61, 0x6E, 0x64, 0x2D, 0x34, 0x33, 0x3D, 0x30, 0x0D, 0x0A, 0x77, 0x61, 0x79, 0x53,
0x74, 0x61, 0x6E, 0x64, 0x2D, 0x34, 0x34, 0x3D, 0x30, 0x0D, 0x0A, 0x77, 0x61, 0x79, 0x53, 0x74,
0x61, 0x6E, 0x64, 0x2D, 0x34, 0x35, 0x3D, 0x30, 0x0D, 0x0A, 0x77, 0x61, 0x79, 0x53, 0x74, 0x61,
0x6E, 0x64, 0x2D, 0x34, 0x36, 0x3D, 0x30, 0x0D, 0x0A, 0x77, 0x61, 0x79, 0x53, 0x74, 0x61, 0x6E,
0x64, 0x2D, 0x34, 0x37, 0x3D, 0x30, 0x0D, 0x0A, 0x77, 0x61, 0x79, 0x53, 0x74, 0x61, 0x6E, 0x64,
0x2D, 0x34, 0x38, 0x3D, 0x30, 0x0D, 0x0A, 0x77, 0x61, 0x79, 0x53, 0x74, 0x61, 0x6E, 0x64, 0x2D,
0x34, 0x39, 0x3D, 0x30, 0x0D, 0x0A, 0x77, 0x61, 0x79, 0x53, 0x74, 0x61, 0x6E, 0x64, 0x2D, 0x35,
0x30, 0x3D, 0x30, 0x0D, 0x0A, 0x77, 0x61, 0x79, 0x53, 0x74, 0x61, 0x6E, 0x64, 0x2D, 0x35, 0x31,
0x3D, 0x30, 0x0D, 0x0A, 0x77, 0x61, 0x79, 0x53, 0x74, 0x61, 0x6E, 0x64, 0x2D, 0x35, 0x32, 0x3D,
0x30, 0x0D, 0x0A, 0x77, 0x61, 0x79, 0x53, 0x74, 0x61, 0x6E, 0x64, 0x2D, 0x35, 0x33, 0x3D, 0x30,
0x0D, 0x0A, 0x77, 0x61, 0x79, 0x53, 0x74, 0x61, 0x6E, 0x64, 0x2D, 0x35, 0x34, 0x3D, 0x30, 0x0D,
0x0A, 0x77, 0x61, 0x79, 0x53, 0x74, 0x61, 0x6E, 0x64, 0x2D, 0x35, 0x35, 0x3D, 0x30, 0x0D, 0x0A,
0x77, 0x61, 0x79, 0x53, 0x74, 0x61, 0x6E, 0x64, 0x2D, 0x35, 0x36, 0x3D, 0x30, 0x0D, 0x0A, 0x77,
0x61, 0x79, 0x53, 0x74, 0x61, 0x6E, 0x64, 0x2D, 0x35, 0x37, 0x3D, 0x30, 0x0D, 0x0A, 0x77, 0x61,
0x79, 0x53, 0x74, 0x61, 0x6E, 0x64, 0x2D, 0x35, 0x38, 0x3D, 0x30, 0x0D, 0x0A, 0x77, 0x61, 0x79,
0x53, 0x74, 0x61, 0x6E, 0x64, 0x2D, 0x35, 0x39, 0x3D, 0x30, 0x0D, 0x0A, 0x77, 0x61, 0x79, 0x53,
0x74, 0x61, 0x6E, 0x64, 0x2D, 0x36, 0x30, 0x3D, 0x30, 0x0D, 0x0A, 0x77, 0x61, 0x79, 0x53, 0x74,
0x61, 0x6E, 0x64, 0x2D, 0x36, 0x31, 0x3D, 0x30, 0x0D, 0x0A, 0x77, 0x61, 0x79, 0x53, 0x74, 0x61,
0x6E, 0x64, 0x2D, 0x36, 0x32, 0x3D, 0x30, 0x0D, 0x0A, 0x77, 0x61, 0x79, 0x53, 0x74, 0x61, 0x6E,
0x64, 0x2D, 0x36, 0x33, 0x3D, 0x30, 0x0D, 0x0A, 0x77, 0x61, 0x79, 0x4D, 0x6F, 0x76, 0x65, 0x2D,
0x30, 0x3D, 0x30, 0x0D, 0x0A, 0x77, 0x61, 0x79, 0x4D, 0x6F, 0x76, 0x65, 0x2D, 0x31, 0x3D, 0x30,
0x0D, 0x0A, 0x77, 0x61, 0x79, 0x4D, 0x6F, 0x76, 0x65, 0x2D, 0x32, 0x3D, 0x30, 0x0D, 0x0A, 0x77,
0x61, 0x79, 0x4D, 0x6F, 0x76, 0x65, 0x2D, 0x33, 0x3D, 0x30, 0x0D, 0x0A, 0x77, 0x61, 0x79, 0x4D,
0x6F, 0x76, 0x65, 0x2D, 0x34, 0x3D, 0x30, 0x0D, 0x0A, 0x77, 0x61, 0x79, 0x4D, 0x6F, 0x76, 0x65,
0x2D, 0x35, 0x3D, 0x30, 0x0D, 0x0A, 0x77, 0x61, 0x79, 0x4D, 0x6F, 0x76, 0x65, 0x2D, 0x36, 0x3D,
0x30, 0x0D, 0x0A, 0x77, 0x61, 0x79, 0x4D, 0x6F, 0x76, 0x65, 0x2D, 0x37, 0x3D, 0x30, 0x0D, 0x0A,
0x77, 0x61, 0x79, 0x4D, 0x6F, 0x76, 0x65, 0x2D, 0x38, 0x3D, 0x30, 0x0D, 0x0A, 0x77, 0x61, 0x79,
0x4D, 0x6F, 0x76, 0x65, 0x2D, 0x39, 0x3D, 0x30, 0x0D, 0x0A, 0x77, 0x61, 0x79, 0x4D, 0x6F, 0x76,
0x65, 0x2D, 0x31, 0x30, 0x3D, 0x30, 0x0D, 0x0A, 0x77, 0x61, 0x79, 0x4D, 0x6F, 0x76, 0x65, 0x2D,
0x31, 0x31, 0x3D, 0x30, 0x0D, 0x0A, 0x77, 0x61, 0x79, 0x4D, 0x6F, 0x76, 0x65, 0x2D, 0x31, 0x32,
0x3D, 0x30, 0x0D, 0x0A, 0x77, 0x61, 0x79, 0x4D, 0x6F, 0x76, 0x65, 0x2D, 0x31, 0x33, 0x3D, 0x30,
0x0D, 0x0A, 0x77, 0x61, 0x79, 0x4D, 0x6F, 0x76, 0x65, 0x2D, 0x31, 0x34, 0x3D, 0x30, 0x0D, 0x0A,
0x77, 0x61, 0x79, 0x4D, 0x6F, 0x76, 0x65, 0x2D, 0x31, 0x35, 0x3D, 0x30, 0x0D, 0x0A, 0x77, 0x61,
0x79, 0x4D, 0x6F, 0x76, 0x65, 0x2D, 0x31, 0x36, 0x3D, 0x30, 0x0D, 0x0A, 0x77, 0x61, 0x79, 0x4D,
0x6F, 0x76, 0x65, 0x2D, 0x31, 0x37, 0x3D, 0x30, 0x0D, 0x0A, 0x77, 0x61, 0x79, 0x4D, 0x6F, 0x76,
0x65, 0x2D, 0x31, 0x38, 0x3D, 0x30, 0x0D, 0x0A, 0x77, 0x61, 0x79, 0x4D, 0x6F, 0x76, 0x65, 0x2D,
0x31, 0x39, 0x3D, 0x30, 0x0D, 0x0A, 0x77, 0x61, 0x79, 0x4D, 0x6F, 0x76, 0x65, 0x2D, 0x32, 0x30,
0x3D, 0x30, 0x0D, 0x0A, 0x77, 0x61, 0x79, 0x4D, 0x6F, 0x76, 0x65, 0x2D, 0x32, 0x31, 0x3D, 0x30,
0x0D, 0x0A, 0x77, 0x61, 0x79, 0x4D, 0x6F, 0x76, 0x65, 0x2D, 0x32, 0x32, 0x3D, 0x30, 0x0D, 0x0A,
0x77, 0x61, 0x79, 0x4D, 0x6F, 0x76, 0x65, 0x2D, 0x32, 0x33, 0x3D, 0x30, 0x0D, 0x0A, 0x77, 0x61,
0x79, 0x4D, 0x6F, 0x76, 0x65, 0x2D, 0x32, 0x34, 0x3D, 0x30, 0x0D, 0x0A, 0x77, 0x61, 0x79, 0x4D,
0x6F, 0x76, 0x65, 0x2D, 0x32, 0x35, 0x3D, 0x30, 0x0D, 0x0A, 0x77, 0x61, 0x79, 0x4D, 0x6F, 0x76,
0x65, 0x2D, 0x32, 0x36, 0x3D, 0x30, 0x0D, 0x0A, 0x77, 0x61, 0x79, 0x4D, 0x6F, 0x76, 0x65, 0x2D,
0x32, 0x37, 0x3D, 0x30, 0x0D, 0x0A, 0x77, 0x61, 0x79, 0x4D, 0x6F, 0x76, 0x65, 0x2D, 0x32, 0x38,
0x3D, 0x30, 0x0D, 0x0A, 0x77, 0x61, 0x79, 0x4D, 0x6F, 0x76, 0x65, 0x2D, 0x32, 0x39, 0x3D, 0x30,
0x0D, 0x0A, 0x77, 0x61, 0x79, 0x4D, 0x6F, 0x76, 0x65, 0x2D, 0x33, 0x30, 0x3D, 0x30, 0x0D, 0x0A,
0x77, 0x61, 0x79, 0x4D, 0x6F, 0x76, 0x65, 0x2D, 0x33, 0x31, 0x3D, 0x30, 0x0D, 0x0A, 0x77, 0x61,
0x79, 0x4D, 0x6F, 0x76, 0x65, 0x2D, 0x33, 0x32, 0x3D, 0x30, 0x0D, 0x0A, 0x77, 0x61, 0x79, 0x4D,
0x6F, 0x76, 0x65, 0x2D, 0x33, 0x33, 0x3D, 0x30, 0x0D, 0x0A, 0x77, 0x61, 0x79, 0x4D, 0x6F, 0x76,
0x65, 0x2D, 0x33, 0x34, 0x3D, 0x30, 0x0D, 0x0A, 0x77, 0x61, 0x79, 0x4D, 0x6F, 0x76, 0x65, 0x2D,
0x33, 0x35, 0x3D, 0x30, 0x0D, 0x0A, 0x77, 0x61, 0x79, 0x4D, 0x6F, 0x76, 0x65, 0x2D, 0x33, 0x36,
0x3D, 0x30, 0x0D, 0x0A, 0x77, 0x61, 0x79, 0x4D, 0x6F, 0x76, 0x65, 0x2D, 0x33, 0x37, 0x3D, 0x30,
0x0D, 0x0A, 0x77, 0x61, 0x79, 0x4D, 0x6F, 0x76, 0x65, 0x2D, 0x33, 0x38, 0x3D, 0x30, 0x0D, 0x0A,
0x77, 0x61, 0x79, 0x4D, 0x6F, 0x76, 0x65, 0x2D, 0x33, 0x39, 0x3D, 0x30, 0x0D, 0x0A, 0x41, 0x6E,
0x74, 0x69, 0x61, 0x69, 0x6D, 0x65, 0x6E, 0x61, 0x62, 0x6C, 0x65, 0x64, 0x30, 0x3D, 0x66, 0x61,
0x6C, 0x73, 0x65, 0x0D, 0x0A, 0x77, 0x61, 0x79, 0x4D, 0x6F, 0x76, 0x65, 0x2D, 0x34, 0x30, 0x3D,
0x30, 0x0D, 0x0A, 0x41, 0x6E, 0x74, 0x69, 0x61, 0x69, 0x6D, 0x65, 0x6E, 0x61, 0x62, 0x6C, 0x65,
0x64, 0x30, 0x31, 0x3D, 0x66, 0x61, 0x6C, 0x73, 0x65, 0x0D, 0x0A, 0x77, 0x61, 0x79, 0x4D, 0x6F,
0x76, 0x65, 0x2D, 0x34, 0x31, 0x3D, 0x30, 0x0D, 0x0A, 0x41, 0x6E, 0x74, 0x69, 0x61, 0x69, 0x6D,
0x65, 0x6E, 0x61, 0x62, 0x6C, 0x65, 0x64, 0x30, 0x31, 0x32, 0x3D, 0x66, 0x61, 0x6C, 0x73, 0x65,
0x0D, 0x0A, 0x77, 0x61, 0x79, 0x4D, 0x6F, 0x76, 0x65, 0x2D, 0x34, 0x32, 0x3D, 0x30, 0x0D, 0x0A,
0x73, 0x6C, 0x69, 0x64, 0x65, 0x77, 0x61, 0x6C, 0x6B, 0x3D, 0x66, 0x61, 0x6C, 0x73, 0x65, 0x0D,
0x0A, 0x77, 0x61, 0x79, 0x4D, 0x6F, 0x76, 0x65, 0x2D, 0x34, 0x33, 0x3D, 0x30, 0x0D, 0x0A, 0x62,
0x49, 0x6E, 0x76, 0x65, 0x72, 0x74, 0x4F, 0x6E, 0x53, 0x68, 0x6F, 0x6F, 0x74, 0x30, 0x3D, 0x66,
0x61, 0x6C, 0x73, 0x65, 0x0D, 0x0A, 0x77, 0x61, 0x79, 0x4D, 0x6F, 0x76, 0x65, 0x2D, 0x34, 0x34,
0x3D, 0x30, 0x0D, 0x0A, 0x62, 0x49, 0x6E, 0x76, 0x65, 0x72, 0x74, 0x4F, 0x6E, 0x53, 0x68, 0x6F,
0x6F, 0x74, 0x30, 0x31, 0x3D, 0x66, 0x61, 0x6C, 0x73, 0x65, 0x0D, 0x0A, 0x77, 0x61, 0x79, 0x4D,
0x6F, 0x76, 0x65, 0x2D, 0x34, 0x35, 0x3D, 0x30, 0x0D, 0x0A, 0x62, 0x49, 0x6E, 0x76, 0x65, 0x72,
0x74, 0x4F, 0x6E, 0x53, 0x68, 0x6F, 0x6F, 0x74, 0x30, 0x31, 0x32, 0x3D, 0x66, 0x61, 0x6C, 0x73,
0x65, 0x0D, 0x0A, 0x77, 0x61, 0x79, 0x4D, 0x6F, 0x76, 0x65, 0x2D, 0x34, 0x36, 0x3D, 0x30, 0x0D,
0x0A, 0x62, 0x41, 0x6E, 0x74, 0x69, 0x4A, 0x69, 0x74, 0x74, 0x65, 0x72, 0x30, 0x3D, 0x66, 0x61,
0x6C, 0x73, 0x65, 0x0D, 0x0A, 0x77, 0x61, 0x79, 0x4D, 0x6F, 0x76, 0x65, 0x2D, 0x34, 0x37, 0x3D,
0x30, 0x0D, 0x0A, 0x62, 0x41, 0x6E, 0x74, 0x69, 0x4A, 0x69, 0x74, 0x74, 0x65, 0x72, 0x30, 0x31,
0x3D, 0x66, 0x61, 0x6C, 0x73, 0x65, 0x0D, 0x0A, 0x77, 0x61, 0x79, 0x4D, 0x6F, 0x76, 0x65, 0x2D,
0x34, 0x38, 0x3D, 0x30, 0x0D, 0x0A, 0x62, 0x41, 0x6E, 0x74, 0x69, 0x4A, 0x69, 0x74, 0x74, 0x65,
0x72, 0x30, 0x31, 0x32, 0x3D, 0x66, 0x61, 0x6C, 0x73, 0x65, 0x0D, 0x0A, 0x77, 0x61, 0x79, 0x4D,
0x6F, 0x76, 0x65, 0x2D, 0x34, 0x39, 0x3D, 0x30, 0x0D, 0x0A, 0x62, 0x49, 0x6E, 0x76, 0x65, 0x72,
0x74, 0x65, 0x72, 0x3D, 0x66, 0x61, 0x6C, 0x73, 0x65, 0x0D, 0x0A, 0x77, 0x61, 0x79, 0x4D, 0x6F,
0x76, 0x65, 0x2D, 0x35, 0x30, 0x3D, 0x30, 0x0D, 0x0A, 0x73, 0x77, 0x61, 0x79, 0x6C, 0x62, 0x79,
0x30, 0x3D, 0x66, 0x61, 0x6C, 0x73, 0x65, 0x0D, 0x0A, 0x77, 0x61, 0x79, 0x4D, 0x6F, 0x76, 0x65,
0x2D, 0x35, 0x31, 0x3D, 0x30, 0x0D, 0x0A, 0x73, 0x77, 0x61, 0x79, 0x6C, 0x62, 0x79, 0x30, 0x31,
0x3D, 0x66, 0x61, 0x6C, 0x73, 0x65, 0x0D, 0x0A, 0x77, 0x61, 0x79, 0x4D, 0x6F, 0x76, 0x65, 0x2D,
0x35, 0x32, 0x3D, 0x30, 0x0D, 0x0A, 0x73, 0x77, 0x61, 0x79, 0x6C, 0x62, 0x79, 0x30, 0x31, 0x32,
0x3D, 0x66, 0x61, 0x6C, 0x73, 0x65, 0x0D, 0x0A, 0x77, 0x61, 0x79, 0x4D, 0x6F, 0x76, 0x65, 0x2D,
0x35, 0x33, 0x3D, 0x30, 0x0D, 0x0A, 0x66, 0x61, 0x6B, 0x65, 0x6C, 0x61, 0x67, 0x73, 0x77, 0x69,
0x74, 0x63, 0x68, 0x3D, 0x66, 0x61, 0x6C, 0x73, 0x65, 0x0D, 0x0A, 0x77, 0x61, 0x79, 0x4D, 0x6F,
0x76, 0x65, 0x2D, 0x35, 0x34, 0x3D, 0x30, 0x0D, 0x0A, 0x64, 0x65, 0x66, 0x65, 0x6E, 0x73, 0x69,
0x76, 0x65, 0x3D, 0x66, 0x61, 0x6C, 0x73, 0x65, 0x0D, 0x0A, 0x77, 0x61, 0x79, 0x4D, 0x6F, 0x76,
0x65, 0x2D, 0x35, 0x35, 0x3D, 0x30, 0x0D, 0x0A, 0x66, 0x61, 0x6B, 0x65, 0x64, 0x75, 0x63, 0x6B,
0x3D, 0x66, 0x61, 0x6C, 0x73, 0x65, 0x0D, 0x0A, 0x77, 0x61, 0x79, 0x4D, 0x6F, 0x76, 0x65, 0x2D,
0x35, 0x36, 0x3D, 0x30, 0x0D, 0x0A, 0x69, 0x64, 0x65, 0x61, 0x6C, 0x54, 0x69, 0x63, 0x6B, 0x3D,
0x66, 0x61, 0x6C, 0x73, 0x65, 0x0D, 0x0A, 0x77, 0x61, 0x79, 0x4D, 0x6F, 0x76, 0x65, 0x2D, 0x35,
0x37, 0x3D, 0x30, 0x0D, 0x0A, 0x77, 0x61, 0x79, 0x4D, 0x6F, 0x76, 0x65, 0x2D, 0x35, 0x38, 0x3D,
0x30, 0x0D, 0x0A, 0x77, 0x61, 0x79, 0x4D, 0x6F, 0x76, 0x65, 0x2D, 0x35, 0x39, 0x3D, 0x30, 0x0D,
0x0A, 0x77, 0x61, 0x79, 0x4D, 0x6F, 0x76, 0x65, 0x2D, 0x36, 0x30, 0x3D, 0x30, 0x0D, 0x0A, 0x77,
0x61, 0x79, 0x4D, 0x6F, 0x76, 0x65, 0x2D, 0x36, 0x31, 0x3D, 0x30, 0x0D, 0x0A, 0x77, 0x61, 0x79,
0x4D, 0x6F, 0x76, 0x65, 0x2D, 0x36, 0x32, 0x3D, 0x30, 0x0D, 0x0A, 0x77, 0x61, 0x79, 0x4D, 0x6F,
0x76, 0x65, 0x2D, 0x36, 0x33, 0x3D, 0x30, 0x0D, 0x0A, 0x77, 0x61, 0x79, 0x4A, 0x75, 0x6D, 0x70,
0x2D, 0x30, 0x3D, 0x30, 0x0D, 0x0A, 0x77, 0x61, 0x79, 0x4A, 0x75, 0x6D, 0x70, 0x2D, 0x31, 0x3D,
0x30, 0x0D, 0x0A, 0x77, 0x61, 0x79, 0x4A, 0x75, 0x6D, 0x70, 0x2D, 0x32, 0x3D, 0x30, 0x0D, 0x0A,
0x77, 0x61, 0x79, 0x4A, 0x75, 0x6D, 0x70, 0x2D, 0x33, 0x3D, 0x30, 0x0D, 0x0A, 0x77, 0x61, 0x79,
0x4A, 0x75, 0x6D, 0x70, 0x2D, 0x34, 0x3D, 0x30, 0x0D, 0x0A, 0x77, 0x61, 0x79, 0x4A, 0x75, 0x6D,
0x70, 0x2D, 0x35, 0x3D, 0x30, 0x0D, 0x0A, 0x77, 0x61, 0x79, 0x4A, 0x75, 0x6D, 0x70, 0x2D, 0x36,
0x3D, 0x30, 0x0D, 0x0A, 0x77, 0x61, 0x79, 0x4A, 0x75, 0x6D, 0x70, 0x2D, 0x37, 0x3D, 0x30, 0x0D,
0x0A, 0x77, 0x61, 0x79, 0x4A, 0x75, 0x6D, 0x70, 0x2D, 0x38, 0x3D, 0x30, 0x0D, 0x0A, 0x77, 0x61,
0x79, 0x4A, 0x75, 0x6D, 0x70, 0x2D, 0x39, 0x3D, 0x30, 0x0D, 0x0A, 0x77, 0x61, 0x79, 0x4A, 0x75,
0x6D, 0x70, 0x2D, 0x31, 0x30, 0x3D, 0x30, 0x0D, 0x0A, 0x77, 0x61, 0x79, 0x4A, 0x75, 0x6D, 0x70,
0x2D, 0x31, 0x31, 0x3D, 0x30, 0x0D, 0x0A, 0x77, 0x61, 0x79, 0x4A, 0x75, 0x6D, 0x70, 0x2D, 0x31,
0x32, 0x3D, 0x30, 0x0D, 0x0A, 0x77, 0x61, 0x79, 0x4A, 0x75, 0x6D, 0x70, 0x2D, 0x31, 0x33, 0x3D,
0x30, 0x0D, 0x0A, 0x77, 0x61, 0x79, 0x4A, 0x75, 0x6D, 0x70, 0x2D, 0x31, 0x34, 0x3D, 0x30, 0x0D,
0x0A, 0x77, 0x61, 0x79, 0x4A, 0x75, 0x6D, 0x70, 0x2D, 0x31, 0x35, 0x3D, 0x30, 0x0D, 0x0A, 0x77,
0x61, 0x79, 0x4A, 0x75, 0x6D, 0x70, 0x2D, 0x31, 0x36, 0x3D, 0x30, 0x0D, 0x0A, 0x77, 0x61, 0x79,
0x4A, 0x75, 0x6D, 0x70, 0x2D, 0x31, 0x37, 0x3D, 0x30, 0x0D, 0x0A, 0x77, 0x61, 0x79, 0x4A, 0x75,
0x6D, 0x70, 0x2D, 0x31, 0x38, 0x3D, 0x30, 0x0D, 0x0A, 0x77, 0x61, 0x79, 0x4A, 0x75, 0x6D, 0x70,
0x2D, 0x31, 0x39, 0x3D, 0x30, 0x0D, 0x0A, 0x77, 0x61, 0x79, 0x4A, 0x75, 0x6D, 0x70, 0x2D, 0x32,
0x30, 0x3D, 0x30, 0x0D, 0x0A, 0x77, 0x61, 0x79, 0x4A, 0x75, 0x6D, 0x70, 0x2D, 0x32, 0x31, 0x3D,
0x30, 0x0D, 0x0A, 0x77, 0x61, 0x79, 0x4A, 0x75, 0x6D, 0x70, 0x2D, 0x32, 0x32, 0x3D, 0x30, 0x0D,
0x0A, 0x77, 0x61, 0x79, 0x4A, 0x75, 0x6D, 0x70, 0x2D, 0x32, 0x33, 0x3D, 0x30, 0x0D, 0x0A, 0x77,
0x61, 0x79, 0x4A, 0x75, 0x6D, 0x70, 0x2D, 0x32, 0x34, 0x3D, 0x30, 0x0D, 0x0A, 0x77, 0x61, 0x79,
0x4A, 0x75, 0x6D, 0x70, 0x2D, 0x32, 0x35, 0x3D, 0x30, 0x0D, 0x0A, 0x77, 0x61, 0x79, 0x4A, 0x75,
0x6D, 0x70, 0x2D, 0x32, 0x36, 0x3D, 0x30, 0x0D, 0x0A, 0x77, 0x61, 0x79, 0x4A, 0x75, 0x6D, 0x70,
0x2D, 0x32, 0x37, 0x3D, 0x30, 0x0D, 0x0A, 0x77, 0x61, 0x79, 0x4A, 0x75, 0x6D, 0x70, 0x2D, 0x32,
0x38, 0x3D, 0x30, 0x0D, 0x0A, 0x77, 0x61, 0x79, 0x4A, 0x75, 0x6D, 0x70, 0x2D, 0x32, 0x39, 0x3D,
0x30, 0x0D, 0x0A, 0x77, 0x61, 0x79, 0x4A, 0x75, 0x6D, 0x70, 0x2D, 0x33, 0x30, 0x3D, 0x30, 0x0D,
0x0A, 0x77, 0x61, 0x79, 0x4A, 0x75, 0x6D, 0x70, 0x2D, 0x33, 0x31, 0x3D, 0x30, 0x0D, 0x0A, 0x77,
0x61, 0x79, 0x4A, 0x75, 0x6D, 0x70, 0x2D, 0x33, 0x32, 0x3D, 0x30, 0x0D, 0x0A, 0x77, 0x61, 0x79,
0x4A, 0x75, 0x6D, 0x70, 0x2D, 0x33, 0x33, 0x3D, 0x30, 0x0D, 0x0A, 0x77, 0x61, 0x79, 0x4A, 0x75,
0x6D, 0x70, 0x2D, 0x33, 0x34, 0x3D, 0x30, 0x0D, 0x0A, 0x77, 0x61, 0x79, 0x4A, 0x75, 0x6D, 0x70,
0x2D, 0x33, 0x35, 0x3D, 0x30, 0x0D, 0x0A, 0x77, 0x61, 0x79, 0x4A, 0x75, 0x6D, 0x70, 0x2D, 0x33,
0x36, 0x3D, 0x30, 0x0D, 0x0A, 0x77, 0x61, 0x79, 0x4A, 0x75, 0x6D, 0x70, 0x2D, 0x33, 0x37, 0x3D,
0x30, 0x0D, 0x0A, 0x77, 0x61, 0x79, 0x4A, 0x75, 0x6D, 0x70, 0x2D, 0x33, 0x38, 0x3D, 0x30, 0x0D,
0x0A, 0x77, 0x61, 0x79, 0x4A, 0x75, 0x6D, 0x70, 0x2D, 0x33, 0x39, 0x3D, 0x30, 0x0D, 0x0A, 0x77,
0x61, 0x79, 0x4A, 0x75, 0x6D, 0x70, 0x2D, 0x34, 0x30, 0x3D, 0x30, 0x0D, 0x0A, 0x77, 0x61, 0x79,
0x4A, 0x75, 0x6D, 0x70, 0x2D, 0x34, 0x31, 0x3D, 0x30, 0x0D, 0x0A, 0x77, 0x61, 0x79, 0x4A, 0x75,
0x6D, 0x70, 0x2D, 0x34, 0x32, 0x3D, 0x30, 0x0D, 0x0A, 0x77, 0x61, 0x79, 0x4A, 0x75, 0x6D, 0x70,
0x2D, 0x34, 0x33, 0x3D, 0x30, 0x0D, 0x0A, 0x77, 0x61, 0x79, 0x4A, 0x75, 0x6D, 0x70, 0x2D, 0x34,
0x34, 0x3D, 0x30, 0x0D, 0x0A, 0x77, 0x61, 0x79, 0x4A, 0x75, 0x6D, 0x70, 0x2D, 0x34, 0x35, 0x3D,
0x30, 0x0D, 0x0A, 0x77, 0x61, 0x79, 0x4A, 0x75, 0x6D, 0x70, 0x2D, 0x34, 0x36, 0x3D, 0x30, 0x0D,
0x0A, 0x77, 0x61, 0x79, 0x4A, 0x75, 0x6D, 0x70, 0x2D, 0x34, 0x37, 0x3D, 0x30, 0x0D, 0x0A, 0x77,
0x61, 0x79, 0x4A, 0x75, 0x6D, 0x70, 0x2D, 0x34, 0x38, 0x3D, 0x30, 0x0D, 0x0A, 0x77, 0x61, 0x79,
0x4A, 0x75, 0x6D, 0x70, 0x2D, 0x34, 0x39, 0x3D, 0x30, 0x0D, 0x0A, 0x77, 0x61, 0x79, 0x4A, 0x75,
0x6D, 0x70, 0x2D, 0x35, 0x30, 0x3D, 0x30, 0x0D, 0x0A, 0x77, 0x61, 0x79, 0x4A, 0x75, 0x6D, 0x70,
0x2D, 0x35, 0x31, 0x3D, 0x30, 0x0D, 0x0A, 0x77, 0x61, 0x79, 0x4A, 0x75, 0x6D, 0x70, 0x2D, 0x35,
0x32, 0x3D, 0x30, 0x0D, 0x0A, 0x77, 0x61, 0x79, 0x4A, 0x75, 0x6D, 0x70, 0x2D, 0x35, 0x33, 0x3D,
0x30, 0x0D, 0x0A, 0x77, 0x61, 0x79, 0x4A, 0x75, 0x6D, 0x70, 0x2D, 0x35, 0x34, 0x3D, 0x30, 0x0D,
0x0A, 0x77, 0x61, 0x79, 0x4A, 0x75, 0x6D, 0x70, 0x2D, 0x35, 0x35, 0x3D, 0x30, 0x0D, 0x0A, 0x77,
0x61, 0x79, 0x4A, 0x75, 0x6D, 0x70, 0x2D, 0x35, 0x36, 0x3D, 0x30, 0x0D, 0x0A, 0x77, 0x61, 0x79,
0x4A, 0x75, 0x6D, 0x70, 0x2D, 0x35, 0x37, 0x3D, 0x30, 0x0D, 0x0A, 0x77, 0x61, 0x79, 0x4A, 0x75,
0x6D, 0x70, 0x2D, 0x35, 0x38, 0x3D, 0x30, 0x0D, 0x0A, 0x77, 0x61, 0x79, 0x4A, 0x75, 0x6D, 0x70,
0x2D, 0x35, 0x39, 0x3D, 0x30, 0x0D, 0x0A, 0x77, 0x61, 0x79, 0x4A, 0x75, 0x6D, 0x70, 0x2D, 0x36,
0x30, 0x3D, 0x30, 0x0D, 0x0A, 0x77, 0x61, 0x79, 0x4A, 0x75, 0x6D, 0x70, 0x2D, 0x36, 0x31, 0x3D,
0x30, 0x0D, 0x0A, 0x77, 0x61, 0x79, 0x4A, 0x75, 0x6D, 0x70, 0x2D, 0x36, 0x32, 0x3D, 0x30, 0x0D,
0x0A, 0x77, 0x61, 0x79, 0x4A, 0x75, 0x6D, 0x70, 0x2D, 0x36, 0x33, 0x3D, 0x30, 0x0D, 0x0A, 0x77,
0x61, 0x79, 0x4E, 0x75, 0x6D, 0x62, 0x65, 0x72, 0x53, 0x61, 0x76, 0x65, 0x73, 0x2D, 0x30, 0x3D,
0x30, 0x0D, 0x0A, 0x77, 0x61, 0x79, 0x4E, 0x75, 0x6D, 0x62, 0x65, 0x72, 0x53, 0x61, 0x76, 0x65,
0x73, 0x2D, 0x31, 0x3D, 0x30, 0x0D, 0x0A, 0x77, 0x61, 0x79, 0x4E, 0x75, 0x6D, 0x62, 0x65, 0x72,
0x53, 0x61, 0x76, 0x65, 0x73, 0x2D, 0x32, 0x3D, 0x30, 0x0D, 0x0A, 0x70, 0x69, 0x74, 0x63, 0x68,
0x2D, 0x30, 0x3D, 0x30, 0x0D, 0x0A, 0x70, 0x69, 0x74, 0x63, 0x68, 0x2D, 0x31, 0x3D, 0x30, 0x0D,
0x0A, 0x70, 0x69, 0x74, 0x63, 0x68, 0x2D, 0x32, 0x3D, 0x30, 0x0D, 0x0A, 0x79, 0x61, 0x77, 0x2D,
0x30, 0x3D, 0x30, 0x0D, 0x0A, 0x79, 0x61, 0x77, 0x2D, 0x31, 0x3D, 0x30, 0x0D, 0x0A, 0x79, 0x61,
0x77, 0x2D, 0x32, 0x3D, 0x30, 0x0D, 0x0A, 0x79, 0x61, 0x77, 0x62, 0x61, 0x73, 0x65, 0x2D, 0x30,
0x3D, 0x30, 0x0D, 0x0A, 0x79, 0x61, 0x77, 0x62, 0x61, 0x73, 0x65, 0x2D, 0x31, 0x3D, 0x30, 0x0D,
0x0A, 0x79, 0x61, 0x77, 0x62, 0x61, 0x73, 0x65, 0x2D, 0x32, 0x3D, 0x30, 0x0D, 0x0A, 0x6D, 0x6F,
0x64, 0x69, 0x66, 0x69, 0x65, 0x72, 0x2D, 0x30, 0x3D, 0x30, 0x0D, 0x0A, 0x6D, 0x6F, 0x64, 0x69,
0x66, 0x69, 0x65, 0x72, 0x2D, 0x31, 0x3D, 0x30, 0x0D, 0x0A, 0x6D, 0x6F, 0x64, 0x69, 0x66, 0x69,
0x65, 0x72, 0x2D, 0x32, 0x3D, 0x30, 0x0D, 0x0A, 0x6A, 0x69, 0x74, 0x74, 0x65, 0x72, 0x76, 0x61,
0x6C, 0x75, 0x65, 0x2D, 0x30, 0x3D, 0x30, 0x0D, 0x0A, 0x6A, 0x69, 0x74, 0x74, 0x65, 0x72, 0x76,
0x61, 0x6C, 0x75, 0x65, 0x2D, 0x31, 0x3D, 0x30, 0x0D, 0x0A, 0x6A, 0x69, 0x74, 0x74, 0x65, 0x72,
0x76, 0x61, 0x6C, 0x75, 0x65, 0x2D, 0x32, 0x3D, 0x30, 0x0D, 0x0A, 0x64, 0x65, 0x73, 0x79, 0x6E,
0x63, 0x74, 0x79, 0x70, 0x65, 0x2D, 0x30, 0x3D, 0x30, 0x0D, 0x0A, 0x64, 0x65, 0x73, 0x79, 0x6E,
0x63, 0x74, 0x79, 0x70, 0x65, 0x2D, 0x31, 0x3D, 0x30, 0x0D, 0x0A, 0x64, 0x65, 0x73, 0x79, 0x6E,
0x63, 0x74, 0x79, 0x70, 0x65, 0x2D, 0x32, 0x3D, 0x30, 0x0D, 0x0A, 0x64, 0x65, 0x73, 0x79, 0x6E,
0x63, 0x69, 0x6E, 0x76, 0x65, 0x72, 0x74, 0x65, 0x72, 0x3D, 0x30, 0x0D, 0x0A, 0x66, 0x6C, 0x69,
0x63, 0x6B, 0x4F, 0x66, 0x66, 0x73, 0x65, 0x74, 0x2D, 0x30, 0x3D, 0x30, 0x0D, 0x0A, 0x66, 0x6C,
0x69, 0x63, 0x6B, 0x4F, 0x66, 0x66, 0x73, 0x65, 0x74, 0x2D, 0x31, 0x3D, 0x30, 0x0D, 0x0A, 0x66,
0x6C, 0x69, 0x63, 0x6B, 0x4F, 0x66, 0x66, 0x73, 0x65, 0x74, 0x2D, 0x32, 0x3D, 0x30, 0x0D, 0x0A,
0x66, 0x6C, 0x69, 0x63, 0x6B, 0x41, 0x6E, 0x67, 0x6C, 0x65, 0x53, 0x77, 0x69, 0x74, 0x63, 0x68,
0x2D, 0x30, 0x3D, 0x30, 0x0D, 0x0A, 0x66, 0x6C, 0x69, 0x63, 0x6B, 0x41, 0x6E, 0x67, 0x6C, 0x65,
0x53, 0x77, 0x69, 0x74, 0x63, 0x68, 0x2D, 0x31, 0x3D, 0x30, 0x0D, 0x0A, 0x66, 0x6C, 0x69, 0x63,
0x6B, 0x41, 0x6E, 0x67, 0x6C, 0x65, 0x53, 0x77, 0x69, 0x74, 0x63, 0x68, 0x2D, 0x32, 0x3D, 0x30,
0x0D, 0x0A, 0x66, 0x61, 0x6B, 0x65, 0x6C, 0x61, 0x67, 0x3D, 0x30, 0x0D, 0x0A, 0x66, 0x61, 0x6B,
0x65, 0x6C, 0x61, 0x67, 0x6D, 0x69, 0x6E, 0x3D, 0x30, 0x0D, 0x0A, 0x66, 0x61, 0x6B, 0x65, 0x6C,
0x61, 0x67, 0x6D, 0x61, 0x78, 0x3D, 0x30, 0x0D, 0x0A, 0x66, 0x61, 0x6B, 0x65, 0x6C, 0x61, 0x67,
0x54, 0x79, 0x70, 0x65, 0x3D, 0x30, 0x0D, 0x0A, 0x66, 0x61, 0x6B, 0x65, 0x64, 0x75, 0x63, 0x6B,
0x62, 0x69, 0x6E, 0x64, 0x3D, 0x30, 0x0D, 0x0A, 0x69, 0x64, 0x65, 0x61, 0x6C, 0x54, 0x69, 0x63,
0x6B, 0x42, 0x69, 0x6E, 0x64, 0x3D, 0x30, 0x0D, 0x0A, 0x66, 0x61, 0x6B, 0x65, 0x77, 0x61, 0x6C,
0x6B, 0x62, 0x69, 0x6E, 0x64, 0x3D, 0x30, 0x0D, 0x0A, 0x66, 0x72, 0x65, 0x65, 0x73, 0x74, 0x61,
0x6E, 0x64, 0x2D, 0x30, 0x3D, 0x30, 0x0D, 0x0A, 0x66, 0x72, 0x65, 0x65, 0x73, 0x74, 0x61, 0x6E,
0x64, 0x2D, 0x31, 0x3D, 0x30, 0x0D, 0x0A, 0x66, 0x72, 0x65, 0x65, 0x73, 0x74, 0x61, 0x6E, 0x64,
0x2D, 0x32, 0x3D, 0x30, 0x0D, 0x0A, 0x5B, 0x73, 0x6B, 0x69, 0x6E, 0x73, 0x5D, 0x0D, 0x0A, 0x73,
0x7A, 0x53, 0x6B, 0x69, 0x6E, 0x4E, 0x61, 0x6D, 0x65, 0x74, 0x61, 0x67, 0x30, 0x3D, 0x0D, 0x0A,
0x73, 0x7A, 0x53, 0x6B, 0x69, 0x6E, 0x4E, 0x61, 0x6D, 0x65, 0x74, 0x61, 0x67, 0x31, 0x3D, 0x0D,
0x0A, 0x73, 0x7A, 0x53, 0x6B, 0x69, 0x6E, 0x4E, 0x61, 0x6D, 0x65, 0x74, 0x61, 0x67, 0x32, 0x3D,
0x0D, 0x0A, 0x73, 0x7A, 0x53, 0x6B, 0x69, 0x6E, 0x4E, 0x61, 0x6D, 0x65, 0x74, 0x61, 0x67, 0x33,
0x3D, 0x0D, 0x0A, 0x73, 0x7A, 0x53, 0x6B, 0x69, 0x6E, 0x4E, 0x61, 0x6D, 0x65, 0x74, 0x61, 0x67,
0x34, 0x3D, 0x0D, 0x0A, 0x73, 0x7A, 0x53, 0x6B, 0x69, 0x6E, 0x4E, 0x61, 0x6D, 0x65, 0x74, 0x61,
0x67, 0x35, 0x3D, 0x0D, 0x0A, 0x73, 0x7A, 0x53, 0x6B, 0x69, 0x6E, 0x4E, 0x61, 0x6D, 0x65, 0x74,
0x61, 0x67, 0x36, 0x3D, 0x0D, 0x0A, 0x73, 0x7A, 0x53, 0x6B, 0x69, 0x6E, 0x4E, 0x61, 0x6D, 0x65,
0x74, 0x61, 0x67, 0x37, 0x3D, 0x0D, 0x0A, 0x73, 0x7A, 0x53, 0x6B, 0x69, 0x6E, 0x4E, 0x61, 0x6D,
0x65, 0x74, 0x61, 0x67, 0x38, 0x3D, 0x0D, 0x0A, 0x73, 0x7A, 0x53, 0x6B, 0x69, 0x6E, 0x4E, 0x61,
0x6D, 0x65, 0x74, 0x61, 0x67, 0x39, 0x3D, 0x0D, 0x0A, 0x73, 0x7A, 0x53, 0x6B, 0x69, 0x6E, 0x4E,
0x61, 0x6D, 0x65, 0x74, 0x61, 0x67, 0x31, 0x30, 0x3D, 0x0D, 0x0A, 0x73, 0x7A, 0x53, 0x6B, 0x69,
0x6E, 0x4E, 0x61, 0x6D, 0x65, 0x74, 0x61, 0x67, 0x31, 0x31, 0x3D, 0x0D, 0x0A, 0x73, 0x7A, 0x53,
0x6B, 0x69, 0x6E, 0x4E, 0x61, 0x6D, 0x65, 0x74, 0x61, 0x67, 0x31, 0x32, 0x3D, 0x0D, 0x0A, 0x73,
0x7A, 0x53, 0x6B, 0x69, 0x6E, 0x4E, 0x61, 0x6D, 0x65, 0x74, 0x61, 0x67, 0x31, 0x33, 0x3D, 0x0D,
0x0A, 0x73, 0x7A, 0x53, 0x6B, 0x69, 0x6E, 0x4E, 0x61, 0x6D, 0x65, 0x74, 0x61, 0x67, 0x31, 0x34,
0x3D, 0x0D, 0x0A, 0x73, 0x7A, 0x53, 0x6B, 0x69, 0x6E, 0x4E, 0x61, 0x6D, 0x65, 0x74, 0x61, 0x67,
0x31, 0x35, 0x3D, 0x0D, 0x0A, 0x73, 0x7A, 0x53, 0x6B, 0x69, 0x6E, 0x4E, 0x61, 0x6D, 0x65, 0x74,
0x61, 0x67, 0x31, 0x36, 0x3D, 0x0D, 0x0A, 0x73, 0x7A, 0x53, 0x6B, 0x69, 0x6E, 0x4E, 0x61, 0x6D,
0x65, 0x74, 0x61, 0x67, 0x31, 0x37, 0x3D, 0x0D, 0x0A, 0x73, 0x7A, 0x53, 0x6B, 0x69, 0x6E, 0x4E,
0x61, 0x6D, 0x65, 0x74, 0x61, 0x67, 0x31, 0x38, 0x3D, 0x0D, 0x0A, 0x73, 0x7A, 0x53, 0x6B, 0x69,
0x6E, 0x4E, 0x61, 0x6D, 0x65, 0x74, 0x61, 0x67, 0x31, 0x39, 0x3D, 0x0D, 0x0A, 0x73, 0x7A, 0x53,
0x6B, 0x69, 0x6E, 0x4E, 0x61, 0x6D, 0x65, 0x74, 0x61, 0x67, 0x32, 0x30, 0x3D, 0x0D, 0x0A, 0x73,
0x7A, 0x53, 0x6B, 0x69, 0x6E, 0x4E, 0x61, 0x6D, 0x65, 0x74, 0x61, 0x67, 0x32, 0x31, 0x3D, 0x0D,
0x0A, 0x73, 0x7A, 0x53, 0x6B, 0x69, 0x6E, 0x4E, 0x61, 0x6D, 0x65, 0x74, 0x61, 0x67, 0x32, 0x32,
0x3D, 0x0D, 0x0A, 0x73, 0x7A, 0x53, 0x6B, 0x69, 0x6E, 0x4E, 0x61, 0x6D, 0x65, 0x74, 0x61, 0x67,
0x32, 0x33, 0x3D, 0x0D, 0x0A, 0x73, 0x7A, 0x53, 0x6B, 0x69, 0x6E, 0x4E, 0x61, 0x6D, 0x65, 0x74,
0x61, 0x67, 0x32, 0x34, 0x3D, 0x0D, 0x0A, 0x73, 0x7A, 0x53, 0x6B, 0x69, 0x6E, 0x4E, 0x61, 0x6D,
0x65, 0x74, 0x61, 0x67, 0x32, 0x35, 0x3D, 0x0D, 0x0A, 0x73, 0x7A, 0x53, 0x6B, 0x69, 0x6E, 0x4E,
0x61, 0x6D, 0x65, 0x74, 0x61, 0x67, 0x32, 0x36, 0x3D, 0x0D, 0x0A, 0x73, 0x7A, 0x53, 0x6B, 0x69,
0x6E, 0x4E, 0x61, 0x6D, 0x65, 0x74, 0x61, 0x67, 0x32, 0x37, 0x3D, 0x0D, 0x0A, 0x73, 0x7A, 0x53,
0x6B, 0x69, 0x6E, 0x4E, 0x61, 0x6D, 0x65, 0x74, 0x61, 0x67, 0x32, 0x38, 0x3D, 0x0D, 0x0A, 0x73,
0x7A, 0x53, 0x6B, 0x69, 0x6E, 0x4E, 0x61, 0x6D, 0x65, 0x74, 0x61, 0x67, 0x32, 0x39, 0x3D, 0x0D,
0x0A, 0x73, 0x7A, 0x53, 0x6B, 0x69, 0x6E, 0x4E, 0x61, 0x6D, 0x65, 0x74, 0x61, 0x67, 0x33, 0x30,
0x3D, 0x0D, 0x0A, 0x73, 0x7A, 0x53, 0x6B, 0x69, 0x6E, 0x4E, 0x61, 0x6D, 0x65, 0x74, 0x61, 0x67,
0x33, 0x31, 0x3D, 0x0D, 0x0A, 0x73, 0x7A, 0x53, 0x6B, 0x69, 0x6E, 0x4E, 0x61, 0x6D, 0x65, 0x74,
0x61, 0x67, 0x33, 0x32, 0x3D, 0x0D, 0x0A, 0x73, 0x7A, 0x53, 0x6B, 0x69, 0x6E, 0x4E, 0x61, 0x6D,
0x65, 0x74, 0x61, 0x67, 0x33, 0x33, 0x3D, 0x0D, 0x0A, 0x73, 0x7A, 0x53, 0x6B, 0x69, 0x6E, 0x4E,
0x61, 0x6D, 0x65, 0x74, 0x61, 0x67, 0x33, 0x34, 0x3D, 0x0D, 0x0A, 0x73, 0x7A, 0x53, 0x6B, 0x69,
0x6E, 0x4E, 0x61, 0x6D, 0x65, 0x74, 0x61, 0x67, 0x33, 0x35, 0x3D, 0x0D, 0x0A, 0x73, 0x7A, 0x53,
0x6B, 0x69, 0x6E, 0x4E, 0x61, 0x6D, 0x65, 0x74, 0x61, 0x67, 0x33, 0x36, 0x3D, 0x0D, 0x0A, 0x62,
0x45, 0x6E, 0x61, 0x62, 0x6C, 0x65, 0x53, 0x6B, 0x69, 0x6E, 0x43, 0x68, 0x61, 0x6E, 0x67, 0x65,
0x72, 0x3D, 0x66, 0x61, 0x6C, 0x73, 0x65, 0x0D, 0x0A, 0x62, 0x46, 0x69, 0x6C, 0x74, 0x65, 0x72,
0x42, 0x79, 0x57, 0x65, 0x61, 0x70, 0x6F, 0x6E, 0x3D, 0x66, 0x61, 0x6C, 0x73, 0x65, 0x0D, 0x0A,
0x62, 0x4D, 0x6F, 0x64, 0x69, 0x66, 0x79, 0x53, 0x6B, 0x69, 0x6E, 0x43, 0x6F, 0x6C, 0x6F, 0x72,
0x73, 0x30, 0x3D, 0x66, 0x61, 0x6C, 0x73, 0x65, 0x0D, 0x0A, 0x62, 0x4D, 0x6F, 0x64, 0x69, 0x66,
0x79, 0x53, 0x6B, 0x69, 0x6E, 0x43, 0x6F, 0x6C, 0x6F, 0x72, 0x73, 0x30, 0x31, 0x3D, 0x66, 0x61,
0x6C, 0x73, 0x65, 0x0D, 0x0A, 0x62, 0x4D, 0x6F, 0x64, 0x69, 0x66, 0x79, 0x53, 0x6B, 0x69, 0x6E,
0x43, 0x6F, 0x6C, 0x6F, 0x72, 0x73, 0x30, 0x31, 0x32, 0x3D, 0x66, 0x61, 0x6C, 0x73, 0x65, 0x0D,
0x0A, 0x62, 0x4D, 0x6F, 0x64, 0x69, 0x66, 0x79, 0x53, 0x6B, 0x69, 0x6E, 0x43, 0x6F, 0x6C, 0x6F,
0x72, 0x73, 0x30, 0x31, 0x32, 0x33, 0x3D, 0x66, 0x61, 0x6C, 0x73, 0x65, 0x0D, 0x0A, 0x62, 0x4D,
0x6F, 0x64, 0x69, 0x66, 0x79, 0x53, 0x6B, 0x69, 0x6E, 0x43, 0x6F, 0x6C, 0x6F, 0x72, 0x73, 0x30,
0x31, 0x32, 0x33, 0x34, 0x3D, 0x66, 0x61, 0x6C, 0x73, 0x65, 0x0D, 0x0A, 0x62, 0x4D, 0x6F, 0x64,
0x69, 0x66, 0x79, 0x53, 0x6B, 0x69, 0x6E, 0x43, 0x6F, 0x6C, 0x6F, 0x72, 0x73, 0x30, 0x31, 0x32,
0x33, 0x34, 0x35, 0x3D, 0x66, 0x61, 0x6C, 0x73, 0x65, 0x0D, 0x0A, 0x62, 0x4D, 0x6F, 0x64, 0x69,
0x66, 0x79, 0x53, 0x6B, 0x69, 0x6E, 0x43, 0x6F, 0x6C, 0x6F, 0x72, 0x73, 0x30, 0x31, 0x32, 0x33,
0x34, 0x35, 0x36, 0x3D, 0x66, 0x61, 0x6C, 0x73, 0x65, 0x0D, 0x0A, 0x62, 0x4D, 0x6F, 0x64, 0x69,
0x66, 0x79, 0x53, 0x6B, 0x69, 0x6E, 0x43, 0x6F, 0x6C, 0x6F, 0x72, 0x73, 0x30, 0x31, 0x32, 0x33,
0x34, 0x35, 0x36, 0x37, 0x3D, 0x66, 0x61, 0x6C, 0x73, 0x65, 0x0D, 0x0A, 0x62, 0x4D, 0x6F, 0x64,
0x69, 0x66, 0x79, 0x53, 0x6B, 0x69, 0x6E, 0x43, 0x6F, 0x6C, 0x6F, 0x72, 0x73, 0x30, 0x31, 0x32,
0x33, 0x34, 0x35, 0x36, 0x37, 0x38, 0x3D, 0x66, 0x61, 0x6C, 0x73, 0x65, 0x0D, 0x0A, 0x62, 0x4D,
0x6F, 0x64, 0x69, 0x66, 0x79, 0x53, 0x6B, 0x69, 0x6E, 0x43, 0x6F, 0x6C, 0x6F, 0x72, 0x73, 0x30,
0x31, 0x32, 0x33, 0x34, 0x35, 0x36, 0x37, 0x38, 0x39, 0x3D, 0x66, 0x61, 0x6C, 0x73, 0x65, 0x0D,
0x0A, 0x62, 0x4D, 0x6F, 0x64, 0x69, 0x66, 0x79, 0x53, 0x6B, 0x69, 0x6E, 0x43, 0x6F, 0x6C, 0x6F,
0x72, 0x73, 0x30, 0x31, 0x32, 0x33, 0x34, 0x35, 0x36, 0x37, 0x38, 0x39, 0x31, 0x30, 0x3D, 0x66,
0x61, 0x6C, 0x73, 0x65, 0x0D, 0x0A, 0x62, 0x4D, 0x6F, 0x64, 0x69, 0x66, 0x79, 0x53, 0x6B, 0x69,
0x6E, 0x43, 0x6F, 0x6C, 0x6F, 0x72, 0x73, 0x30, 0x31, 0x32, 0x33, 0x34, 0x35, 0x36, 0x37, 0x38,
0x39, 0x31, 0x30, 0x31, 0x31, 0x3D, 0x66, 0x61, 0x6C, 0x73, 0x65, 0x0D, 0x0A, 0x62, 0x4D, 0x6F,
0x64, 0x69, 0x66, 0x79, 0x53, 0x6B, 0x69, 0x6E, 0x43, 0x6F, 0x6C, 0x6F, 0x72, 0x73, 0x30, 0x31,
0x32, 0x33, 0x34, 0x35, 0x36, 0x37, 0x38, 0x39, 0x31, 0x30, 0x31, 0x31, 0x31, 0x32, 0x3D, 0x66,
0x61, 0x6C, 0x73, 0x65, 0x0D, 0x0A, 0x62, 0x4D, 0x6F, 0x64, 0x69, 0x66, 0x79, 0x53, 0x6B, 0x69,
0x6E, 0x43, 0x6F, 0x6C, 0x6F, 0x72, 0x73, 0x30, 0x31, 0x32, 0x33, 0x34, 0x35, 0x36, 0x37, 0x38,
0x39, 0x31, 0x30, 0x31, 0x31, 0x31, 0x32, 0x31, 0x33, 0x3D, 0x66, 0x61, 0x6C, 0x73, 0x65, 0x0D,
0x0A, 0x62, 0x4D, 0x6F, 0x64, 0x69, 0x66, 0x79, 0x53, 0x6B, 0x69, 0x6E, 0x43, 0x6F, 0x6C, 0x6F,
0x72, 0x73, 0x30, 0x31, 0x32, 0x33, 0x34, 0x35, 0x36, 0x37, 0x38, 0x39, 0x31, 0x30, 0x31, 0x31,
0x31, 0x32, 0x31, 0x33, 0x31, 0x34, 0x3D, 0x66, 0x61, 0x6C, 0x73, 0x65, 0x0D, 0x0A, 0x62, 0x4D,
0x6F, 0x64, 0x69, 0x66, 0x79, 0x53, 0x6B, 0x69, 0x6E, 0x43, 0x6F, 0x6C, 0x6F, 0x72, 0x73, 0x30,
0x31, 0x32, 0x33, 0x34, 0x35, 0x36, 0x37, 0x38, 0x39, 0x31, 0x30, 0x31, 0x31, 0x31, 0x32, 0x31,
0x33, 0x31, 0x34, 0x31, 0x35, 0x3D, 0x66, 0x61, 0x6C, 0x73, 0x65, 0x0D, 0x0A, 0x62, 0x4D, 0x6F,
0x64, 0x69, 0x66, 0x79, 0x53, 0x6B, 0x69, 0x6E, 0x43, 0x6F, 0x6C, 0x6F, 0x72, 0x73, 0x30, 0x31,
0x32, 0x33, 0x34, 0x35, 0x36, 0x37, 0x38, 0x39, 0x31, 0x30, 0x31, 0x31, 0x31, 0x32, 0x31, 0x33,
0x31, 0x34, 0x31, 0x35, 0x31, 0x36, 0x3D, 0x66, 0x61, 0x6C, 0x73, 0x65, 0x0D, 0x0A, 0x62, 0x4D,
0x6F, 0x64, 0x69, 0x66, 0x79, 0x53, 0x6B, 0x69, 0x6E, 0x43, 0x6F, 0x6C, 0x6F, 0x72, 0x73, 0x30,
0x31, 0x32, 0x33, 0x34, 0x35, 0x36, 0x37, 0x38, 0x39, 0x31, 0x30, 0x31, 0x31, 0x31, 0x32, 0x31,
0x33, 0x31, 0x34, 0x31, 0x35, 0x31, 0x36, 0x31, 0x37, 0x3D, 0x66, 0x61, 0x6C, 0x73, 0x65, 0x0D,
0x0A, 0x62, 0x4D, 0x6F, 0x64, 0x69, 0x66, 0x79, 0x53, 0x6B, 0x69, 0x6E, 0x43, 0x6F, 0x6C, 0x6F,
0x72, 0x73, 0x30, 0x31, 0x32, 0x33, 0x34, 0x35, 0x36, 0x37, 0x38, 0x39, 0x31, 0x30, 0x31, 0x31,
0x31, 0x32, 0x31, 0x33, 0x31, 0x34, 0x31, 0x35, 0x31, 0x36, 0x31, 0x37, 0x31, 0x38, 0x3D, 0x66,
0x61, 0x6C, 0x73, 0x65, 0x0D, 0x0A, 0x62, 0x4D, 0x6F, 0x64, 0x69, 0x66, 0x79, 0x53, 0x6B, 0x69,
0x6E, 0x43, 0x6F, 0x6C, 0x6F, 0x72, 0x73, 0x30, 0x31, 0x32, 0x33, 0x34, 0x35, 0x36, 0x37, 0x38,
0x39, 0x31, 0x30, 0x31, 0x31, 0x31, 0x32, 0x31, 0x33, 0x31, 0x34, 0x31, 0x35, 0x31, 0x36, 0x31,
0x37, 0x31, 0x38, 0x31, 0x39, 0x3D, 0x66, 0x61, 0x6C, 0x73, 0x65, 0x0D, 0x0A, 0x62, 0x4D, 0x6F,
0x64, 0x69, 0x66, 0x79, 0x53, 0x6B, 0x69, 0x6E, 0x43, 0x6F, 0x6C, 0x6F, 0x72, 0x73, 0x30, 0x31,
0x32, 0x33, 0x34, 0x35, 0x36, 0x37, 0x38, 0x39, 0x31, 0x30, 0x31, 0x31, 0x31, 0x32, 0x31, 0x33,
0x31, 0x34, 0x31, 0x35, 0x31, 0x36, 0x31, 0x37, 0x31, 0x38, 0x31, 0x39, 0x32, 0x30, 0x3D, 0x66,
0x61, 0x6C, 0x73, 0x65, 0x0D, 0x0A, 0x62, 0x4D, 0x6F, 0x64, 0x69, 0x66, 0x79, 0x53, 0x6B, 0x69,
0x6E, 0x43, 0x6F, 0x6C, 0x6F, 0x72, 0x73, 0x30, 0x31, 0x32, 0x33, 0x34, 0x35, 0x36, 0x37, 0x38,
0x39, 0x31, 0x30, 0x31, 0x31, 0x31, 0x32, 0x31, 0x33, 0x31, 0x34, 0x31, 0x35, 0x31, 0x36, 0x31,
0x37, 0x31, 0x38, 0x31, 0x39, 0x32, 0x30, 0x32, 0x31, 0x3D, 0x66, 0x61, 0x6C, 0x73, 0x65, 0x0D,
0x0A, 0x62, 0x4D, 0x6F, 0x64, 0x69, 0x66, 0x79, 0x53, 0x6B, 0x69, 0x6E, 0x43, 0x6F, 0x6C, 0x6F,
0x72, 0x73, 0x30, 0x31, 0x32, 0x33, 0x34, 0x35, 0x36, 0x37, 0x38, 0x39, 0x31, 0x30, 0x31, 0x31,
0x31, 0x32, 0x31, 0x33, 0x31, 0x34, 0x31, 0x35, 0x31, 0x36, 0x31, 0x37, 0x31, 0x38, 0x31, 0x39,
0x32, 0x30, 0x32, 0x31, 0x32, 0x32, 0x3D, 0x66, 0x61, 0x6C, 0x73, 0x65, 0x0D, 0x0A, 0x62, 0x4D,
0x6F, 0x64, 0x69, 0x66, 0x79, 0x53, 0x6B, 0x69, 0x6E, 0x43, 0x6F, 0x6C, 0x6F, 0x72, 0x73, 0x30,
0x31, 0x32, 0x33, 0x34, 0x35, 0x36, 0x37, 0x38, 0x39, 0x31, 0x30, 0x31, 0x31, 0x31, 0x32, 0x31,
0x33, 0x31, 0x34, 0x31, 0x35, 0x31, 0x36, 0x31, 0x37, 0x31, 0x38, 0x31, 0x39, 0x32, 0x30, 0x32,
0x31, 0x32, 0x32, 0x32, 0x33, 0x3D, 0x66, 0x61, 0x6C, 0x73, 0x65, 0x0D, 0x0A, 0x62, 0x4D, 0x6F,
0x64, 0x69, 0x66, 0x79, 0x53, 0x6B, 0x69, 0x6E, 0x43, 0x6F, 0x6C, 0x6F, 0x72, 0x73, 0x30, 0x31,
0x32, 0x33, 0x34, 0x35, 0x36, 0x37, 0x38, 0x39, 0x31, 0x30, 0x31, 0x31, 0x31, 0x32, 0x31, 0x33,
0x31, 0x34, 0x31, 0x35, 0x31, 0x36, 0x31, 0x37, 0x31, 0x38, 0x31, 0x39, 0x32, 0x30, 0x32, 0x31,
0x32, 0x32, 0x32, 0x33, 0x32, 0x34, 0x3D, 0x66, 0x61, 0x6C, 0x73, 0x65, 0x0D, 0x0A, 0x62, 0x4D,
0x6F, 0x64, 0x69, 0x66, 0x79, 0x53, 0x6B, 0x69, 0x6E, 0x43, 0x6F, 0x6C, 0x6F, 0x72, 0x73, 0x30,
0x31, 0x32, 0x33, 0x34, 0x35, 0x36, 0x37, 0x38, 0x39, 0x31, 0x30, 0x31, 0x31, 0x31, 0x32, 0x31,
0x33, 0x31, 0x34, 0x31, 0x35, 0x31, 0x36, 0x31, 0x37, 0x31, 0x38, 0x31, 0x39, 0x32, 0x30, 0x32,
0x31, 0x32, 0x32, 0x32, 0x33, 0x32, 0x34, 0x32, 0x35, 0x3D, 0x66, 0x61, 0x6C, 0x73, 0x65, 0x0D,
0x0A, 0x62, 0x4D, 0x6F, 0x64, 0x69, 0x66, 0x79, 0x53, 0x6B, 0x69, 0x6E, 0x43, 0x6F, 0x6C, 0x6F,
0x72, 0x73, 0x30, 0x31, 0x32, 0x33, 0x34, 0x35, 0x36, 0x37, 0x38, 0x39, 0x31, 0x30, 0x31, 0x31,
0x31, 0x32, 0x31, 0x33, 0x31, 0x34, 0x31, 0x35, 0x31, 0x36, 0x31, 0x37, 0x31, 0x38, 0x31, 0x39,
0x32, 0x30, 0x32, 0x31, 0x32, 0x32, 0x32, 0x33, 0x32, 0x34, 0x32, 0x35, 0x32, 0x36, 0x3D, 0x66,
0x61, 0x6C, 0x73, 0x65, 0x0D, 0x0A, 0x62, 0x4D, 0x6F, 0x64, 0x69, 0x66, 0x79, 0x53, 0x6B, 0x69,
0x6E, 0x43, 0x6F, 0x6C, 0x6F, 0x72, 0x73, 0x30, 0x31, 0x32, 0x33, 0x34, 0x35, 0x36, 0x37, 0x38,
0x39, 0x31, 0x30, 0x31, 0x31, 0x31, 0x32, 0x31, 0x33, 0x31, 0x34, 0x31, 0x35, 0x31, 0x36, 0x31,
0x37, 0x31, 0x38, 0x31, 0x39, 0x32, 0x30, 0x32, 0x31, 0x32, 0x32, 0x32, 0x33, 0x32, 0x34, 0x32,
0x35, 0x32, 0x36, 0x32, 0x37, 0x3D, 0x66, 0x61, 0x6C, 0x73, 0x65, 0x0D, 0x0A, 0x62, 0x4D, 0x6F,
0x64, 0x69, 0x66, 0x79, 0x53, 0x6B, 0x69, 0x6E, 0x43, 0x6F, 0x6C, 0x6F, 0x72, 0x73, 0x30, 0x31,
0x32, 0x33, 0x34, 0x35, 0x36, 0x37, 0x38, 0x39, 0x31, 0x30, 0x31, 0x31, 0x31, 0x32, 0x31, 0x33,
0x31, 0x34, 0x31, 0x35, 0x31, 0x36, 0x31, 0x37, 0x31, 0x38, 0x31, 0x39, 0x32, 0x30, 0x32, 0x31,
0x32, 0x32, 0x32, 0x33, 0x32, 0x34, 0x32, 0x35, 0x32, 0x36, 0x32, 0x37, 0x32, 0x38, 0x3D, 0x66,
0x61, 0x6C, 0x73, 0x65, 0x0D, 0x0A, 0x62, 0x4D, 0x6F, 0x64, 0x69, 0x66, 0x79, 0x53, 0x6B, 0x69,
0x6E, 0x43, 0x6F, 0x6C, 0x6F, 0x72, 0x73, 0x30, 0x31, 0x32, 0x33, 0x34, 0x35, 0x36, 0x37, 0x38,
0x39, 0x31, 0x30, 0x31, 0x31, 0x31, 0x32, 0x31, 0x33, 0x31, 0x34, 0x31, 0x35, 0x31, 0x36, 0x31,
0x37, 0x31, 0x38, 0x31, 0x39, 0x32, 0x30, 0x32, 0x31, 0x32, 0x32, 0x32, 0x33, 0x32, 0x34, 0x32,
0x35, 0x32, 0x36, 0x32, 0x37, 0x32, 0x38, 0x32, 0x39, 0x3D, 0x66, 0x61, 0x6C, 0x73, 0x65, 0x0D,
0x0A, 0x62, 0x4D, 0x6F, 0x64, 0x69, 0x66, 0x79, 0x53, 0x6B, 0x69, 0x6E, 0x43, 0x6F, 0x6C, 0x6F,
0x72, 0x73, 0x30, 0x31, 0x32, 0x33, 0x34, 0x35, 0x36, 0x37, 0x38, 0x39, 0x31, 0x30, 0x31, 0x31,
0x31, 0x32, 0x31, 0x33, 0x31, 0x34, 0x31, 0x35, 0x31, 0x36, 0x31, 0x37, 0x31, 0x38, 0x31, 0x39,
0x32, 0x30, 0x32, 0x31, 0x32, 0x32, 0x32, 0x33, 0x32, 0x34, 0x32, 0x35, 0x32, 0x36, 0x32, 0x37,
0x32, 0x38, 0x32, 0x39, 0x33, 0x30, 0x3D, 0x66, 0x61, 0x6C, 0x73, 0x65, 0x0D, 0x0A, 0x62, 0x4D,
0x6F, 0x64, 0x69, 0x66, 0x79, 0x53, 0x6B, 0x69, 0x6E, 0x43, 0x6F, 0x6C, 0x6F, 0x72, 0x73, 0x30,
0x31, 0x32, 0x33, 0x34, 0x35, 0x36, 0x37, 0x38, 0x39, 0x31, 0x30, 0x31, 0x31, 0x31, 0x32, 0x31,
0x33, 0x31, 0x34, 0x31, 0x35, 0x31, 0x36, 0x31, 0x37, 0x31, 0x38, 0x31, 0x39, 0x32, 0x30, 0x32,
0x31, 0x32, 0x32, 0x32, 0x33, 0x32, 0x34, 0x32, 0x35, 0x32, 0x36, 0x32, 0x37, 0x32, 0x38, 0x32,
0x39, 0x33, 0x30, 0x33, 0x31, 0x3D, 0x66, 0x61, 0x6C, 0x73, 0x65, 0x0D, 0x0A, 0x62, 0x4D, 0x6F,
0x64, 0x69, 0x66, 0x79, 0x53, 0x6B, 0x69, 0x6E, 0x43, 0x6F, 0x6C, 0x6F, 0x72, 0x73, 0x30, 0x31,
0x32, 0x33, 0x34, 0x35, 0x36, 0x37, 0x38, 0x39, 0x31, 0x30, 0x31, 0x31, 0x31, 0x32, 0x31, 0x33,
0x31, 0x34, 0x31, 0x35, 0x31, 0x36, 0x31, 0x37, 0x31, 0x38, 0x31, 0x39, 0x32, 0x30, 0x32, 0x31,
0x32, 0x32, 0x32, 0x33, 0x32, 0x34, 0x32, 0x35, 0x32, 0x36, 0x32, 0x37, 0x32, 0x38, 0x32, 0x39,
0x33, 0x30, 0x33, 0x31, 0x33, 0x32, 0x3D, 0x66, 0x61, 0x6C, 0x73, 0x65, 0x0D, 0x0A, 0x62, 0x4D,
0x6F, 0x64, 0x69, 0x66, 0x79, 0x53, 0x6B, 0x69, 0x6E, 0x43, 0x6F, 0x6C, 0x6F, 0x72, 0x73, 0x30,
0x31, 0x32, 0x33, 0x34, 0x35, 0x36, 0x37, 0x38, 0x39, 0x31, 0x30, 0x31, 0x31, 0x31, 0x32, 0x31,
0x33, 0x31, 0x34, 0x31, 0x35, 0x31, 0x36, 0x31, 0x37, 0x31, 0x38, 0x31, 0x39, 0x32, 0x30, 0x32,
0x31, 0x32, 0x32, 0x32, 0x33, 0x32, 0x34, 0x32, 0x35, 0x32, 0x36, 0x32, 0x37, 0x32, 0x38, 0x32,
0x39, 0x33, 0x30, 0x33, 0x31, 0x33, 0x32, 0x33, 0x33, 0x3D, 0x66, 0x61, 0x6C, 0x73, 0x65, 0x0D,
0x0A, 0x62, 0x4D, 0x6F, 0x64, 0x69, 0x66, 0x79, 0x53, 0x6B, 0x69, 0x6E, 0x43, 0x6F, 0x6C, 0x6F,
0x72, 0x73, 0x30, 0x31, 0x32, 0x33, 0x34, 0x35, 0x36, 0x37, 0x38, 0x39, 0x31, 0x30, 0x31, 0x31,
0x31, 0x32, 0x31, 0x33, 0x31, 0x34, 0x31, 0x35, 0x31, 0x36, 0x31, 0x37, 0x31, 0x38, 0x31, 0x39,
0x32, 0x30, 0x32, 0x31, 0x32, 0x32, 0x32, 0x33, 0x32, 0x34, 0x32, 0x35, 0x32, 0x36, 0x32, 0x37,
0x32, 0x38, 0x32, 0x39, 0x33, 0x30, 0x33, 0x31, 0x33, 0x32, 0x33, 0x33, 0x33, 0x34, 0x3D, 0x66,
0x61, 0x6C, 0x73, 0x65, 0x0D, 0x0A, 0x62, 0x4D, 0x6F, 0x64, 0x69, 0x66, 0x79, 0x53, 0x6B, 0x69,
0x6E, 0x43, 0x6F, 0x6C, 0x6F, 0x72, 0x73, 0x30, 0x31, 0x32, 0x33, 0x34, 0x35, 0x36, 0x37, 0x38,
0x39, 0x31, 0x30, 0x31, 0x31, 0x31, 0x32, 0x31, 0x33, 0x31, 0x34, 0x31, 0x35, 0x31, 0x36, 0x31,
0x37, 0x31, 0x38, 0x31, 0x39, 0x32, 0x30, 0x32, 0x31, 0x32, 0x32, 0x32, 0x33, 0x32, 0x34, 0x32,
0x35, 0x32, 0x36, 0x32, 0x37, 0x32, 0x38, 0x32, 0x39, 0x33, 0x30, 0x33, 0x31, 0x33, 0x32, 0x33,
0x33, 0x33, 0x34, 0x33, 0x35, 0x3D, 0x66, 0x61, 0x6C, 0x73, 0x65, 0x0D, 0x0A, 0x62, 0x4D, 0x6F,
0x64, 0x69, 0x66, 0x79, 0x53, 0x6B, 0x69, 0x6E, 0x43, 0x6F, 0x6C, 0x6F, 0x72, 0x73, 0x30, 0x31,
0x32, 0x33, 0x34, 0x35, 0x36, 0x37, 0x38, 0x39, 0x31, 0x30, 0x31, 0x31, 0x31, 0x32, 0x31, 0x33,
0x31, 0x34, 0x31, 0x35, 0x31, 0x36, 0x31, 0x37, 0x31, 0x38, 0x31, 0x39, 0x32, 0x30, 0x32, 0x31,
0x32, 0x32, 0x32, 0x33, 0x32, 0x34, 0x32, 0x35, 0x32, 0x36, 0x32, 0x37, 0x32, 0x38, 0x32, 0x39,
0x33, 0x30, 0x33, 0x31, 0x33, 0x32, 0x33, 0x33, 0x33, 0x34, 0x33, 0x35, 0x33, 0x36, 0x3D, 0x66,
0x61, 0x6C, 0x73, 0x65, 0x0D, 0x0A, 0x66, 0x6C, 0x53, 0x6B, 0x69, 0x6E, 0x57, 0x65, 0x61, 0x72,
0x2D, 0x30, 0x3D, 0x30, 0x2E, 0x30, 0x30, 0x30, 0x30, 0x30, 0x30, 0x0D, 0x0A, 0x66, 0x6C, 0x53,
0x6B, 0x69, 0x6E, 0x57, 0x65, 0x61, 0x72, 0x2D, 0x31, 0x3D, 0x30, 0x2E, 0x30, 0x30, 0x30, 0x30,
0x30, 0x30, 0x0D, 0x0A, 0x66, 0x6C, 0x53, 0x6B, 0x69, 0x6E, 0x57, 0x65, 0x61, 0x72, 0x2D, 0x32,
0x3D, 0x30, 0x2E, 0x30, 0x30, 0x30, 0x30, 0x30, 0x30, 0x0D, 0x0A, 0x66, 0x6C, 0x53, 0x6B, 0x69,
0x6E, 0x57, 0x65, 0x61, 0x72, 0x2D, 0x33, 0x3D, 0x30, 0x2E, 0x30, 0x30, 0x30, 0x30, 0x30, 0x30,
0x0D, 0x0A, 0x66, 0x6C, 0x53, 0x6B, 0x69, 0x6E, 0x57, 0x65, 0x61, 0x72, 0x2D, 0x34, 0x3D, 0x30,
0x2E, 0x30, 0x30, 0x30, 0x30, 0x30, 0x30, 0x0D, 0x0A, 0x66, 0x6C, 0x53, 0x6B, 0x69, 0x6E, 0x57,
0x65, 0x61, 0x72, 0x2D, 0x35, 0x3D, 0x30, 0x2E, 0x30, 0x30, 0x30, 0x30, 0x30, 0x30, 0x0D, 0x0A,
0x66, 0x6C, 0x53, 0x6B, 0x69, 0x6E, 0x57, 0x65, 0x61, 0x72, 0x2D, 0x36, 0x3D, 0x30, 0x2E, 0x30,
0x30, 0x30, 0x30, 0x30, 0x30, 0x0D, 0x0A, 0x66, 0x6C, 0x53, 0x6B, 0x69, 0x6E, 0x57, 0x65, 0x61,
0x72, 0x2D, 0x37, 0x3D, 0x30, 0x2E, 0x30, 0x30, 0x30, 0x30, 0x30, 0x30, 0x0D, 0x0A, 0x66, 0x6C,
0x53, 0x6B, 0x69, 0x6E, 0x57, 0x65, 0x61, 0x72, 0x2D, 0x38, 0x3D, 0x30, 0x2E, 0x30, 0x30, 0x30,
0x30, 0x30, 0x30, 0x0D, 0x0A, 0x66, 0x6C, 0x53, 0x6B, 0x69, 0x6E, 0x57, 0x65, 0x61, 0x72, 0x2D,
0x39, 0x3D, 0x30, 0x2E, 0x30, 0x30, 0x30, 0x30, 0x30, 0x30, 0x0D, 0x0A, 0x66, 0x6C, 0x53, 0x6B,
0x69, 0x6E, 0x57, 0x65, 0x61, 0x72, 0x2D, 0x31, 0x30, 0x3D, 0x30, 0x2E, 0x30, 0x30, 0x30, 0x30,
0x30, 0x30, 0x0D, 0x0A, 0x66, 0x6C, 0x53, 0x6B, 0x69, 0x6E, 0x57, 0x65, 0x61, 0x72, 0x2D, 0x31,
0x31, 0x3D, 0x30, 0x2E, 0x30, 0x30, 0x30, 0x30, 0x30, 0x30, 0x0D, 0x0A, 0x66, 0x6C, 0x53, 0x6B,
0x69, 0x6E, 0x57, 0x65, 0x61, 0x72, 0x2D, 0x31, 0x32, 0x3D, 0x30, 0x2E, 0x30, 0x30, 0x30, 0x30,
0x30, 0x30, 0x0D, 0x0A, 0x66, 0x6C, 0x53, 0x6B, 0x69, 0x6E, 0x57, 0x65, 0x61, 0x72, 0x2D, 0x31,
0x33, 0x3D, 0x30, 0x2E, 0x30, 0x30, 0x30, 0x30, 0x30, 0x30, 0x0D, 0x0A, 0x66, 0x6C, 0x53, 0x6B,
0x69, 0x6E, 0x57, 0x65, 0x61, 0x72, 0x2D, 0x31, 0x34, 0x3D, 0x30, 0x2E, 0x30, 0x30, 0x30, 0x30,
0x30, 0x30, 0x0D, 0x0A, 0x66, 0x6C, 0x53, 0x6B, 0x69, 0x6E, 0x57, 0x65, 0x61, 0x72, 0x2D, 0x31,
0x35, 0x3D, 0x30, 0x2E, 0x30, 0x30, 0x30, 0x30, 0x30, 0x30, 0x0D, 0x0A, 0x66, 0x6C, 0x53, 0x6B,
0x69, 0x6E, 0x57, 0x65, 0x61, 0x72, 0x2D, 0x31, 0x36, 0x3D, 0x30, 0x2E, 0x30, 0x30, 0x30, 0x30,
0x30, 0x30, 0x0D, 0x0A, 0x66, 0x6C, 0x53, 0x6B, 0x69, 0x6E, 0x57, 0x65, 0x61, 0x72, 0x2D, 0x31,
0x37, 0x3D, 0x30, 0x2E, 0x30, 0x30, 0x30, 0x30, 0x30, 0x30, 0x0D, 0x0A, 0x66, 0x6C, 0x53, 0x6B,
0x69, 0x6E, 0x57, 0x65, 0x61, 0x72, 0x2D, 0x31, 0x38, 0x3D, 0x30, 0x2E, 0x30, 0x30, 0x30, 0x30,
0x30, 0x30, 0x0D, 0x0A, 0x66, 0x6C, 0x53, 0x6B, 0x69, 0x6E, 0x57, 0x65, 0x61, 0x72, 0x2D, 0x31,
0x39, 0x3D, 0x30, 0x2E, 0x30, 0x30, 0x30, 0x30, 0x30, 0x30, 0x0D, 0x0A, 0x66, 0x6C, 0x53, 0x6B,
0x69, 0x6E, 0x57, 0x65, 0x61, 0x72, 0x2D, 0x32, 0x30, 0x3D, 0x30, 0x2E, 0x30, 0x30, 0x30, 0x30,
0x30, 0x30, 0x0D, 0x0A, 0x66, 0x6C, 0x53, 0x6B, 0x69, 0x6E, 0x57, 0x65, 0x61, 0x72, 0x2D, 0x32,
0x31, 0x3D, 0x30, 0x2E, 0x30, 0x30, 0x30, 0x30, 0x30, 0x30, 0x0D, 0x0A, 0x66, 0x6C, 0x53, 0x6B,
0x69, 0x6E, 0x57, 0x65, 0x61, 0x72, 0x2D, 0x32, 0x32, 0x3D, 0x30, 0x2E, 0x30, 0x30, 0x30, 0x30,
0x30, 0x30, 0x0D, 0x0A, 0x66, 0x6C, 0x53, 0x6B, 0x69, 0x6E, 0x57, 0x65, 0x61, 0x72, 0x2D, 0x32,
0x33, 0x3D, 0x30, 0x2E, 0x30, 0x30, 0x30, 0x30, 0x30, 0x30, 0x0D, 0x0A, 0x66, 0x6C, 0x53, 0x6B,
0x69, 0x6E, 0x57, 0x65, 0x61, 0x72, 0x2D, 0x32, 0x34, 0x3D, 0x30, 0x2E, 0x30, 0x30, 0x30, 0x30,
0x30, 0x30, 0x0D, 0x0A, 0x66, 0x6C, 0x53, 0x6B, 0x69, 0x6E, 0x57, 0x65, 0x61, 0x72, 0x2D, 0x32,
0x35, 0x3D, 0x30, 0x2E, 0x30, 0x30, 0x30, 0x30, 0x30, 0x30, 0x0D, 0x0A, 0x66, 0x6C, 0x53, 0x6B,
0x69, 0x6E, 0x57, 0x65, 0x61, 0x72, 0x2D, 0x32, 0x36, 0x3D, 0x30, 0x2E, 0x30, 0x30, 0x30, 0x30,
0x30, 0x30, 0x0D, 0x0A, 0x66, 0x6C, 0x53, 0x6B, 0x69, 0x6E, 0x57, 0x65, 0x61, 0x72, 0x2D, 0x32,
0x37, 0x3D, 0x30, 0x2E, 0x30, 0x30, 0x30, 0x30, 0x30, 0x30, 0x0D, 0x0A, 0x66, 0x6C, 0x53, 0x6B,
0x69, 0x6E, 0x57, 0x65, 0x61, 0x72, 0x2D, 0x32, 0x38, 0x3D, 0x30, 0x2E, 0x30, 0x30, 0x30, 0x30,
0x30, 0x30, 0x0D, 0x0A, 0x66, 0x6C, 0x53, 0x6B, 0x69, 0x6E, 0x57, 0x65, 0x61, 0x72, 0x2D, 0x32,
0x39, 0x3D, 0x30, 0x2E, 0x30, 0x30, 0x30, 0x30, 0x30, 0x30, 0x0D, 0x0A, 0x66, 0x6C, 0x53, 0x6B,
0x69, 0x6E, 0x57, 0x65, 0x61, 0x72, 0x2D, 0x33, 0x30, 0x3D, 0x30, 0x2E, 0x30, 0x30, 0x30, 0x30,
0x30, 0x30, 0x0D, 0x0A, 0x66, 0x6C, 0x53, 0x6B, 0x69, 0x6E, 0x57, 0x65, 0x61, 0x72, 0x2D, 0x33,
0x31, 0x3D, 0x30, 0x2E, 0x30, 0x30, 0x30, 0x30, 0x30, 0x30, 0x0D, 0x0A, 0x66, 0x6C, 0x53, 0x6B,
0x69, 0x6E, 0x57, 0x65, 0x61, 0x72, 0x2D, 0x33, 0x32, 0x3D, 0x30, 0x2E, 0x30, 0x30, 0x30, 0x30,
0x30, 0x30, 0x0D, 0x0A, 0x66, 0x6C, 0x53, 0x6B, 0x69, 0x6E, 0x57, 0x65, 0x61, 0x72, 0x2D, 0x33,
0x33, 0x3D, 0x30, 0x2E, 0x30, 0x30, 0x30, 0x30, 0x30, 0x30, 0x0D, 0x0A, 0x66, 0x6C, 0x53, 0x6B,
0x69, 0x6E, 0x57, 0x65, 0x61, 0x72, 0x2D, 0x33, 0x34, 0x3D, 0x30, 0x2E, 0x30, 0x30, 0x30, 0x30,
0x30, 0x30, 0x0D, 0x0A, 0x66, 0x6C, 0x53, 0x6B, 0x69, 0x6E, 0x57, 0x65, 0x61, 0x72, 0x2D, 0x33,
0x35, 0x3D, 0x30, 0x2E, 0x30, 0x30, 0x30, 0x30, 0x30, 0x30, 0x0D, 0x0A, 0x66, 0x6C, 0x53, 0x6B,
0x69, 0x6E, 0x57, 0x65, 0x61, 0x72, 0x2D, 0x33, 0x36, 0x3D, 0x30, 0x2E, 0x30, 0x30, 0x30, 0x30,
0x30, 0x30, 0x0D, 0x0A, 0x63, 0x6F, 0x6C, 0x53, 0x6B, 0x69, 0x6E, 0x73, 0x31, 0x30, 0x2D, 0x30,
0x3D, 0x31, 0x2E, 0x30, 0x30, 0x30, 0x30, 0x30, 0x30, 0x0D, 0x0A, 0x63, 0x6F, 0x6C, 0x53, 0x6B,
0x69, 0x6E, 0x73, 0x31, 0x30, 0x2D, 0x31, 0x3D, 0x31, 0x2E, 0x30, 0x30, 0x30, 0x30, 0x30, 0x30,
0x0D, 0x0A, 0x63, 0x6F, 0x6C, 0x53, 0x6B, 0x69, 0x6E, 0x73, 0x31, 0x30, 0x2D, 0x32, 0x3D, 0x31,
0x2E, 0x30, 0x30, 0x30, 0x30, 0x30, 0x30, 0x0D, 0x0A, 0x63, 0x6F, 0x6C, 0x53, 0x6B, 0x69, 0x6E,
0x73, 0x31, 0x30, 0x2D, 0x33, 0x3D, 0x31, 0x2E, 0x30, 0x30, 0x30, 0x30, 0x30, 0x30, 0x0D, 0x0A,
0x63, 0x6F, 0x6C, 0x53, 0x6B, 0x69, 0x6E, 0x73, 0x32, 0x30, 0x2D, 0x30, 0x3D, 0x31, 0x2E, 0x30,
0x30, 0x30, 0x30, 0x30, 0x30, 0x0D, 0x0A, 0x63, 0x6F, 0x6C, 0x53, 0x6B, 0x69, 0x6E, 0x73, 0x32,
0x30, 0x2D, 0x31, 0x3D, 0x31, 0x2E, 0x30, 0x30, 0x30, 0x30, 0x30, 0x30, 0x0D, 0x0A, 0x63, 0x6F,
0x6C, 0x53, 0x6B, 0x69, 0x6E, 0x73, 0x32, 0x30, 0x2D, 0x32, 0x3D, 0x31, 0x2E, 0x30, 0x30, 0x30,
0x30, 0x30, 0x30, 0x0D, 0x0A, 0x63, 0x6F, 0x6C, 0x53, 0x6B, 0x69, 0x6E, 0x73, 0x32, 0x30, 0x2D,
0x33, 0x3D, 0x31, 0x2E, 0x30, 0x30, 0x30, 0x30, 0x30, 0x30, 0x0D, 0x0A, 0x63, 0x6F, 0x6C, 0x53,
0x6B, 0x69, 0x6E, 0x73, 0x33, 0x30, 0x2D, 0x30, 0x3D, 0x31, 0x2E, 0x30, 0x30, 0x30, 0x30, 0x30,
0x30, 0x0D, 0x0A, 0x63, 0x6F, 0x6C, 0x53, 0x6B, 0x69, 0x6E, 0x73, 0x33, 0x30, 0x2D, 0x31, 0x3D,
0x31, 0x2E, 0x30, 0x30, 0x30, 0x30, 0x30, 0x30, 0x0D, 0x0A, 0x63, 0x6F, 0x6C, 0x53, 0x6B, 0x69,
0x6E, 0x73, 0x33, 0x30, 0x2D, 0x32, 0x3D, 0x31, 0x2E, 0x30, 0x30, 0x30, 0x30, 0x30, 0x30, 0x0D,
0x0A, 0x63, 0x6F, 0x6C, 0x53, 0x6B, 0x69, 0x6E, 0x73, 0x33, 0x30, 0x2D, 0x33, 0x3D, 0x31, 0x2E,
0x30, 0x30, 0x30, 0x30, 0x30, 0x30, 0x0D, 0x0A, 0x63, 0x6F, 0x6C, 0x53, 0x6B, 0x69, 0x6E, 0x73,
0x34, 0x30, 0x2D, 0x30, 0x3D, 0x31, 0x2E, 0x30, 0x30, 0x30, 0x30, 0x30, 0x30, 0x0D, 0x0A, 0x63,
0x6F, 0x6C, 0x53, 0x6B, 0x69, 0x6E, 0x73, 0x34, 0x30, 0x2D, 0x31, 0x3D, 0x31, 0x2E, 0x30, 0x30,
0x30, 0x30, 0x30, 0x30, 0x0D, 0x0A, 0x63, 0x6F, 0x6C, 0x53, 0x6B, 0x69, 0x6E, 0x73, 0x34, 0x30,
0x2D, 0x32, 0x3D, 0x31, 0x2E, 0x30, 0x30, 0x30, 0x30, 0x30, 0x30, 0x0D, 0x0A, 0x63, 0x6F, 0x6C,
0x53, 0x6B, 0x69, 0x6E, 0x73, 0x34, 0x30, 0x2D, 0x33, 0x3D, 0x31, 0x2E, 0x30, 0x30, 0x30, 0x30,
0x30, 0x30, 0x0D, 0x0A, 0x63, 0x6F, 0x6C, 0x53, 0x6B, 0x69, 0x6E, 0x73, 0x31, 0x31, 0x2D, 0x30,
0x3D, 0x31, 0x2E, 0x30, 0x30, 0x30, 0x30, 0x30, 0x30, 0x0D, 0x0A, 0x63, 0x6F, 0x6C, 0x53, 0x6B,
0x69, 0x6E, 0x73, 0x31, 0x31, 0x2D, 0x31, 0x3D, 0x31, 0x2E, 0x30, 0x30, 0x30, 0x30, 0x30, 0x30,
0x0D, 0x0A, 0x63, 0x6F, 0x6C, 0x53, 0x6B, 0x69, 0x6E, 0x73, 0x31, 0x31, 0x2D, 0x32, 0x3D, 0x31,
0x2E, 0x30, 0x30, 0x30, 0x30, 0x30, 0x30, 0x0D, 0x0A, 0x63, 0x6F, 0x6C, 0x53, 0x6B, 0x69, 0x6E,
0x73, 0x31, 0x31, 0x2D, 0x33, 0x3D, 0x31, 0x2E, 0x30, 0x30, 0x30, 0x30, 0x30, 0x30, 0x0D, 0x0A,
0x69, 0x53, 0x6B, 0x69, 0x6E, 0x49, 0x64, 0x2D, 0x30, 0x3D, 0x30, 0x0D, 0x0A, 0x63, 0x6F, 0x6C,
0x53, 0x6B, 0x69, 0x6E, 0x73, 0x32, 0x31, 0x2D, 0x30, 0x3D, 0x31, 0x2E, 0x30, 0x30, 0x30, 0x30,
0x30, 0x30, 0x0D, 0x0A, 0x69, 0x53, 0x6B, 0x69, 0x6E, 0x49, 0x64, 0x2D, 0x31, 0x3D, 0x30, 0x0D,
0x0A, 0x63, 0x6F, 0x6C, 0x53, 0x6B, 0x69, 0x6E, 0x73, 0x32, 0x31, 0x2D, 0x31, 0x3D, 0x31, 0x2E,
0x30, 0x30, 0x30, 0x30, 0x30, 0x30, 0x0D, 0x0A, 0x69, 0x53, 0x6B, 0x69, 0x6E, 0x49, 0x64, 0x2D,
0x32, 0x3D, 0x30, 0x0D, 0x0A, 0x63, 0x6F, 0x6C, 0x53, 0x6B, 0x69, 0x6E, 0x73, 0x32, 0x31, 0x2D,
0x32, 0x3D, 0x31, 0x2E, 0x30, 0x30, 0x30, 0x30, 0x30, 0x30, 0x0D, 0x0A, 0x69, 0x53, 0x6B, 0x69,
0x6E, 0x49, 0x64, 0x2D, 0x33, 0x3D, 0x30, 0x0D, 0x0A, 0x63, 0x6F, 0x6C, 0x53, 0x6B, 0x69, 0x6E,
0x73, 0x32, 0x31, 0x2D, 0x33, 0x3D, 0x31, 0x2E, 0x30, 0x30, 0x30, 0x30, 0x30, 0x30, 0x0D, 0x0A,
0x69, 0x53, 0x6B, 0x69, 0x6E, 0x49, 0x64, 0x2D, 0x34, 0x3D, 0x30, 0x0D, 0x0A, 0x63, 0x6F, 0x6C,
0x53, 0x6B, 0x69, 0x6E, 0x73, 0x33, 0x31, 0x2D, 0x30, 0x3D, 0x31, 0x2E, 0x30, 0x30, 0x30, 0x30,
0x30, 0x30, 0x0D, 0x0A, 0x69, 0x53, 0x6B, 0x69, 0x6E, 0x49, 0x64, 0x2D, 0x35, 0x3D, 0x30, 0x0D,
0x0A, 0x63, 0x6F, 0x6C, 0x53, 0x6B, 0x69, 0x6E, 0x73, 0x33, 0x31, 0x2D, 0x31, 0x3D, 0x31, 0x2E,
0x30, 0x30, 0x30, 0x30, 0x30, 0x30, 0x0D, 0x0A, 0x69, 0x53, 0x6B, 0x69, 0x6E, 0x49, 0x64, 0x2D,
0x36, 0x3D, 0x30, 0x0D, 0x0A, 0x63, 0x6F, 0x6C, 0x53, 0x6B, 0x69, 0x6E, 0x73, 0x33, 0x31, 0x2D,
0x32, 0x3D, 0x31, 0x2E, 0x30, 0x30, 0x30, 0x30, 0x30, 0x30, 0x0D, 0x0A, 0x69, 0x53, 0x6B, 0x69,
0x6E, 0x49, 0x64, 0x2D, 0x37, 0x3D, 0x30, 0x0D, 0x0A, 0x63, 0x6F, 0x6C, 0x53, 0x6B, 0x69, 0x6E,
0x73, 0x33, 0x31, 0x2D, 0x33, 0x3D, 0x31, 0x2E, 0x30, 0x30, 0x30, 0x30, 0x30, 0x30, 0x0D, 0x0A,
0x69, 0x53, 0x6B, 0x69, 0x6E, 0x49, 0x64, 0x2D, 0x38, 0x3D, 0x30, 0x0D, 0x0A, 0x63, 0x6F, 0x6C,
0x53, 0x6B, 0x69, 0x6E, 0x73, 0x34, 0x31, 0x2D, 0x30, 0x3D, 0x31, 0x2E, 0x30, 0x30, 0x30, 0x30,
0x30, 0x30, 0x0D, 0x0A, 0x69, 0x53, 0x6B, 0x69, 0x6E, 0x49, 0x64, 0x2D, 0x39, 0x3D, 0x30, 0x0D,
0x0A, 0x63, 0x6F, 0x6C, 0x53, 0x6B, 0x69, 0x6E, 0x73, 0x34, 0x31, 0x2D, 0x31, 0x3D, 0x31, 0x2E,
0x30, 0x30, 0x30, 0x30, 0x30, 0x30, 0x0D, 0x0A, 0x69, 0x53, 0x6B, 0x69, 0x6E, 0x49, 0x64, 0x2D,
0x31, 0x30, 0x3D, 0x30, 0x0D, 0x0A, 0x63, 0x6F, 0x6C, 0x53, 0x6B, 0x69, 0x6E, 0x73, 0x34, 0x31,
0x2D, 0x32, 0x3D, 0x31, 0x2E, 0x30, 0x30, 0x30, 0x30, 0x30, 0x30, 0x0D, 0x0A, 0x69, 0x53, 0x6B,
0x69, 0x6E, 0x49, 0x64, 0x2D, 0x31, 0x31, 0x3D, 0x30, 0x0D, 0x0A, 0x63, 0x6F, 0x6C, 0x53, 0x6B,
0x69, 0x6E, 0x73, 0x34, 0x31, 0x2D, 0x33, 0x3D, 0x31, 0x2E, 0x30, 0x30, 0x30, 0x30, 0x30, 0x30,
0x0D, 0x0A, 0x69, 0x53, 0x6B, 0x69, 0x6E, 0x49, 0x64, 0x2D, 0x31, 0x32, 0x3D, 0x30, 0x0D, 0x0A,
0x63, 0x6F, 0x6C, 0x53, 0x6B, 0x69, 0x6E, 0x73, 0x31, 0x32, 0x2D, 0x30, 0x3D, 0x31, 0x2E, 0x30,
0x30, 0x30, 0x30, 0x30, 0x30, 0x0D, 0x0A, 0x69, 0x53, 0x6B, 0x69, 0x6E, 0x49, 0x64, 0x2D, 0x31,
0x33, 0x3D, 0x30, 0x0D, 0x0A, 0x63, 0x6F, 0x6C, 0x53, 0x6B, 0x69, 0x6E, 0x73, 0x31, 0x32, 0x2D,
0x31, 0x3D, 0x31, 0x2E, 0x30, 0x30, 0x30, 0x30, 0x30, 0x30, 0x0D, 0x0A, 0x69, 0x53, 0x6B, 0x69,
0x6E, 0x49, 0x64, 0x2D, 0x31, 0x34, 0x3D, 0x30, 0x0D, 0x0A, 0x63, 0x6F, 0x6C, 0x53, 0x6B, 0x69,
0x6E, 0x73, 0x31, 0x32, 0x2D, 0x32, 0x3D, 0x31, 0x2E, 0x30, 0x30, 0x30, 0x30, 0x30, 0x30, 0x0D,
0x0A, 0x69, 0x53, 0x6B, 0x69, 0x6E, 0x49, 0x64, 0x2D, 0x31, 0x35, 0x3D, 0x30, 0x0D, 0x0A, 0x63,
0x6F, 0x6C, 0x53, 0x6B, 0x69, 0x6E, 0x73, 0x31, 0x32, 0x2D, 0x33, 0x3D, 0x31, 0x2E, 0x30, 0x30,
0x30, 0x30, 0x30, 0x30, 0x0D, 0x0A, 0x69, 0x53, 0x6B, 0x69, 0x6E, 0x49, 0x64, 0x2D, 0x31, 0x36,
0x3D, 0x30, 0x0D, 0x0A, 0x63, 0x6F, 0x6C, 0x53, 0x6B, 0x69, 0x6E, 0x73, 0x32, 0x32, 0x2D, 0x30,
0x3D, 0x31, 0x2E, 0x30, 0x30, 0x30, 0x30, 0x30, 0x30, 0x0D, 0x0A, 0x69, 0x53, 0x6B, 0x69, 0x6E,
0x49, 0x64, 0x2D, 0x31, 0x37, 0x3D, 0x30, 0x0D, 0x0A, 0x63, 0x6F, 0x6C, 0x53, 0x6B, 0x69, 0x6E,
0x73, 0x32, 0x32, 0x2D, 0x31, 0x3D, 0x31, 0x2E, 0x30, 0x30, 0x30, 0x30, 0x30, 0x30, 0x0D, 0x0A,
0x69, 0x53, 0x6B, 0x69, 0x6E, 0x49, 0x64, 0x2D, 0x31, 0x38, 0x3D, 0x30, 0x0D, 0x0A, 0x63, 0x6F,
0x6C, 0x53, 0x6B, 0x69, 0x6E, 0x73, 0x32, 0x32, 0x2D, 0x32, 0x3D, 0x31, 0x2E, 0x30, 0x30, 0x30,
0x30, 0x30, 0x30, 0x0D, 0x0A, 0x69, 0x53, 0x6B, 0x69, 0x6E, 0x49, 0x64, 0x2D, 0x31, 0x39, 0x3D,
0x30, 0x0D, 0x0A, 0x63, 0x6F, 0x6C, 0x53, 0x6B, 0x69, 0x6E, 0x73, 0x32, 0x32, 0x2D, 0x33, 0x3D,
0x31, 0x2E, 0x30, 0x30, 0x30, 0x30, 0x30, 0x30, 0x0D, 0x0A, 0x69, 0x53, 0x6B, 0x69, 0x6E, 0x49,
0x64, 0x2D, 0x32, 0x30, 0x3D, 0x30, 0x0D, 0x0A, 0x63, 0x6F, 0x6C, 0x53, 0x6B, 0x69, 0x6E, 0x73,
0x33, 0x32, 0x2D, 0x30, 0x3D, 0x31, 0x2E, 0x30, 0x30, 0x30, 0x30, 0x30, 0x30, 0x0D, 0x0A, 0x69,
0x53, 0x6B, 0x69, 0x6E, 0x49, 0x64, 0x2D, 0x32, 0x31, 0x3D, 0x30, 0x0D, 0x0A, 0x63, 0x6F, 0x6C,
0x53, 0x6B, 0x69, 0x6E, 0x73, 0x33, 0x32, 0x2D, 0x31, 0x3D, 0x31, 0x2E, 0x30, 0x30, 0x30, 0x30,
0x30, 0x30, 0x0D, 0x0A, 0x69, 0x53, 0x6B, 0x69, 0x6E, 0x49, 0x64, 0x2D, 0x32, 0x32, 0x3D, 0x30,
0x0D, 0x0A, 0x63, 0x6F, 0x6C, 0x53, 0x6B, 0x69, 0x6E, 0x73, 0x33, 0x32, 0x2D, 0x32, 0x3D, 0x31,
0x2E, 0x30, 0x30, 0x30, 0x30, 0x30, 0x30, 0x0D, 0x0A, 0x69, 0x53, 0x6B, 0x69, 0x6E, 0x49, 0x64,
0x2D, 0x32, 0x33, 0x3D, 0x30, 0x0D, 0x0A, 0x63, 0x6F, 0x6C, 0x53, 0x6B, 0x69, 0x6E, 0x73, 0x33,
0x32, 0x2D, 0x33, 0x3D, 0x31, 0x2E, 0x30, 0x30, 0x30, 0x30, 0x30, 0x30, 0x0D, 0x0A, 0x69, 0x53,
0x6B, 0x69, 0x6E, 0x49, 0x64, 0x2D, 0x32, 0x34, 0x3D, 0x30, 0x0D, 0x0A, 0x63, 0x6F, 0x6C, 0x53,
0x6B, 0x69, 0x6E, 0x73, 0x34, 0x32, 0x2D, 0x30, 0x3D, 0x31, 0x2E, 0x30, 0x30, 0x30, 0x30, 0x30,
0x30, 0x0D, 0x0A, 0x69, 0x53, 0x6B, 0x69, 0x6E, 0x49, 0x64, 0x2D, 0x32, 0x35, 0x3D, 0x30, 0x0D,
0x0A, 0x63, 0x6F, 0x6C, 0x53, 0x6B, 0x69, 0x6E, 0x73, 0x34, 0x32, 0x2D, 0x31, 0x3D, 0x31, 0x2E,
0x30, 0x30, 0x30, 0x30, 0x30, 0x30, 0x0D, 0x0A, 0x69, 0x53, 0x6B, 0x69, 0x6E, 0x49, 0x64, 0x2D,
0x32, 0x36, 0x3D, 0x30, 0x0D, 0x0A, 0x63, 0x6F, 0x6C, 0x53, 0x6B, 0x69, 0x6E, 0x73, 0x34, 0x32,
0x2D, 0x32, 0x3D, 0x31, 0x2E, 0x30, 0x30, 0x30, 0x30, 0x30, 0x30, 0x0D, 0x0A, 0x69, 0x53, 0x6B,
0x69, 0x6E, 0x49, 0x64, 0x2D, 0x32, 0x37, 0x3D, 0x30, 0x0D, 0x0A, 0x63, 0x6F, 0x6C, 0x53, 0x6B,
0x69, 0x6E, 0x73, 0x34, 0x32, 0x2D, 0x33, 0x3D, 0x31, 0x2E, 0x30, 0x30, 0x30, 0x30, 0x30, 0x30,
0x0D, 0x0A, 0x69, 0x53, 0x6B, 0x69, 0x6E, 0x49, 0x64, 0x2D, 0x32, 0x38, 0x3D, 0x30, 0x0D, 0x0A,
0x63, 0x6F, 0x6C, 0x53, 0x6B, 0x69, 0x6E, 0x73, 0x31, 0x33, 0x2D, 0x30, 0x3D, 0x31, 0x2E, 0x30,
0x30, 0x30, 0x30, 0x30, 0x30, 0x0D, 0x0A, 0x69, 0x53, 0x6B, 0x69, 0x6E, 0x49, 0x64, 0x2D, 0x32,
0x39, 0x3D, 0x30, 0x0D, 0x0A, 0x63, 0x6F, 0x6C, 0x53, 0x6B, 0x69, 0x6E, 0x73, 0x31, 0x33, 0x2D,
0x31, 0x3D, 0x31, 0x2E, 0x30, 0x30, 0x30, 0x30, 0x30, 0x30, 0x0D, 0x0A, 0x69, 0x53, 0x6B, 0x69,
0x6E, 0x49, 0x64, 0x2D, 0x33, 0x30, 0x3D, 0x30, 0x0D, 0x0A, 0x63, 0x6F, 0x6C, 0x53, 0x6B, 0x69,
0x6E, 0x73, 0x31, 0x33, 0x2D, 0x32, 0x3D, 0x31, 0x2E, 0x30, 0x30, 0x30, 0x30, 0x30, 0x30, 0x0D,
0x0A, 0x69, 0x53, 0x6B, 0x69, 0x6E, 0x49, 0x64, 0x2D, 0x33, 0x31, 0x3D, 0x30, 0x0D, 0x0A, 0x63,
0x6F, 0x6C, 0x53, 0x6B, 0x69, 0x6E, 0x73, 0x31, 0x33, 0x2D, 0x33, 0x3D, 0x31, 0x2E, 0x30, 0x30,
0x30, 0x30, 0x30, 0x30, 0x0D, 0x0A, 0x69, 0x53, 0x6B, 0x69, 0x6E, 0x49, 0x64, 0x2D, 0x33, 0x32,
0x3D, 0x30, 0x0D, 0x0A, 0x63, 0x6F, 0x6C, 0x53, 0x6B, 0x69, 0x6E, 0x73, 0x32, 0x33, 0x2D, 0x30,
0x3D, 0x31, 0x2E, 0x30, 0x30, 0x30, 0x30, 0x30, 0x30, 0x0D, 0x0A, 0x69, 0x53, 0x6B, 0x69, 0x6E,
0x49, 0x64, 0x2D, 0x33, 0x33, 0x3D, 0x30, 0x0D, 0x0A, 0x63, 0x6F, 0x6C, 0x53, 0x6B, 0x69, 0x6E,
0x73, 0x32, 0x33, 0x2D, 0x31, 0x3D, 0x31, 0x2E, 0x30, 0x30, 0x30, 0x30, 0x30, 0x30, 0x0D, 0x0A,
0x69, 0x53, 0x6B, 0x69, 0x6E, 0x49, 0x64, 0x2D, 0x33, 0x34, 0x3D, 0x30, 0x0D, 0x0A, 0x63, 0x6F,
0x6C, 0x53, 0x6B, 0x69, 0x6E, 0x73, 0x32, 0x33, 0x2D, 0x32, 0x3D, 0x31, 0x2E, 0x30, 0x30, 0x30,
0x30, 0x30, 0x30, 0x0D, 0x0A, 0x69, 0x53, 0x6B, 0x69, 0x6E, 0x49, 0x64, 0x2D, 0x33, 0x35, 0x3D,
0x30, 0x0D, 0x0A, 0x63, 0x6F, 0x6C, 0x53, 0x6B, 0x69, 0x6E, 0x73, 0x32, 0x33, 0x2D, 0x33, 0x3D,
0x31, 0x2E, 0x30, 0x30, 0x30, 0x30, 0x30, 0x30, 0x0D, 0x0A, 0x69, 0x53, 0x6B, 0x69, 0x6E, 0x49,
0x64, 0x2D, 0x33, 0x36, 0x3D, 0x30, 0x0D, 0x0A, 0x63, 0x6F, 0x6C, 0x53, 0x6B, 0x69, 0x6E, 0x73,
0x33, 0x33, 0x2D, 0x30, 0x3D, 0x31, 0x2E, 0x30, 0x30, 0x30, 0x30, 0x30, 0x30, 0x0D, 0x0A, 0x69,
0x53, 0x65, 0x65, 0x64, 0x2D, 0x30, 0x3D, 0x30, 0x0D, 0x0A, 0x63, 0x6F, 0x6C, 0x53, 0x6B, 0x69,
0x6E, 0x73, 0x33, 0x33, 0x2D, 0x31, 0x3D, 0x31, 0x2E, 0x30, 0x30, 0x30, 0x30, 0x30, 0x30, 0x0D,
0x0A, 0x69, 0x53, 0x65, 0x65, 0x64, 0x2D, 0x31, 0x3D, 0x30, 0x0D, 0x0A, 0x63, 0x6F, 0x6C, 0x53,
0x6B, 0x69, 0x6E, 0x73, 0x33, 0x33, 0x2D, 0x32, 0x3D, 0x31, 0x2E, 0x30, 0x30, 0x30, 0x30, 0x30,
0x30, 0x0D, 0x0A, 0x69, 0x53, 0x65, 0x65, 0x64, 0x2D, 0x32, 0x3D, 0x30, 0x0D, 0x0A, 0x63, 0x6F,
0x6C, 0x53, 0x6B, 0x69, 0x6E, 0x73, 0x33, 0x33, 0x2D, 0x33, 0x3D, 0x31, 0x2E, 0x30, 0x30, 0x30,
0x30, 0x30, 0x30, 0x0D, 0x0A, 0x69, 0x53, 0x65, 0x65, 0x64, 0x2D, 0x33, 0x3D, 0x30, 0x0D, 0x0A,
0x63, 0x6F, 0x6C, 0x53, 0x6B, 0x69, 0x6E, 0x73, 0x34, 0x33, 0x2D, 0x30, 0x3D, 0x31, 0x2E, 0x30,
0x30, 0x30, 0x30, 0x30, 0x30, 0x0D, 0x0A, 0x69, 0x53, 0x65, 0x65, 0x64, 0x2D, 0x34, 0x3D, 0x30,
0x0D, 0x0A, 0x63, 0x6F, 0x6C, 0x53, 0x6B, 0x69, 0x6E, 0x73, 0x34, 0x33, 0x2D, 0x31, 0x3D, 0x31,
0x2E, 0x30, 0x30, 0x30, 0x30, 0x30, 0x30, 0x0D, 0x0A, 0x69, 0x53, 0x65, 0x65, 0x64, 0x2D, 0x35,
0x3D, 0x30, 0x0D, 0x0A, 0x63, 0x6F, 0x6C, 0x53, 0x6B, 0x69, 0x6E, 0x73, 0x34, 0x33, 0x2D, 0x32,
0x3D, 0x31, 0x2E, 0x30, 0x30, 0x30, 0x30, 0x30, 0x30, 0x0D, 0x0A, 0x69, 0x53, 0x65, 0x65, 0x64,
0x2D, 0x36, 0x3D, 0x30, 0x0D, 0x0A, 0x63, 0x6F, 0x6C, 0x53, 0x6B, 0x69, 0x6E, 0x73, 0x34, 0x33,
0x2D, 0x33, 0x3D, 0x31, 0x2E, 0x30, 0x30, 0x30, 0x30, 0x30, 0x30, 0x0D, 0x0A, 0x69, 0x53, 0x65,
0x65, 0x64, 0x2D, 0x37, 0x3D, 0x30, 0x0D, 0x0A, 0x63, 0x6F, 0x6C, 0x53, 0x6B, 0x69, 0x6E, 0x73,
0x31, 0x34, 0x2D, 0x30, 0x3D, 0x31, 0x2E, 0x30, 0x30, 0x30, 0x30, 0x30, 0x30, 0x0D, 0x0A, 0x69,
0x53, 0x65, 0x65, 0x64, 0x2D, 0x38, 0x3D, 0x30, 0x0D, 0x0A, 0x63, 0x6F, 0x6C, 0x53, 0x6B, 0x69,
0x6E, 0x73, 0x31, 0x34, 0x2D, 0x31, 0x3D, 0x31, 0x2E, 0x30, 0x30, 0x30, 0x30, 0x30, 0x30, 0x0D,
0x0A, 0x69, 0x53, 0x65, 0x65, 0x64, 0x2D, 0x39, 0x3D, 0x30, 0x0D, 0x0A, 0x63, 0x6F, 0x6C, 0x53,
0x6B, 0x69, 0x6E, 0x73, 0x31, 0x34, 0x2D, 0x32, 0x3D, 0x31, 0x2E, 0x30, 0x30, 0x30, 0x30, 0x30,
0x30, 0x0D, 0x0A, 0x69, 0x53, 0x65, 0x65, 0x64, 0x2D, 0x31, 0x30, 0x3D, 0x30, 0x0D, 0x0A, 0x63,
0x6F, 0x6C, 0x53, 0x6B, 0x69, 0x6E, 0x73, 0x31, 0x34, 0x2D, 0x33, 0x3D, 0x31, 0x2E, 0x30, 0x30,
0x30, 0x30, 0x30, 0x30, 0x0D, 0x0A, 0x69, 0x53, 0x65, 0x65, 0x64, 0x2D, 0x31, 0x31, 0x3D, 0x30,
0x0D, 0x0A, 0x63, 0x6F, 0x6C, 0x53, 0x6B, 0x69, 0x6E, 0x73, 0x32, 0x34, 0x2D, 0x30, 0x3D, 0x31,
0x2E, 0x30, 0x30, 0x30, 0x30, 0x30, 0x30, 0x0D, 0x0A, 0x69, 0x53, 0x65, 0x65, 0x64, 0x2D, 0x31,
0x32, 0x3D, 0x30, 0x0D, 0x0A, 0x63, 0x6F, 0x6C, 0x53, 0x6B, 0x69, 0x6E, 0x73, 0x32, 0x34, 0x2D,
0x31, 0x3D, 0x31, 0x2E, 0x30, 0x30, 0x30, 0x30, 0x30, 0x30, 0x0D, 0x0A, 0x69, 0x53, 0x65, 0x65,
0x64, 0x2D, 0x31, 0x33, 0x3D, 0x30, 0x0D, 0x0A, 0x63, 0x6F, 0x6C, 0x53, 0x6B, 0x69, 0x6E, 0x73,
0x32, 0x34, 0x2D, 0x32, 0x3D, 0x31, 0x2E, 0x30, 0x30, 0x30, 0x30, 0x30, 0x30, 0x0D, 0x0A, 0x69,
0x53, 0x65, 0x65, 0x64, 0x2D, 0x31, 0x34, 0x3D, 0x30, 0x0D, 0x0A, 0x63, 0x6F, 0x6C, 0x53, 0x6B,
0x69, 0x6E, 0x73, 0x32, 0x34, 0x2D, 0x33, 0x3D, 0x31, 0x2E, 0x30, 0x30, 0x30, 0x30, 0x30, 0x30,
0x0D, 0x0A, 0x69, 0x53, 0x65, 0x65, 0x64, 0x2D, 0x31, 0x35, 0x3D, 0x30, 0x0D, 0x0A, 0x63, 0x6F,
0x6C, 0x53, 0x6B, 0x69, 0x6E, 0x73, 0x33, 0x34, 0x2D, 0x30, 0x3D, 0x31, 0x2E, 0x30, 0x30, 0x30,
0x30, 0x30, 0x30, 0x0D, 0x0A, 0x69, 0x53, 0x65, 0x65, 0x64, 0x2D, 0x31, 0x36, 0x3D, 0x30, 0x0D,
0x0A, 0x63, 0x6F, 0x6C, 0x53, 0x6B, 0x69, 0x6E, 0x73, 0x33, 0x34, 0x2D, 0x31, 0x3D, 0x31, 0x2E,
0x30, 0x30, 0x30, 0x30, 0x30, 0x30, 0x0D, 0x0A, 0x69, 0x53, 0x65, 0x65, 0x64, 0x2D, 0x31, 0x37,
0x3D, 0x30, 0x0D, 0x0A, 0x63, 0x6F, 0x6C, 0x53, 0x6B, 0x69, 0x6E, 0x73, 0x33, 0x34, 0x2D, 0x32,
0x3D, 0x31, 0x2E, 0x30, 0x30, 0x30, 0x30, 0x30, 0x30, 0x0D, 0x0A, 0x69, 0x53, 0x65, 0x65, 0x64,
0x2D, 0x31, 0x38, 0x3D, 0x30, 0x0D, 0x0A, 0x63, 0x6F, 0x6C, 0x53, 0x6B, 0x69, 0x6E, 0x73, 0x33,
0x34, 0x2D, 0x33, 0x3D, 0x31, 0x2E, 0x30, 0x30, 0x30, 0x30, 0x30, 0x30, 0x0D, 0x0A, 0x69, 0x53,
0x65, 0x65, 0x64, 0x2D, 0x31, 0x39, 0x3D, 0x30, 0x0D, 0x0A, 0x63, 0x6F, 0x6C, 0x53, 0x6B, 0x69,
0x6E, 0x73, 0x34, 0x34, 0x2D, 0x30, 0x3D, 0x31, 0x2E, 0x30, 0x30, 0x30, 0x30, 0x30, 0x30, 0x0D,
0x0A, 0x69, 0x53, 0x65, 0x65, 0x64, 0x2D, 0x32, 0x30, 0x3D, 0x30, 0x0D, 0x0A, 0x63, 0x6F, 0x6C,
0x53, 0x6B, 0x69, 0x6E, 0x73, 0x34, 0x34, 0x2D, 0x31, 0x3D, 0x31, 0x2E, 0x30, 0x30, 0x30, 0x30,
0x30, 0x30, 0x0D, 0x0A, 0x69, 0x53, 0x65, 0x65, 0x64, 0x2D, 0x32, 0x31, 0x3D, 0x30, 0x0D, 0x0A,
0x63, 0x6F, 0x6C, 0x53, 0x6B, 0x69, 0x6E, 0x73, 0x34, 0x34, 0x2D, 0x32, 0x3D, 0x31, 0x2E, 0x30,
0x30, 0x30, 0x30, 0x30, 0x30, 0x0D, 0x0A, 0x69, 0x53, 0x65, 0x65, 0x64, 0x2D, 0x32, 0x32, 0x3D,
0x30, 0x0D, 0x0A, 0x63, 0x6F, 0x6C, 0x53, 0x6B, 0x69, 0x6E, 0x73, 0x34, 0x34, 0x2D, 0x33, 0x3D,
0x31, 0x2E, 0x30, 0x30, 0x30, 0x30, 0x30, 0x30, 0x0D, 0x0A, 0x69, 0x53, 0x65, 0x65, 0x64, 0x2D,
0x32, 0x33, 0x3D, 0x30, 0x0D, 0x0A, 0x63, 0x6F, 0x6C, 0x53, 0x6B, 0x69, 0x6E, 0x73, 0x31, 0x35,
0x2D, 0x30, 0x3D, 0x31, 0x2E, 0x30, 0x30, 0x30, 0x30, 0x30, 0x30, 0x0D, 0x0A, 0x69, 0x53, 0x65,
0x65, 0x64, 0x2D, 0x32, 0x34, 0x3D, 0x30, 0x0D, 0x0A, 0x63, 0x6F, 0x6C, 0x53, 0x6B, 0x69, 0x6E,
0x73, 0x31, 0x35, 0x2D, 0x31, 0x3D, 0x31, 0x2E, 0x30, 0x30, 0x30, 0x30, 0x30, 0x30, 0x0D, 0x0A,
0x69, 0x53, 0x65, 0x65, 0x64, 0x2D, 0x32, 0x35, 0x3D, 0x30, 0x0D, 0x0A, 0x63, 0x6F, 0x6C, 0x53,
0x6B, 0x69, 0x6E, 0x73, 0x31, 0x35, 0x2D, 0x32, 0x3D, 0x31, 0x2E, 0x30, 0x30, 0x30, 0x30, 0x30,
0x30, 0x0D, 0x0A, 0x69, 0x53, 0x65, 0x65, 0x64, 0x2D, 0x32, 0x36, 0x3D, 0x30, 0x0D, 0x0A, 0x63,
0x6F, 0x6C, 0x53, 0x6B, 0x69, 0x6E, 0x73, 0x31, 0x35, 0x2D, 0x33, 0x3D, 0x31, 0x2E, 0x30, 0x30,
0x30, 0x30, 0x30, 0x30, 0x0D, 0x0A, 0x69, 0x53, 0x65, 0x65, 0x64, 0x2D, 0x32, 0x37, 0x3D, 0x30,
0x0D, 0x0A, 0x63, 0x6F, 0x6C, 0x53, 0x6B, 0x69, 0x6E, 0x73, 0x32, 0x35, 0x2D, 0x30, 0x3D, 0x31,
0x2E, 0x30, 0x30, 0x30, 0x30, 0x30, 0x30, 0x0D, 0x0A, 0x69, 0x53, 0x65, 0x65, 0x64, 0x2D, 0x32,
0x38, 0x3D, 0x30, 0x0D, 0x0A, 0x63, 0x6F, 0x6C, 0x53, 0x6B, 0x69, 0x6E, 0x73, 0x32, 0x35, 0x2D,
0x31, 0x3D, 0x31, 0x2E, 0x30, 0x30, 0x30, 0x30, 0x30, 0x30, 0x0D, 0x0A, 0x69, 0x53, 0x65, 0x65,
0x64, 0x2D, 0x32, 0x39, 0x3D, 0x30, 0x0D, 0x0A, 0x63, 0x6F, 0x6C, 0x53, 0x6B, 0x69, 0x6E, 0x73,
0x32, 0x35, 0x2D, 0x32, 0x3D, 0x31, 0x2E, 0x30, 0x30, 0x30, 0x30, 0x30, 0x30, 0x0D, 0x0A, 0x69,
0x53, 0x65, 0x65, 0x64, 0x2D, 0x33, 0x30, 0x3D, 0x30, 0x0D, 0x0A, 0x63, 0x6F, 0x6C, 0x53, 0x6B,
0x69, 0x6E, 0x73, 0x32, 0x35, 0x2D, 0x33, 0x3D, 0x31, 0x2E, 0x30, 0x30, 0x30, 0x30, 0x30, 0x30,
0x0D, 0x0A, 0x69, 0x53, 0x65, 0x65, 0x64, 0x2D, 0x33, 0x31, 0x3D, 0x30, 0x0D, 0x0A, 0x63, 0x6F,
0x6C, 0x53, 0x6B, 0x69, 0x6E, 0x73, 0x33, 0x35, 0x2D, 0x30, 0x3D, 0x31, 0x2E, 0x30, 0x30, 0x30,
0x30, 0x30, 0x30, 0x0D, 0x0A, 0x69, 0x53, 0x65, 0x65, 0x64, 0x2D, 0x33, 0x32, 0x3D, 0x30, 0x0D,
0x0A, 0x63, 0x6F, 0x6C, 0x53, 0x6B, 0x69, 0x6E, 0x73, 0x33, 0x35, 0x2D, 0x31, 0x3D, 0x31, 0x2E,
0x30, 0x30, 0x30, 0x30, 0x30, 0x30, 0x0D, 0x0A, 0x69, 0x53, 0x65, 0x65, 0x64, 0x2D, 0x33, 0x33,
0x3D, 0x30, 0x0D, 0x0A, 0x63, 0x6F, 0x6C, 0x53, 0x6B, 0x69, 0x6E, 0x73, 0x33, 0x35, 0x2D, 0x32,
0x3D, 0x31, 0x2E, 0x30, 0x30, 0x30, 0x30, 0x30, 0x30, 0x0D, 0x0A, 0x69, 0x53, 0x65, 0x65, 0x64,
0x2D, 0x33, 0x34, 0x3D, 0x30, 0x0D, 0x0A, 0x63, 0x6F, 0x6C, 0x53, 0x6B, 0x69, 0x6E, 0x73, 0x33,
0x35, 0x2D, 0x33, 0x3D, 0x31, 0x2E, 0x30, 0x30, 0x30, 0x30, 0x30, 0x30, 0x0D, 0x0A, 0x69, 0x53,
0x65, 0x65, 0x64, 0x2D, 0x33, 0x35, 0x3D, 0x30, 0x0D, 0x0A, 0x63, 0x6F, 0x6C, 0x53, 0x6B, 0x69,
0x6E, 0x73, 0x34, 0x35, 0x2D, 0x30, 0x3D, 0x31, 0x2E, 0x30, 0x30, 0x30, 0x30, 0x30, 0x30, 0x0D,
0x0A, 0x69, 0x53, 0x65, 0x65, 0x64, 0x2D, 0x33, 0x36, 0x3D, 0x30, 0x0D, 0x0A, 0x63, 0x6F, 0x6C,
0x53, 0x6B, 0x69, 0x6E, 0x73, 0x34, 0x35, 0x2D, 0x31, 0x3D, 0x31, 0x2E, 0x30, 0x30, 0x30, 0x30,
0x30, 0x30, 0x0D, 0x0A, 0x69, 0x51, 0x75, 0x61, 0x6C, 0x69, 0x74, 0x79, 0x2D, 0x30, 0x3D, 0x30,
0x0D, 0x0A, 0x63, 0x6F, 0x6C, 0x53, 0x6B, 0x69, 0x6E, 0x73, 0x34, 0x35, 0x2D, 0x32, 0x3D, 0x31,
0x2E, 0x30, 0x30, 0x30, 0x30, 0x30, 0x30, 0x0D, 0x0A, 0x69, 0x51, 0x75, 0x61, 0x6C, 0x69, 0x74,
0x79, 0x2D, 0x31, 0x3D, 0x30, 0x0D, 0x0A, 0x63, 0x6F, 0x6C, 0x53, 0x6B, 0x69, 0x6E, 0x73, 0x34,
0x35, 0x2D, 0x33, 0x3D, 0x31, 0x2E, 0x30, 0x30, 0x30, 0x30, 0x30, 0x30, 0x0D, 0x0A, 0x69, 0x51,
0x75, 0x61, 0x6C, 0x69, 0x74, 0x79, 0x2D, 0x32, 0x3D, 0x30, 0x0D, 0x0A, 0x63, 0x6F, 0x6C, 0x53,
0x6B, 0x69, 0x6E, 0x73, 0x31, 0x36, 0x2D, 0x30, 0x3D, 0x31, 0x2E, 0x30, 0x30, 0x30, 0x30, 0x30,
0x30, 0x0D, 0x0A, 0x69, 0x51, 0x75, 0x61, 0x6C, 0x69, 0x74, 0x79, 0x2D, 0x33, 0x3D, 0x30, 0x0D,
0x0A, 0x63, 0x6F, 0x6C, 0x53, 0x6B, 0x69, 0x6E, 0x73, 0x31, 0x36, 0x2D, 0x31, 0x3D, 0x31, 0x2E,
0x30, 0x30, 0x30, 0x30, 0x30, 0x30, 0x0D, 0x0A, 0x69, 0x51, 0x75, 0x61, 0x6C, 0x69, 0x74, 0x79,
0x2D, 0x34, 0x3D, 0x30, 0x0D, 0x0A, 0x63, 0x6F, 0x6C, 0x53, 0x6B, 0x69, 0x6E, 0x73, 0x31, 0x36,
0x2D, 0x32, 0x3D, 0x31, 0x2E, 0x30, 0x30, 0x30, 0x30, 0x30, 0x30, 0x0D, 0x0A, 0x69, 0x51, 0x75,
0x61, 0x6C, 0x69, 0x74, 0x79, 0x2D, 0x35, 0x3D, 0x30, 0x0D, 0x0A, 0x63, 0x6F, 0x6C, 0x53, 0x6B,
0x69, 0x6E, 0x73, 0x31, 0x36, 0x2D, 0x33, 0x3D, 0x31, 0x2E, 0x30, 0x30, 0x30, 0x30, 0x30, 0x30,
0x0D, 0x0A, 0x69, 0x51, 0x75, 0x61, 0x6C, 0x69, 0x74, 0x79, 0x2D, 0x36, 0x3D, 0x30, 0x0D, 0x0A,
0x63, 0x6F, 0x6C, 0x53, 0x6B, 0x69, 0x6E, 0x73, 0x32, 0x36, 0x2D, 0x30, 0x3D, 0x31, 0x2E, 0x30,
0x30, 0x30, 0x30, 0x30, 0x30, 0x0D, 0x0A, 0x69, 0x51, 0x75, 0x61, 0x6C, 0x69, 0x74, 0x79, 0x2D,
0x37, 0x3D, 0x30, 0x0D, 0x0A, 0x63, 0x6F, 0x6C, 0x53, 0x6B, 0x69, 0x6E, 0x73, 0x32, 0x36, 0x2D,
0x31, 0x3D, 0x31, 0x2E, 0x30, 0x30, 0x30, 0x30, 0x30, 0x30, 0x0D, 0x0A, 0x69, 0x51, 0x75, 0x61,
0x6C, 0x69, 0x74, 0x79, 0x2D, 0x38, 0x3D, 0x30, 0x0D, 0x0A, 0x63, 0x6F, 0x6C, 0x53, 0x6B, 0x69,
0x6E, 0x73, 0x32, 0x36, 0x2D, 0x32, 0x3D, 0x31, 0x2E, 0x30, 0x30, 0x30, 0x30, 0x30, 0x30, 0x0D,
0x0A, 0x69, 0x51, 0x75, 0x61, 0x6C, 0x69, 0x74, 0x79, 0x2D, 0x39, 0x3D, 0x30, 0x0D, 0x0A, 0x63,
0x6F, 0x6C, 0x53, 0x6B, 0x69, 0x6E, 0x73, 0x32, 0x36, 0x2D, 0x33, 0x3D, 0x31, 0x2E, 0x30, 0x30,
0x30, 0x30, 0x30, 0x30, 0x0D, 0x0A, 0x69, 0x51, 0x75, 0x61, 0x6C, 0x69, 0x74, 0x79, 0x2D, 0x31,
0x30, 0x3D, 0x30, 0x0D, 0x0A, 0x63, 0x6F, 0x6C, 0x53, 0x6B, 0x69, 0x6E, 0x73, 0x33, 0x36, 0x2D,
0x30, 0x3D, 0x31, 0x2E, 0x30, 0x30, 0x30, 0x30, 0x30, 0x30, 0x0D, 0x0A, 0x69, 0x51, 0x75, 0x61,
0x6C, 0x69, 0x74, 0x79, 0x2D, 0x31, 0x31, 0x3D, 0x30, 0x0D, 0x0A, 0x63, 0x6F, 0x6C, 0x53, 0x6B,
0x69, 0x6E, 0x73, 0x33, 0x36, 0x2D, 0x31, 0x3D, 0x31, 0x2E, 0x30, 0x30, 0x30, 0x30, 0x30, 0x30,
0x0D, 0x0A, 0x69, 0x51, 0x75, 0x61, 0x6C, 0x69, 0x74, 0x79, 0x2D, 0x31, 0x32, 0x3D, 0x30, 0x0D,
0x0A, 0x63, 0x6F, 0x6C, 0x53, 0x6B, 0x69, 0x6E, 0x73, 0x33, 0x36, 0x2D, 0x32, 0x3D, 0x31, 0x2E,
0x30, 0x30, 0x30, 0x30, 0x30, 0x30, 0x0D, 0x0A, 0x69, 0x51, 0x75, 0x61, 0x6C, 0x69, 0x74, 0x79,
0x2D, 0x31, 0x33, 0x3D, 0x30, 0x0D, 0x0A, 0x63, 0x6F, 0x6C, 0x53, 0x6B, 0x69, 0x6E, 0x73, 0x33,
0x36, 0x2D, 0x33, 0x3D, 0x31, 0x2E, 0x30, 0x30, 0x30, 0x30, 0x30, 0x30, 0x0D, 0x0A, 0x69, 0x51,
0x75, 0x61, 0x6C, 0x69, 0x74, 0x79, 0x2D, 0x31, 0x34, 0x3D, 0x30, 0x0D, 0x0A, 0x63, 0x6F, 0x6C,
0x53, 0x6B, 0x69, 0x6E, 0x73, 0x34, 0x36, 0x2D, 0x30, 0x3D, 0x31, 0x2E, 0x30, 0x30, 0x30, 0x30,
0x30, 0x30, 0x0D, 0x0A, 0x69, 0x51, 0x75, 0x61, 0x6C, 0x69, 0x74, 0x79, 0x2D, 0x31, 0x35, 0x3D,
0x30, 0x0D, 0x0A, 0x63, 0x6F, 0x6C, 0x53, 0x6B, 0x69, 0x6E, 0x73, 0x34, 0x36, 0x2D, 0x31, 0x3D,
0x31, 0x2E, 0x30, 0x30, 0x30, 0x30, 0x30, 0x30, 0x0D, 0x0A, 0x69, 0x51, 0x75, 0x61, 0x6C, 0x69,
0x74, 0x79, 0x2D, 0x31, 0x36, 0x3D, 0x30, 0x0D, 0x0A, 0x63, 0x6F, 0x6C, 0x53, 0x6B, 0x69, 0x6E,
0x73, 0x34, 0x36, 0x2D, 0x32, 0x3D, 0x31, 0x2E, 0x30, 0x30, 0x30, 0x30, 0x30, 0x30, 0x0D, 0x0A,
0x69, 0x51, 0x75, 0x61, 0x6C, 0x69, 0x74, 0x79, 0x2D, 0x31, 0x37, 0x3D, 0x30, 0x0D, 0x0A, 0x63,
0x6F, 0x6C, 0x53, 0x6B, 0x69, 0x6E, 0x73, 0x34, 0x36, 0x2D, 0x33, 0x3D, 0x31, 0x2E, 0x30, 0x30,
0x30, 0x30, 0x30, 0x30, 0x0D, 0x0A, 0x69, 0x51, 0x75, 0x61, 0x6C, 0x69, 0x74, 0x79, 0x2D, 0x31,
0x38, 0x3D, 0x30, 0x0D, 0x0A, 0x63, 0x6F, 0x6C, 0x53, 0x6B, 0x69, 0x6E, 0x73, 0x31, 0x37, 0x2D,
0x30, 0x3D, 0x31, 0x2E, 0x30, 0x30, 0x30, 0x30, 0x30, 0x30, 0x0D, 0x0A, 0x69, 0x51, 0x75, 0x61,
0x6C, 0x69, 0x74, 0x79, 0x2D, 0x31, 0x39, 0x3D, 0x30, 0x0D, 0x0A, 0x63, 0x6F, 0x6C, 0x53, 0x6B,
0x69, 0x6E, 0x73, 0x31, 0x37, 0x2D, 0x31, 0x3D, 0x31, 0x2E, 0x30, 0x30, 0x30, 0x30, 0x30, 0x30,
0x0D, 0x0A, 0x69, 0x51, 0x75, 0x61, 0x6C, 0x69, 0x74, 0x79, 0x2D, 0x32, 0x30, 0x3D, 0x30, 0x0D,
0x0A, 0x63, 0x6F, 0x6C, 0x53, 0x6B, 0x69, 0x6E, 0x73, 0x31, 0x37, 0x2D, 0x32, 0x3D, 0x31, 0x2E,
0x30, 0x30, 0x30, 0x30, 0x30, 0x30, 0x0D, 0x0A, 0x69, 0x51, 0x75, 0x61, 0x6C, 0x69, 0x74, 0x79,
0x2D, 0x32, 0x31, 0x3D, 0x30, 0x0D, 0x0A, 0x63, 0x6F, 0x6C, 0x53, 0x6B, 0x69, 0x6E, 0x73, 0x31,
0x37, 0x2D, 0x33, 0x3D, 0x31, 0x2E, 0x30, 0x30, 0x30, 0x30, 0x30, 0x30, 0x0D, 0x0A, 0x69, 0x51,
0x75, 0x61, 0x6C, 0x69, 0x74, 0x79, 0x2D, 0x32, 0x32, 0x3D, 0x30, 0x0D, 0x0A, 0x63, 0x6F, 0x6C,
0x53, 0x6B, 0x69, 0x6E, 0x73, 0x32, 0x37, 0x2D, 0x30, 0x3D, 0x31, 0x2E, 0x30, 0x30, 0x30, 0x30,
0x30, 0x30, 0x0D, 0x0A, 0x69, 0x51, 0x75, 0x61, 0x6C, 0x69, 0x74, 0x79, 0x2D, 0x32, 0x33, 0x3D,
0x30, 0x0D, 0x0A, 0x63, 0x6F, 0x6C, 0x53, 0x6B, 0x69, 0x6E, 0x73, 0x32, 0x37, 0x2D, 0x31, 0x3D,
0x31, 0x2E, 0x30, 0x30, 0x30, 0x30, 0x30, 0x30, 0x0D, 0x0A, 0x69, 0x51, 0x75, 0x61, 0x6C, 0x69,
0x74, 0x79, 0x2D, 0x32, 0x34, 0x3D, 0x30, 0x0D, 0x0A, 0x63, 0x6F, 0x6C, 0x53, 0x6B, 0x69, 0x6E,
0x73, 0x32, 0x37, 0x2D, 0x32, 0x3D, 0x31, 0x2E, 0x30, 0x30, 0x30, 0x30, 0x30, 0x30, 0x0D, 0x0A,
0x69, 0x51, 0x75, 0x61, 0x6C, 0x69, 0x74, 0x79, 0x2D, 0x32, 0x35, 0x3D, 0x30, 0x0D, 0x0A, 0x63,
0x6F, 0x6C, 0x53, 0x6B, 0x69, 0x6E, 0x73, 0x32, 0x37, 0x2D, 0x33, 0x3D, 0x31, 0x2E, 0x30, 0x30,
0x30, 0x30, 0x30, 0x30, 0x0D, 0x0A, 0x69, 0x51, 0x75, 0x61, 0x6C, 0x69, 0x74, 0x79, 0x2D, 0x32,
0x36, 0x3D, 0x30, 0x0D, 0x0A, 0x63, 0x6F, 0x6C, 0x53, 0x6B, 0x69, 0x6E, 0x73, 0x33, 0x37, 0x2D,
0x30, 0x3D, 0x31, 0x2E, 0x30, 0x30, 0x30, 0x30, 0x30, 0x30, 0x0D, 0x0A, 0x69, 0x51, 0x75, 0x61,
0x6C, 0x69, 0x74, 0x79, 0x2D, 0x32, 0x37, 0x3D, 0x30, 0x0D, 0x0A, 0x63, 0x6F, 0x6C, 0x53, 0x6B,
0x69, 0x6E, 0x73, 0x33, 0x37, 0x2D, 0x31, 0x3D, 0x31, 0x2E, 0x30, 0x30, 0x30, 0x30, 0x30, 0x30,
0x0D, 0x0A, 0x69, 0x51, 0x75, 0x61, 0x6C, 0x69, 0x74, 0x79, 0x2D, 0x32, 0x38, 0x3D, 0x30, 0x0D,
0x0A, 0x63, 0x6F, 0x6C, 0x53, 0x6B, 0x69, 0x6E, 0x73, 0x33, 0x37, 0x2D, 0x32, 0x3D, 0x31, 0x2E,
0x30, 0x30, 0x30, 0x30, 0x30, 0x30, 0x0D, 0x0A, 0x69, 0x51, 0x75, 0x61, 0x6C, 0x69, 0x74, 0x79,
0x2D, 0x32, 0x39, 0x3D, 0x30, 0x0D, 0x0A, 0x63, 0x6F, 0x6C, 0x53, 0x6B, 0x69, 0x6E, 0x73, 0x33,
0x37, 0x2D, 0x33, 0x3D, 0x31, 0x2E, 0x30, 0x30, 0x30, 0x30, 0x30, 0x30, 0x0D, 0x0A, 0x69, 0x51,
0x75, 0x61, 0x6C, 0x69, 0x74, 0x79, 0x2D, 0x33, 0x30, 0x3D, 0x30, 0x0D, 0x0A, 0x63, 0x6F, 0x6C,
0x53, 0x6B, 0x69, 0x6E, 0x73, 0x34, 0x37, 0x2D, 0x30, 0x3D, 0x31, 0x2E, 0x30, 0x30, 0x30, 0x30,
0x30, 0x30, 0x0D, 0x0A, 0x69, 0x51, 0x75, 0x61, 0x6C, 0x69, 0x74, 0x79, 0x2D, 0x33, 0x31, 0x3D,
0x30, 0x0D, 0x0A, 0x63, 0x6F, 0x6C, 0x53, 0x6B, 0x69, 0x6E, 0x73, 0x34, 0x37, 0x2D, 0x31, 0x3D,
0x31, 0x2E, 0x30, 0x30, 0x30, 0x30, 0x30, 0x30, 0x0D, 0x0A, 0x69, 0x51, 0x75, 0x61, 0x6C, 0x69,
0x74, 0x79, 0x2D, 0x33, 0x32, 0x3D, 0x30, 0x0D, 0x0A, 0x63, 0x6F, 0x6C, 0x53, 0x6B, 0x69, 0x6E,
0x73, 0x34, 0x37, 0x2D, 0x32, 0x3D, 0x31, 0x2E, 0x30, 0x30, 0x30, 0x30, 0x30, 0x30, 0x0D, 0x0A,
0x69, 0x51, 0x75, 0x61, 0x6C, 0x69, 0x74, 0x79, 0x2D, 0x33, 0x33, 0x3D, 0x30, 0x0D, 0x0A, 0x63,
0x6F, 0x6C, 0x53, 0x6B, 0x69, 0x6E, 0x73, 0x34, 0x37, 0x2D, 0x33, 0x3D, 0x31, 0x2E, 0x30, 0x30,
0x30, 0x30, 0x30, 0x30, 0x0D, 0x0A, 0x69, 0x51, 0x75, 0x61, 0x6C, 0x69, 0x74, 0x79, 0x2D, 0x33,
0x34, 0x3D, 0x30, 0x0D, 0x0A, 0x63, 0x6F, 0x6C, 0x53, 0x6B, 0x69, 0x6E, 0x73, 0x31, 0x38, 0x2D,
0x30, 0x3D, 0x31, 0x2E, 0x30, 0x30, 0x30, 0x30, 0x30, 0x30, 0x0D, 0x0A, 0x69, 0x51, 0x75, 0x61,
0x6C, 0x69, 0x74, 0x79, 0x2D, 0x33, 0x35, 0x3D, 0x30, 0x0D, 0x0A, 0x63, 0x6F, 0x6C, 0x53, 0x6B,
0x69, 0x6E, 0x73, 0x31, 0x38, 0x2D, 0x31, 0x3D, 0x31, 0x2E, 0x30, 0x30, 0x30, 0x30, 0x30, 0x30,
0x0D, 0x0A, 0x69, 0x51, 0x75, 0x61, 0x6C, 0x69, 0x74, 0x79, 0x2D, 0x33, 0x36, 0x3D, 0x30, 0x0D,
0x0A, 0x63, 0x6F, 0x6C, 0x53, 0x6B, 0x69, 0x6E, 0x73, 0x31, 0x38, 0x2D, 0x32, 0x3D, 0x31, 0x2E,
0x30, 0x30, 0x30, 0x30, 0x30, 0x30, 0x0D, 0x0A, 0x69, 0x53, 0x6B, 0x69, 0x6E, 0x53, 0x74, 0x61,
0x74, 0x74, 0x72, 0x61, 0x6B, 0x2D, 0x30, 0x3D, 0x30, 0x0D, 0x0A, 0x63, 0x6F, 0x6C, 0x53, 0x6B,
0x69, 0x6E, 0x73, 0x31, 0x38, 0x2D, 0x33, 0x3D, 0x31, 0x2E, 0x30, 0x30, 0x30, 0x30, 0x30, 0x30,
0x0D, 0x0A, 0x69, 0x53, 0x6B, 0x69, 0x6E, 0x53, 0x74, 0x61, 0x74, 0x74, 0x72, 0x61, 0x6B, 0x2D,
0x31, 0x3D, 0x30, 0x0D, 0x0A, 0x63, 0x6F, 0x6C, 0x53, 0x6B, 0x69, 0x6E, 0x73, 0x32, 0x38, 0x2D,
0x30, 0x3D, 0x31, 0x2E, 0x30, 0x30, 0x30, 0x30, 0x30, 0x30, 0x0D, 0x0A, 0x69, 0x53, 0x6B, 0x69,
0x6E, 0x53, 0x74, 0x61, 0x74, 0x74, 0x72, 0x61, 0x6B, 0x2D, 0x32, 0x3D, 0x30, 0x0D, 0x0A, 0x63,
0x6F, 0x6C, 0x53, 0x6B, 0x69, 0x6E, 0x73, 0x32, 0x38, 0x2D, 0x31, 0x3D, 0x31, 0x2E, 0x30, 0x30,
0x30, 0x30, 0x30, 0x30, 0x0D, 0x0A, 0x69, 0x53, 0x6B, 0x69, 0x6E, 0x53, 0x74, 0x61, 0x74, 0x74,
0x72, 0x61, 0x6B, 0x2D, 0x33, 0x3D, 0x30, 0x0D, 0x0A, 0x63, 0x6F, 0x6C, 0x53, 0x6B, 0x69, 0x6E,
0x73, 0x32, 0x38, 0x2D, 0x32, 0x3D, 0x31, 0x2E, 0x30, 0x30, 0x30, 0x30, 0x30, 0x30, 0x0D, 0x0A,
0x69, 0x53, 0x6B, 0x69, 0x6E, 0x53, 0x74, 0x61, 0x74, 0x74, 0x72, 0x61, 0x6B, 0x2D, 0x34, 0x3D,
0x30, 0x0D, 0x0A, 0x63, 0x6F, 0x6C, 0x53, 0x6B, 0x69, 0x6E, 0x73, 0x32, 0x38, 0x2D, 0x33, 0x3D,
0x31, 0x2E, 0x30, 0x30, 0x30, 0x30, 0x30, 0x30, 0x0D, 0x0A, 0x69, 0x53, 0x6B, 0x69, 0x6E, 0x53,
0x74, 0x61, 0x74, 0x74, 0x72, 0x61, 0x6B, 0x2D, 0x35, 0x3D, 0x30, 0x0D, 0x0A, 0x63, 0x6F, 0x6C,
0x53, 0x6B, 0x69, 0x6E, 0x73, 0x33, 0x38, 0x2D, 0x30, 0x3D, 0x31, 0x2E, 0x30, 0x30, 0x30, 0x30,
0x30, 0x30, 0x0D, 0x0A, 0x69, 0x53, 0x6B, 0x69, 0x6E, 0x53, 0x74, 0x61, 0x74, 0x74, 0x72, 0x61,
0x6B, 0x2D, 0x36, 0x3D, 0x30, 0x0D, 0x0A, 0x63, 0x6F, 0x6C, 0x53, 0x6B, 0x69, 0x6E, 0x73, 0x33,
0x38, 0x2D, 0x31, 0x3D, 0x31, 0x2E, 0x30, 0x30, 0x30, 0x30, 0x30, 0x30, 0x0D, 0x0A, 0x69, 0x53,
0x6B, 0x69, 0x6E, 0x53, 0x74, 0x61, 0x74, 0x74, 0x72, 0x61, 0x6B, 0x2D, 0x37, 0x3D, 0x30, 0x0D,
0x0A, 0x63, 0x6F, 0x6C, 0x53, 0x6B, 0x69, 0x6E, 0x73, 0x33, 0x38, 0x2D, 0x32, 0x3D, 0x31, 0x2E,
0x30, 0x30, 0x30, 0x30, 0x30, 0x30, 0x0D, 0x0A, 0x69, 0x53, 0x6B, 0x69, 0x6E, 0x53, 0x74, 0x61,
0x74, 0x74, 0x72, 0x61, 0x6B, 0x2D, 0x38, 0x3D, 0x30, 0x0D, 0x0A, 0x63, 0x6F, 0x6C, 0x53, 0x6B,
0x69, 0x6E, 0x73, 0x33, 0x38, 0x2D, 0x33, 0x3D, 0x31, 0x2E, 0x30, 0x30, 0x30, 0x30, 0x30, 0x30,
0x0D, 0x0A, 0x69, 0x53, 0x6B, 0x69, 0x6E, 0x53, 0x74, 0x61, 0x74, 0x74, 0x72, 0x61, 0x6B, 0x2D,
0x39, 0x3D, 0x30, 0x0D, 0x0A, 0x63, 0x6F, 0x6C, 0x53, 0x6B, 0x69, 0x6E, 0x73, 0x34, 0x38, 0x2D,
0x30, 0x3D, 0x31, 0x2E, 0x30, 0x30, 0x30, 0x30, 0x30, 0x30, 0x0D, 0x0A, 0x69, 0x53, 0x6B, 0x69,
0x6E, 0x53, 0x74, 0x61, 0x74, 0x74, 0x72, 0x61, 0x6B, 0x2D, 0x31, 0x30, 0x3D, 0x30, 0x0D, 0x0A,
0x63, 0x6F, 0x6C, 0x53, 0x6B, 0x69, 0x6E, 0x73, 0x34, 0x38, 0x2D, 0x31, 0x3D, 0x31, 0x2E, 0x30,
0x30, 0x30, 0x30, 0x30, 0x30, 0x0D, 0x0A, 0x69, 0x53, 0x6B, 0x69, 0x6E, 0x53, 0x74, 0x61, 0x74,
0x74, 0x72, 0x61, 0x6B, 0x2D, 0x31, 0x31, 0x3D, 0x30, 0x0D, 0x0A, 0x63, 0x6F, 0x6C, 0x53, 0x6B,
0x69, 0x6E, 0x73, 0x34, 0x38, 0x2D, 0x32, 0x3D, 0x31, 0x2E, 0x30, 0x30, 0x30, 0x30, 0x30, 0x30,
0x0D, 0x0A, 0x69, 0x53, 0x6B, 0x69, 0x6E, 0x53, 0x74, 0x61, 0x74, 0x74, 0x72, 0x61, 0x6B, 0x2D,
0x31, 0x32, 0x3D, 0x30, 0x0D, 0x0A, 0x63, 0x6F, 0x6C, 0x53, 0x6B, 0x69, 0x6E, 0x73, 0x34, 0x38,
0x2D, 0x33, 0x3D, 0x31, 0x2E, 0x30, 0x30, 0x30, 0x30, 0x30, 0x30, 0x0D, 0x0A, 0x69, 0x53, 0x6B,
0x69, 0x6E, 0x53, 0x74, 0x61, 0x74, 0x74, 0x72, 0x61, 0x6B, 0x2D, 0x31, 0x33, 0x3D, 0x30, 0x0D,
0x0A, 0x63, 0x6F, 0x6C, 0x53, 0x6B, 0x69, 0x6E, 0x73, 0x31, 0x39, 0x2D, 0x30, 0x3D, 0x31, 0x2E,
0x30, 0x30, 0x30, 0x30, 0x30, 0x30, 0x0D, 0x0A, 0x69, 0x53, 0x6B, 0x69, 0x6E, 0x53, 0x74, 0x61,
0x74, 0x74, 0x72, 0x61, 0x6B, 0x2D, 0x31, 0x34, 0x3D, 0x30, 0x0D, 0x0A, 0x63, 0x6F, 0x6C, 0x53,
0x6B, 0x69, 0x6E, 0x73, 0x31, 0x39, 0x2D, 0x31, 0x3D, 0x31, 0x2E, 0x30, 0x30, 0x30, 0x30, 0x30,
0x30, 0x0D, 0x0A, 0x69, 0x53, 0x6B, 0x69, 0x6E, 0x53, 0x74, 0x61, 0x74, 0x74, 0x72, 0x61, 0x6B,
0x2D, 0x31, 0x35, 0x3D, 0x30, 0x0D, 0x0A, 0x63, 0x6F, 0x6C, 0x53, 0x6B, 0x69, 0x6E, 0x73, 0x31,
0x39, 0x2D, 0x32, 0x3D, 0x31, 0x2E, 0x30, 0x30, 0x30, 0x30, 0x30, 0x30, 0x0D, 0x0A, 0x69, 0x53,
0x6B, 0x69, 0x6E, 0x53, 0x74, 0x61, 0x74, 0x74, 0x72, 0x61, 0x6B, 0x2D, 0x31, 0x36, 0x3D, 0x30,
0x0D, 0x0A, 0x63, 0x6F, 0x6C, 0x53, 0x6B, 0x69, 0x6E, 0x73, 0x31, 0x39, 0x2D, 0x33, 0x3D, 0x31,
0x2E, 0x30, 0x30, 0x30, 0x30, 0x30, 0x30, 0x0D, 0x0A, 0x69, 0x53, 0x6B, 0x69, 0x6E, 0x53, 0x74,
0x61, 0x74, 0x74, 0x72, 0x61, 0x6B, 0x2D, 0x31, 0x37, 0x3D, 0x30, 0x0D, 0x0A, 0x63, 0x6F, 0x6C,
0x53, 0x6B, 0x69, 0x6E, 0x73, 0x32, 0x39, 0x2D, 0x30, 0x3D, 0x31, 0x2E, 0x30, 0x30, 0x30, 0x30,
0x30, 0x30, 0x0D, 0x0A, 0x69, 0x53, 0x6B, 0x69, 0x6E, 0x53, 0x74, 0x61, 0x74, 0x74, 0x72, 0x61,
0x6B, 0x2D, 0x31, 0x38, 0x3D, 0x30, 0x0D, 0x0A, 0x63, 0x6F, 0x6C, 0x53, 0x6B, 0x69, 0x6E, 0x73,
0x32, 0x39, 0x2D, 0x31, 0x3D, 0x31, 0x2E, 0x30, 0x30, 0x30, 0x30, 0x30, 0x30, 0x0D, 0x0A, 0x69,
0x53, 0x6B, 0x69, 0x6E, 0x53, 0x74, 0x61, 0x74, 0x74, 0x72, 0x61, 0x6B, 0x2D, 0x31, 0x39, 0x3D,
0x30, 0x0D, 0x0A, 0x63, 0x6F, 0x6C, 0x53, 0x6B, 0x69, 0x6E, 0x73, 0x32, 0x39, 0x2D, 0x32, 0x3D,
0x31, 0x2E, 0x30, 0x30, 0x30, 0x30, 0x30, 0x30, 0x0D, 0x0A, 0x69, 0x53, 0x6B, 0x69, 0x6E, 0x53,
0x74, 0x61, 0x74, 0x74, 0x72, 0x61, 0x6B, 0x2D, 0x32, 0x30, 0x3D, 0x30, 0x0D, 0x0A, 0x63, 0x6F,
0x6C, 0x53, 0x6B, 0x69, 0x6E, 0x73, 0x32, 0x39, 0x2D, 0x33, 0x3D, 0x31, 0x2E, 0x30, 0x30, 0x30,
0x30, 0x30, 0x30, 0x0D, 0x0A, 0x69, 0x53, 0x6B, 0x69, 0x6E, 0x53, 0x74, 0x61, 0x74, 0x74, 0x72,
0x61, 0x6B, 0x2D, 0x32, 0x31, 0x3D, 0x30, 0x0D, 0x0A, 0x63, 0x6F, 0x6C, 0x53, 0x6B, 0x69, 0x6E,
0x73, 0x33, 0x39, 0x2D, 0x30, 0x3D, 0x31, 0x2E, 0x30, 0x30, 0x30, 0x30, 0x30, 0x30, 0x0D, 0x0A,
0x69, 0x53, 0x6B, 0x69, 0x6E, 0x53, 0x74, 0x61, 0x74, 0x74, 0x72, 0x61, 0x6B, 0x2D, 0x32, 0x32,
0x3D, 0x30, 0x0D, 0x0A, 0x63, 0x6F, 0x6C, 0x53, 0x6B, 0x69, 0x6E, 0x73, 0x33, 0x39, 0x2D, 0x31,
0x3D, 0x31, 0x2E, 0x30, 0x30, 0x30, 0x30, 0x30, 0x30, 0x0D, 0x0A, 0x69, 0x53, 0x6B, 0x69, 0x6E,
0x53, 0x74, 0x61, 0x74, 0x74, 0x72, 0x61, 0x6B, 0x2D, 0x32, 0x33, 0x3D, 0x30, 0x0D, 0x0A, 0x63,
0x6F, 0x6C, 0x53, 0x6B, 0x69, 0x6E, 0x73, 0x33, 0x39, 0x2D, 0x32, 0x3D, 0x31, 0x2E, 0x30, 0x30,
0x30, 0x30, 0x30, 0x30, 0x0D, 0x0A, 0x69, 0x53, 0x6B, 0x69, 0x6E, 0x53, 0x74, 0x61, 0x74, 0x74,
0x72, 0x61, 0x6B, 0x2D, 0x32, 0x34, 0x3D, 0x30, 0x0D, 0x0A, 0x63, 0x6F, 0x6C, 0x53, 0x6B, 0x69,
0x6E, 0x73, 0x33, 0x39, 0x2D, 0x33, 0x3D, 0x31, 0x2E, 0x30, 0x30, 0x30, 0x30, 0x30, 0x30, 0x0D,
0x0A, 0x69, 0x53, 0x6B, 0x69, 0x6E, 0x53, 0x74, 0x61, 0x74, 0x74, 0x72, 0x61, 0x6B, 0x2D, 0x32,
0x35, 0x3D, 0x30, 0x0D, 0x0A, 0x63, 0x6F, 0x6C, 0x53, 0x6B, 0x69, 0x6E, 0x73, 0x34, 0x39, 0x2D,
0x30, 0x3D, 0x31, 0x2E, 0x30, 0x30, 0x30, 0x30, 0x30, 0x30, 0x0D, 0x0A, 0x69, 0x53, 0x6B, 0x69,
0x6E, 0x53, 0x74, 0x61, 0x74, 0x74, 0x72, 0x61, 0x6B, 0x2D, 0x32, 0x36, 0x3D, 0x30, 0x0D, 0x0A,
0x63, 0x6F, 0x6C, 0x53, 0x6B, 0x69, 0x6E, 0x73, 0x34, 0x39, 0x2D, 0x31, 0x3D, 0x31, 0x2E, 0x30,
0x30, 0x30, 0x30, 0x30, 0x30, 0x0D, 0x0A, 0x69, 0x53, 0x6B, 0x69, 0x6E, 0x53, 0x74, 0x61, 0x74,
0x74, 0x72, 0x61, 0x6B, 0x2D, 0x32, 0x37, 0x3D, 0x30, 0x0D, 0x0A, 0x63, 0x6F, 0x6C, 0x53, 0x6B,
0x69, 0x6E, 0x73, 0x34, 0x39, 0x2D, 0x32, 0x3D, 0x31, 0x2E, 0x30, 0x30, 0x30, 0x30, 0x30, 0x30,
0x0D, 0x0A, 0x69, 0x53, 0x6B, 0x69, 0x6E, 0x53, 0x74, 0x61, 0x74, 0x74, 0x72, 0x61, 0x6B, 0x2D,
0x32, 0x38, 0x3D, 0x30, 0x0D, 0x0A, 0x63, 0x6F, 0x6C, 0x53, 0x6B, 0x69, 0x6E, 0x73, 0x34, 0x39,
0x2D, 0x33, 0x3D, 0x31, 0x2E, 0x30, 0x30, 0x30, 0x30, 0x30, 0x30, 0x0D, 0x0A, 0x69, 0x53, 0x6B,
0x69, 0x6E, 0x53, 0x74, 0x61, 0x74, 0x74, 0x72, 0x61, 0x6B, 0x2D, 0x32, 0x39, 0x3D, 0x30, 0x0D,
0x0A, 0x63, 0x6F, 0x6C, 0x53, 0x6B, 0x69, 0x6E, 0x73, 0x31, 0x31, 0x30, 0x2D, 0x30, 0x3D, 0x31,
0x2E, 0x30, 0x30, 0x30, 0x30, 0x30, 0x30, 0x0D, 0x0A, 0x69, 0x53, 0x6B, 0x69, 0x6E, 0x53, 0x74,
0x61, 0x74, 0x74, 0x72, 0x61, 0x6B, 0x2D, 0x33, 0x30, 0x3D, 0x30, 0x0D, 0x0A, 0x63, 0x6F, 0x6C,
0x53, 0x6B, 0x69, 0x6E, 0x73, 0x31, 0x31, 0x30, 0x2D, 0x31, 0x3D, 0x31, 0x2E, 0x30, 0x30, 0x30,
0x30, 0x30, 0x30, 0x0D, 0x0A, 0x69, 0x53, 0x6B, 0x69, 0x6E, 0x53, 0x74, 0x61, 0x74, 0x74, 0x72,
0x61, 0x6B, 0x2D, 0x33, 0x31, 0x3D, 0x30, 0x0D, 0x0A, 0x63, 0x6F, 0x6C, 0x53, 0x6B, 0x69, 0x6E,
0x73, 0x31, 0x31, 0x30, 0x2D, 0x32, 0x3D, 0x31, 0x2E, 0x30, 0x30, 0x30, 0x30, 0x30, 0x30, 0x0D,
0x0A, 0x69, 0x53, 0x6B, 0x69, 0x6E, 0x53, 0x74, 0x61, 0x74, 0x74, 0x72, 0x61, 0x6B, 0x2D, 0x33,
0x32, 0x3D, 0x30, 0x0D, 0x0A, 0x63, 0x6F, 0x6C, 0x53, 0x6B, 0x69, 0x6E, 0x73, 0x31, 0x31, 0x30,
0x2D, 0x33, 0x3D, 0x31, 0x2E, 0x30, 0x30, 0x30, 0x30, 0x30, 0x30, 0x0D, 0x0A, 0x69, 0x53, 0x6B,
0x69, 0x6E, 0x53, 0x74, 0x61, 0x74, 0x74, 0x72, 0x61, 0x6B, 0x2D, 0x33, 0x33, 0x3D, 0x30, 0x0D,
0x0A, 0x63, 0x6F, 0x6C, 0x53, 0x6B, 0x69, 0x6E, 0x73, 0x32, 0x31, 0x30, 0x2D, 0x30, 0x3D, 0x31,
0x2E, 0x30, 0x30, 0x30, 0x30, 0x30, 0x30, 0x0D, 0x0A, 0x69, 0x53, 0x6B, 0x69, 0x6E, 0x53, 0x74,
0x61, 0x74, 0x74, 0x72, 0x61, 0x6B, 0x2D, 0x33, 0x34, 0x3D, 0x30, 0x0D, 0x0A, 0x63, 0x6F, 0x6C,
0x53, 0x6B, 0x69, 0x6E, 0x73, 0x32, 0x31, 0x30, 0x2D, 0x31, 0x3D, 0x31, 0x2E, 0x30, 0x30, 0x30,
0x30, 0x30, 0x30, 0x0D, 0x0A, 0x69, 0x53, 0x6B, 0x69, 0x6E, 0x53, 0x74, 0x61, 0x74, 0x74, 0x72,
0x61, 0x6B, 0x2D, 0x33, 0x35, 0x3D, 0x30, 0x0D, 0x0A, 0x63, 0x6F, 0x6C, 0x53, 0x6B, 0x69, 0x6E,
0x73, 0x32, 0x31, 0x30, 0x2D, 0x32, 0x3D, 0x31, 0x2E, 0x30, 0x30, 0x30, 0x30, 0x30, 0x30, 0x0D,
0x0A, 0x69, 0x53, 0x6B, 0x69, 0x6E, 0x53, 0x74, 0x61, 0x74, 0x74, 0x72, 0x61, 0x6B, 0x2D, 0x33,
0x36, 0x3D, 0x30, 0x0D, 0x0A, 0x63, 0x6F, 0x6C, 0x53, 0x6B, 0x69, 0x6E, 0x73, 0x32, 0x31, 0x30,
0x2D, 0x33, 0x3D, 0x31, 0x2E, 0x30, 0x30, 0x30, 0x30, 0x30, 0x30, 0x0D, 0x0A, 0x69, 0x47, 0x6C,
0x6F, 0x76, 0x65, 0x4D, 0x6F, 0x64, 0x65, 0x6C, 0x3D, 0x30, 0x0D, 0x0A, 0x63, 0x6F, 0x6C, 0x53,
0x6B, 0x69, 0x6E, 0x73, 0x33, 0x31, 0x30, 0x2D, 0x30, 0x3D, 0x31, 0x2E, 0x30, 0x30, 0x30, 0x30,
0x30, 0x30, 0x0D, 0x0A, 0x69, 0x4B, 0x6E, 0x69, 0x66, 0x65, 0x4D, 0x6F, 0x64, 0x65, 0x6C, 0x3D,
0x30, 0x0D, 0x0A, 0x63, 0x6F, 0x6C, 0x53, 0x6B, 0x69, 0x6E, 0x73, 0x33, 0x31, 0x30, 0x2D, 0x31,
0x3D, 0x31, 0x2E, 0x30, 0x30, 0x30, 0x30, 0x30, 0x30, 0x0D, 0x0A, 0x63, 0x6F, 0x6C, 0x53, 0x6B,
0x69, 0x6E, 0x73, 0x33, 0x31, 0x30, 0x2D, 0x32, 0x3D, 0x31, 0x2E, 0x30, 0x30, 0x30, 0x30, 0x30,
0x30, 0x0D, 0x0A, 0x63, 0x6F, 0x6C, 0x53, 0x6B, 0x69, 0x6E, 0x73, 0x33, 0x31, 0x30, 0x2D, 0x33,
0x3D, 0x31, 0x2E, 0x30, 0x30, 0x30, 0x30, 0x30, 0x30, 0x0D, 0x0A, 0x63, 0x6F, 0x6C, 0x53, 0x6B,
0x69, 0x6E, 0x73, 0x34, 0x31, 0x30, 0x2D, 0x30, 0x3D, 0x31, 0x2E, 0x30, 0x30, 0x30, 0x30, 0x30,
0x30, 0x0D, 0x0A, 0x63, 0x6F, 0x6C, 0x53, 0x6B, 0x69, 0x6E, 0x73, 0x34, 0x31, 0x30, 0x2D, 0x31,
0x3D, 0x31, 0x2E, 0x30, 0x30, 0x30, 0x30, 0x30, 0x30, 0x0D, 0x0A, 0x63, 0x6F, 0x6C, 0x53, 0x6B,
0x69, 0x6E, 0x73, 0x34, 0x31, 0x30, 0x2D, 0x32, 0x3D, 0x31, 0x2E, 0x30, 0x30, 0x30, 0x30, 0x30,
0x30, 0x0D, 0x0A, 0x63, 0x6F, 0x6C, 0x53, 0x6B, 0x69, 0x6E, 0x73, 0x34, 0x31, 0x30, 0x2D, 0x33,
0x3D, 0x31, 0x2E, 0x30, 0x30, 0x30, 0x30, 0x30, 0x30, 0x0D, 0x0A, 0x63, 0x6F, 0x6C, 0x53, 0x6B,
0x69, 0x6E, 0x73, 0x31, 0x31, 0x31, 0x2D, 0x30, 0x3D, 0x31, 0x2E, 0x30, 0x30, 0x30, 0x30, 0x30,
0x30, 0x0D, 0x0A, 0x63, 0x6F, 0x6C, 0x53, 0x6B, 0x69, 0x6E, 0x73, 0x31, 0x31, 0x31, 0x2D, 0x31,
0x3D, 0x31, 0x2E, 0x30, 0x30, 0x30, 0x30, 0x30, 0x30, 0x0D, 0x0A, 0x63, 0x6F, 0x6C, 0x53, 0x6B,
0x69, 0x6E, 0x73, 0x31, 0x31, 0x31, 0x2D, 0x32, 0x3D, 0x31, 0x2E, 0x30, 0x30, 0x30, 0x30, 0x30,
0x30, 0x0D, 0x0A, 0x63, 0x6F, 0x6C, 0x53, 0x6B, 0x69, 0x6E, 0x73, 0x31, 0x31, 0x31, 0x2D, 0x33,
0x3D, 0x31, 0x2E, 0x30, 0x30, 0x30, 0x30, 0x30, 0x30, 0x0D, 0x0A, 0x63, 0x6F, 0x6C, 0x53, 0x6B,
0x69, 0x6E, 0x73, 0x32, 0x31, 0x31, 0x2D, 0x30, 0x3D, 0x31, 0x2E, 0x30, 0x30, 0x30, 0x30, 0x30,
0x30, 0x0D, 0x0A, 0x63, 0x6F, 0x6C, 0x53, 0x6B, 0x69, 0x6E, 0x73, 0x32, 0x31, 0x31, 0x2D, 0x31,
0x3D, 0x31, 0x2E, 0x30, 0x30, 0x30, 0x30, 0x30, 0x30, 0x0D, 0x0A, 0x63, 0x6F, 0x6C, 0x53, 0x6B,
0x69, 0x6E, 0x73, 0x32, 0x31, 0x31, 0x2D, 0x32, 0x3D, 0x31, 0x2E, 0x30, 0x30, 0x30, 0x30, 0x30,
0x30, 0x0D, 0x0A, 0x63, 0x6F, 0x6C, 0x53, 0x6B, 0x69, 0x6E, 0x73, 0x32, 0x31, 0x31, 0x2D, 0x33,
0x3D, 0x31, 0x2E, 0x30, 0x30, 0x30, 0x30, 0x30, 0x30, 0x0D, 0x0A, 0x63, 0x6F, 0x6C, 0x53, 0x6B,
0x69, 0x6E, 0x73, 0x33, 0x31, 0x31, 0x2D, 0x30, 0x3D, 0x31, 0x2E, 0x30, 0x30, 0x30, 0x30, 0x30,
0x30, 0x0D, 0x0A, 0x63, 0x6F, 0x6C, 0x53, 0x6B, 0x69, 0x6E, 0x73, 0x33, 0x31, 0x31, 0x2D, 0x31,
0x3D, 0x31, 0x2E, 0x30, 0x30, 0x30, 0x30, 0x30, 0x30, 0x0D, 0x0A, 0x63, 0x6F, 0x6C, 0x53, 0x6B,
0x69, 0x6E, 0x73, 0x33, 0x31, 0x31, 0x2D, 0x32, 0x3D, 0x31, 0x2E, 0x30, 0x30, 0x30, 0x30, 0x30,
0x30, 0x0D, 0x0A, 0x63, 0x6F, 0x6C, 0x53, 0x6B, 0x69, 0x6E, 0x73, 0x33, 0x31, 0x31, 0x2D, 0x33,
0x3D, 0x31, 0x2E, 0x30, 0x30, 0x30, 0x30, 0x30, 0x30, 0x0D, 0x0A, 0x63, 0x6F, 0x6C, 0x53, 0x6B,
0x69, 0x6E, 0x73, 0x34, 0x31, 0x31, 0x2D, 0x30, 0x3D, 0x31, 0x2E, 0x30, 0x30, 0x30, 0x30, 0x30,
0x30, 0x0D, 0x0A, 0x63, 0x6F, 0x6C, 0x53, 0x6B, 0x69, 0x6E, 0x73, 0x34, 0x31, 0x31, 0x2D, 0x31,
0x3D, 0x31, 0x2E, 0x30, 0x30, 0x30, 0x30, 0x30, 0x30, 0x0D, 0x0A, 0x63, 0x6F, 0x6C, 0x53, 0x6B,
0x69, 0x6E, 0x73, 0x34, 0x31, 0x31, 0x2D, 0x32, 0x3D, 0x31, 0x2E, 0x30, 0x30, 0x30, 0x30, 0x30,
0x30, 0x0D, 0x0A, 0x63, 0x6F, 0x6C, 0x53, 0x6B, 0x69, 0x6E, 0x73, 0x34, 0x31, 0x31, 0x2D, 0x33,
0x3D, 0x31, 0x2E, 0x30, 0x30, 0x30, 0x30, 0x30, 0x30, 0x0D, 0x0A, 0x63, 0x6F, 0x6C, 0x53, 0x6B,
0x69, 0x6E, 0x73, 0x31, 0x31, 0x32, 0x2D, 0x30, 0x3D, 0x31, 0x2E, 0x30, 0x30, 0x30, 0x30, 0x30,
0x30, 0x0D, 0x0A, 0x63, 0x6F, 0x6C, 0x53, 0x6B, 0x69, 0x6E, 0x73, 0x31, 0x31, 0x32, 0x2D, 0x31,
0x3D, 0x31, 0x2E, 0x30, 0x30, 0x30, 0x30, 0x30, 0x30, 0x0D, 0x0A, 0x63, 0x6F, 0x6C, 0x53, 0x6B,
0x69, 0x6E, 0x73, 0x31, 0x31, 0x32, 0x2D, 0x32, 0x3D, 0x31, 0x2E, 0x30, 0x30, 0x30, 0x30, 0x30,
0x30, 0x0D, 0x0A, 0x63, 0x6F, 0x6C, 0x53, 0x6B, 0x69, 0x6E, 0x73, 0x31, 0x31, 0x32, 0x2D, 0x33,
0x3D, 0x31, 0x2E, 0x30, 0x30, 0x30, 0x30, 0x30, 0x30, 0x0D, 0x0A, 0x63, 0x6F, 0x6C, 0x53, 0x6B,
0x69, 0x6E, 0x73, 0x32, 0x31, 0x32, 0x2D, 0x30, 0x3D, 0x31, 0x2E, 0x30, 0x30, 0x30, 0x30, 0x30,
0x30, 0x0D, 0x0A, 0x63, 0x6F, 0x6C, 0x53, 0x6B, 0x69, 0x6E, 0x73, 0x32, 0x31, 0x32, 0x2D, 0x31,
0x3D, 0x31, 0x2E, 0x30, 0x30, 0x30, 0x30, 0x30, 0x30, 0x0D, 0x0A, 0x63, 0x6F, 0x6C, 0x53, 0x6B,
0x69, 0x6E, 0x73, 0x32, 0x31, 0x32, 0x2D, 0x32, 0x3D, 0x31, 0x2E, 0x30, 0x30, 0x30, 0x30, 0x30,
0x30, 0x0D, 0x0A, 0x63, 0x6F, 0x6C, 0x53, 0x6B, 0x69, 0x6E, 0x73, 0x32, 0x31, 0x32, 0x2D, 0x33,
0x3D, 0x31, 0x2E, 0x30, 0x30, 0x30, 0x30, 0x30, 0x30, 0x0D, 0x0A, 0x63, 0x6F, 0x6C, 0x53, 0x6B,
0x69, 0x6E, 0x73, 0x33, 0x31, 0x32, 0x2D, 0x30, 0x3D, 0x31, 0x2E, 0x30, 0x30, 0x30, 0x30, 0x30,
0x30, 0x0D, 0x0A, 0x63, 0x6F, 0x6C, 0x53, 0x6B, 0x69, 0x6E, 0x73, 0x33, 0x31, 0x32, 0x2D, 0x31,
0x3D, 0x31, 0x2E, 0x30, 0x30, 0x30, 0x30, 0x30, 0x30, 0x0D, 0x0A, 0x63, 0x6F, 0x6C, 0x53, 0x6B,
0x69, 0x6E, 0x73, 0x33, 0x31, 0x32, 0x2D, 0x32, 0x3D, 0x31, 0x2E, 0x30, 0x30, 0x30, 0x30, 0x30,
0x30, 0x0D, 0x0A, 0x63, 0x6F, 0x6C, 0x53, 0x6B, 0x69, 0x6E, 0x73, 0x33, 0x31, 0x32, 0x2D, 0x33,
0x3D, 0x31, 0x2E, 0x30, 0x30, 0x30, 0x30, 0x30, 0x30, 0x0D, 0x0A, 0x63, 0x6F, 0x6C, 0x53, 0x6B,
0x69, 0x6E, 0x73, 0x34, 0x31, 0x32, 0x2D, 0x30, 0x3D, 0x31, 0x2E, 0x30, 0x30, 0x30, 0x30, 0x30,
0x30, 0x0D, 0x0A, 0x63, 0x6F, 0x6C, 0x53, 0x6B, 0x69, 0x6E, 0x73, 0x34, 0x31, 0x32, 0x2D, 0x31,
0x3D, 0x31, 0x2E, 0x30, 0x30, 0x30, 0x30, 0x30, 0x30, 0x0D, 0x0A, 0x63, 0x6F, 0x6C, 0x53, 0x6B,
0x69, 0x6E, 0x73, 0x34, 0x31, 0x32, 0x2D, 0x32, 0x3D, 0x31, 0x2E, 0x30, 0x30, 0x30, 0x30, 0x30,
0x30, 0x0D, 0x0A, 0x63, 0x6F, 0x6C, 0x53, 0x6B, 0x69, 0x6E, 0x73, 0x34, 0x31, 0x32, 0x2D, 0x33,
0x3D, 0x31, 0x2E, 0x30, 0x30, 0x30, 0x30, 0x30, 0x30, 0x0D, 0x0A, 0x63, 0x6F, 0x6C, 0x53, 0x6B,
0x69, 0x6E, 0x73, 0x31, 0x31, 0x33, 0x2D, 0x30, 0x3D, 0x31, 0x2E, 0x30, 0x30, 0x30, 0x30, 0x30,
0x30, 0x0D, 0x0A, 0x63, 0x6F, 0x6C, 0x53, 0x6B, 0x69, 0x6E, 0x73, 0x31, 0x31, 0x33, 0x2D, 0x31,
0x3D, 0x31, 0x2E, 0x30, 0x30, 0x30, 0x30, 0x30, 0x30, 0x0D, 0x0A, 0x63, 0x6F, 0x6C, 0x53, 0x6B,
0x69, 0x6E, 0x73, 0x31, 0x31, 0x33, 0x2D, 0x32, 0x3D, 0x31, 0x2E, 0x30, 0x30, 0x30, 0x30, 0x30,
0x30, 0x0D, 0x0A, 0x63, 0x6F, 0x6C, 0x53, 0x6B, 0x69, 0x6E, 0x73, 0x31, 0x31, 0x33, 0x2D, 0x33,
0x3D, 0x31, 0x2E, 0x30, 0x30, 0x30, 0x30, 0x30, 0x30, 0x0D, 0x0A, 0x63, 0x6F, 0x6C, 0x53, 0x6B,
0x69, 0x6E, 0x73, 0x32, 0x31, 0x33, 0x2D, 0x30, 0x3D, 0x31, 0x2E, 0x30, 0x30, 0x30, 0x30, 0x30,
0x30, 0x0D, 0x0A, 0x63, 0x6F, 0x6C, 0x53, 0x6B, 0x69, 0x6E, 0x73, 0x32, 0x31, 0x33, 0x2D, 0x31,
0x3D, 0x31, 0x2E, 0x30, 0x30, 0x30, 0x30, 0x30, 0x30, 0x0D, 0x0A, 0x63, 0x6F, 0x6C, 0x53, 0x6B,
0x69, 0x6E, 0x73, 0x32, 0x31, 0x33, 0x2D, 0x32, 0x3D, 0x31, 0x2E, 0x30, 0x30, 0x30, 0x30, 0x30,
0x30, 0x0D, 0x0A, 0x63, 0x6F, 0x6C, 0x53, 0x6B, 0x69, 0x6E, 0x73, 0x32, 0x31, 0x33, 0x2D, 0x33,
0x3D, 0x31, 0x2E, 0x30, 0x30, 0x30, 0x30, 0x30, 0x30, 0x0D, 0x0A, 0x63, 0x6F, 0x6C, 0x53, 0x6B,
0x69, 0x6E, 0x73, 0x33, 0x31, 0x33, 0x2D, 0x30, 0x3D, 0x31, 0x2E, 0x30, 0x30, 0x30, 0x30, 0x30,
0x30, 0x0D, 0x0A, 0x63, 0x6F, 0x6C, 0x53, 0x6B, 0x69, 0x6E, 0x73, 0x33, 0x31, 0x33, 0x2D, 0x31,
0x3D, 0x31, 0x2E, 0x30, 0x30, 0x30, 0x30, 0x30, 0x30, 0x0D, 0x0A, 0x63, 0x6F, 0x6C, 0x53, 0x6B,
0x69, 0x6E, 0x73, 0x33, 0x31, 0x33, 0x2D, 0x32, 0x3D, 0x31, 0x2E, 0x30, 0x30, 0x30, 0x30, 0x30,
0x30, 0x0D, 0x0A, 0x63, 0x6F, 0x6C, 0x53, 0x6B, 0x69, 0x6E, 0x73, 0x33, 0x31, 0x33, 0x2D, 0x33,
0x3D, 0x31, 0x2E, 0x30, 0x30, 0x30, 0x30, 0x30, 0x30, 0x0D, 0x0A, 0x63, 0x6F, 0x6C, 0x53, 0x6B,
0x69, 0x6E, 0x73, 0x34, 0x31, 0x33, 0x2D, 0x30, 0x3D, 0x31, 0x2E, 0x30, 0x30, 0x30, 0x30, 0x30,
0x30, 0x0D, 0x0A, 0x63, 0x6F, 0x6C, 0x53, 0x6B, 0x69, 0x6E, 0x73, 0x34, 0x31, 0x33, 0x2D, 0x31,
0x3D, 0x31, 0x2E, 0x30, 0x30, 0x30, 0x30, 0x30, 0x30, 0x0D, 0x0A, 0x63, 0x6F, 0x6C, 0x53, 0x6B,
0x69, 0x6E, 0x73, 0x34, 0x31, 0x33, 0x2D, 0x32, 0x3D, 0x31, 0x2E, 0x30, 0x30, 0x30, 0x30, 0x30,
0x30, 0x0D, 0x0A, 0x63, 0x6F, 0x6C, 0x53, 0x6B, 0x69, 0x6E, 0x73, 0x34, 0x31, 0x33, 0x2D, 0x33,
0x3D, 0x31, 0x2E, 0x30, 0x30, 0x30, 0x30, 0x30, 0x30, 0x0D, 0x0A, 0x63, 0x6F, 0x6C, 0x53, 0x6B,
0x69, 0x6E, 0x73, 0x31, 0x31, 0x34, 0x2D, 0x30, 0x3D, 0x31, 0x2E, 0x30, 0x30, 0x30, 0x30, 0x30,
0x30, 0x0D, 0x0A, 0x63, 0x6F, 0x6C, 0x53, 0x6B, 0x69, 0x6E, 0x73, 0x31, 0x31, 0x34, 0x2D, 0x31,
0x3D, 0x31, 0x2E, 0x30, 0x30, 0x30, 0x30, 0x30, 0x30, 0x0D, 0x0A, 0x63, 0x6F, 0x6C, 0x53, 0x6B,
0x69, 0x6E, 0x73, 0x31, 0x31, 0x34, 0x2D, 0x32, 0x3D, 0x31, 0x2E, 0x30, 0x30, 0x30, 0x30, 0x30,
0x30, 0x0D, 0x0A, 0x63, 0x6F, 0x6C, 0x53, 0x6B, 0x69, 0x6E, 0x73, 0x31, 0x31, 0x34, 0x2D, 0x33,
0x3D, 0x31, 0x2E, 0x30, 0x30, 0x30, 0x30, 0x30, 0x30, 0x0D, 0x0A, 0x63, 0x6F, 0x6C, 0x53, 0x6B,
0x69, 0x6E, 0x73, 0x32, 0x31, 0x34, 0x2D, 0x30, 0x3D, 0x31, 0x2E, 0x30, 0x30, 0x30, 0x30, 0x30,
0x30, 0x0D, 0x0A, 0x63, 0x6F, 0x6C, 0x53, 0x6B, 0x69, 0x6E, 0x73, 0x32, 0x31, 0x34, 0x2D, 0x31,
0x3D, 0x31, 0x2E, 0x30, 0x30, 0x30, 0x30, 0x30, 0x30, 0x0D, 0x0A, 0x63, 0x6F, 0x6C, 0x53, 0x6B,
0x69, 0x6E, 0x73, 0x32, 0x31, 0x34, 0x2D, 0x32, 0x3D, 0x31, 0x2E, 0x30, 0x30, 0x30, 0x30, 0x30,
0x30, 0x0D, 0x0A, 0x63, 0x6F, 0x6C, 0x53, 0x6B, 0x69, 0x6E, 0x73, 0x32, 0x31, 0x34, 0x2D, 0x33,
0x3D, 0x31, 0x2E, 0x30, 0x30, 0x30, 0x30, 0x30, 0x30, 0x0D, 0x0A, 0x63, 0x6F, 0x6C, 0x53, 0x6B,
0x69, 0x6E, 0x73, 0x33, 0x31, 0x34, 0x2D, 0x30, 0x3D, 0x31, 0x2E, 0x30, 0x30, 0x30, 0x30, 0x30,
0x30, 0x0D, 0x0A, 0x63, 0x6F, 0x6C, 0x53, 0x6B, 0x69, 0x6E, 0x73, 0x33, 0x31, 0x34, 0x2D, 0x31,
0x3D, 0x31, 0x2E, 0x30, 0x30, 0x30, 0x30, 0x30, 0x30, 0x0D, 0x0A, 0x63, 0x6F, 0x6C, 0x53, 0x6B,
0x69, 0x6E, 0x73, 0x33, 0x31, 0x34, 0x2D, 0x32, 0x3D, 0x31, 0x2E, 0x30, 0x30, 0x30, 0x30, 0x30,
0x30, 0x0D, 0x0A, 0x63, 0x6F, 0x6C, 0x53, 0x6B, 0x69, 0x6E, 0x73, 0x33, 0x31, 0x34, 0x2D, 0x33,
0x3D, 0x31, 0x2E, 0x30, 0x30, 0x30, 0x30, 0x30, 0x30, 0x0D, 0x0A, 0x63, 0x6F, 0x6C, 0x53, 0x6B,
0x69, 0x6E, 0x73, 0x34, 0x31, 0x34, 0x2D, 0x30, 0x3D, 0x31, 0x2E, 0x30, 0x30, 0x30, 0x30, 0x30,
0x30, 0x0D, 0x0A, 0x63, 0x6F, 0x6C, 0x53, 0x6B, 0x69, 0x6E, 0x73, 0x34, 0x31, 0x34, 0x2D, 0x31,
0x3D, 0x31, 0x2E, 0x30, 0x30, 0x30, 0x30, 0x30, 0x30, 0x0D, 0x0A, 0x63, 0x6F, 0x6C, 0x53, 0x6B,
0x69, 0x6E, 0x73, 0x34, 0x31, 0x34, 0x2D, 0x32, 0x3D, 0x31, 0x2E, 0x30, 0x30, 0x30, 0x30, 0x30,
0x30, 0x0D, 0x0A, 0x63, 0x6F, 0x6C, 0x53, 0x6B, 0x69, 0x6E, 0x73, 0x34, 0x31, 0x34, 0x2D, 0x33,
0x3D, 0x31, 0x2E, 0x30, 0x30, 0x30, 0x30, 0x30, 0x30, 0x0D, 0x0A, 0x63, 0x6F, 0x6C, 0x53, 0x6B,
0x69, 0x6E, 0x73, 0x31, 0x31, 0x35, 0x2D, 0x30, 0x3D, 0x31, 0x2E, 0x30, 0x30, 0x30, 0x30, 0x30,
0x30, 0x0D, 0x0A, 0x63, 0x6F, 0x6C, 0x53, 0x6B, 0x69, 0x6E, 0x73, 0x31, 0x31, 0x35, 0x2D, 0x31,
0x3D, 0x31, 0x2E, 0x30, 0x30, 0x30, 0x30, 0x30, 0x30, 0x0D, 0x0A, 0x63, 0x6F, 0x6C, 0x53, 0x6B,
0x69, 0x6E, 0x73, 0x31, 0x31, 0x35, 0x2D, 0x32, 0x3D, 0x31, 0x2E, 0x30, 0x30, 0x30, 0x30, 0x30,
0x30, 0x0D, 0x0A, 0x63, 0x6F, 0x6C, 0x53, 0x6B, 0x69, 0x6E, 0x73, 0x31, 0x31, 0x35, 0x2D, 0x33,
0x3D, 0x31, 0x2E, 0x30, 0x30, 0x30, 0x30, 0x30, 0x30, 0x0D, 0x0A, 0x63, 0x6F, 0x6C, 0x53, 0x6B,
0x69, 0x6E, 0x73, 0x32, 0x31, 0x35, 0x2D, 0x30, 0x3D, 0x31, 0x2E, 0x30, 0x30, 0x30, 0x30, 0x30,
0x30, 0x0D, 0x0A, 0x63, 0x6F, 0x6C, 0x53, 0x6B, 0x69, 0x6E, 0x73, 0x32, 0x31, 0x35, 0x2D, 0x31,
0x3D, 0x31, 0x2E, 0x30, 0x30, 0x30, 0x30, 0x30, 0x30, 0x0D, 0x0A, 0x63, 0x6F, 0x6C, 0x53, 0x6B,
0x69, 0x6E, 0x73, 0x32, 0x31, 0x35, 0x2D, 0x32, 0x3D, 0x31, 0x2E, 0x30, 0x30, 0x30, 0x30, 0x30,
0x30, 0x0D, 0x0A, 0x63, 0x6F, 0x6C, 0x53, 0x6B, 0x69, 0x6E, 0x73, 0x32, 0x31, 0x35, 0x2D, 0x33,
0x3D, 0x31, 0x2E, 0x30, 0x30, 0x30, 0x30, 0x30, 0x30, 0x0D, 0x0A, 0x63, 0x6F, 0x6C, 0x53, 0x6B,
0x69, 0x6E, 0x73, 0x33, 0x31, 0x35, 0x2D, 0x30, 0x3D, 0x31, 0x2E, 0x30, 0x30, 0x30, 0x30, 0x30,
0x30, 0x0D, 0x0A, 0x63, 0x6F, 0x6C, 0x53, 0x6B, 0x69, 0x6E, 0x73, 0x33, 0x31, 0x35, 0x2D, 0x31,
0x3D, 0x31, 0x2E, 0x30, 0x30, 0x30, 0x30, 0x30, 0x30, 0x0D, 0x0A, 0x63, 0x6F, 0x6C, 0x53, 0x6B,
0x69, 0x6E, 0x73, 0x33, 0x31, 0x35, 0x2D, 0x32, 0x3D, 0x31, 0x2E, 0x30, 0x30, 0x30, 0x30, 0x30,
0x30, 0x0D, 0x0A, 0x63, 0x6F, 0x6C, 0x53, 0x6B, 0x69, 0x6E, 0x73, 0x33, 0x31, 0x35, 0x2D, 0x33,
0x3D, 0x31, 0x2E, 0x30, 0x30, 0x30, 0x30, 0x30, 0x30, 0x0D, 0x0A, 0x63, 0x6F, 0x6C, 0x53, 0x6B,
0x69, 0x6E, 0x73, 0x34, 0x31, 0x35, 0x2D, 0x30, 0x3D, 0x31, 0x2E, 0x30, 0x30, 0x30, 0x30, 0x30,
0x30, 0x0D, 0x0A, 0x63, 0x6F, 0x6C, 0x53, 0x6B, 0x69, 0x6E, 0x73, 0x34, 0x31, 0x35, 0x2D, 0x31,
0x3D, 0x31, 0x2E, 0x30, 0x30, 0x30, 0x30, 0x30, 0x30, 0x0D, 0x0A, 0x63, 0x6F, 0x6C, 0x53, 0x6B,
0x69, 0x6E, 0x73, 0x34, 0x31, 0x35, 0x2D, 0x32, 0x3D, 0x31, 0x2E, 0x30, 0x30, 0x30, 0x30, 0x30,
0x30, 0x0D, 0x0A, 0x63, 0x6F, 0x6C, 0x53, 0x6B, 0x69, 0x6E, 0x73, 0x34, 0x31, 0x35, 0x2D, 0x33,
0x3D, 0x31, 0x2E, 0x30, 0x30, 0x30, 0x30, 0x30, 0x30, 0x0D, 0x0A, 0x63, 0x6F, 0x6C, 0x53, 0x6B,
0x69, 0x6E, 0x73, 0x31, 0x31, 0x36, 0x2D, 0x30, 0x3D, 0x31, 0x2E, 0x30, 0x30, 0x30, 0x30, 0x30,
0x30, 0x0D, 0x0A, 0x63, 0x6F, 0x6C, 0x53, 0x6B, 0x69, 0x6E, 0x73, 0x31, 0x31, 0x36, 0x2D, 0x31,
0x3D, 0x31, 0x2E, 0x30, 0x30, 0x30, 0x30, 0x30, 0x30, 0x0D, 0x0A, 0x63, 0x6F, 0x6C, 0x53, 0x6B,
0x69, 0x6E, 0x73, 0x31, 0x31, 0x36, 0x2D, 0x32, 0x3D, 0x31, 0x2E, 0x30, 0x30, 0x30, 0x30, 0x30,
0x30, 0x0D, 0x0A, 0x63, 0x6F, 0x6C, 0x53, 0x6B, 0x69, 0x6E, 0x73, 0x31, 0x31, 0x36, 0x2D, 0x33,
0x3D, 0x31, 0x2E, 0x30, 0x30, 0x30, 0x30, 0x30, 0x30, 0x0D, 0x0A, 0x63, 0x6F, 0x6C, 0x53, 0x6B,
0x69, 0x6E, 0x73, 0x32, 0x31, 0x36, 0x2D, 0x30, 0x3D, 0x31, 0x2E, 0x30, 0x30, 0x30, 0x30, 0x30,
0x30, 0x0D, 0x0A, 0x63, 0x6F, 0x6C, 0x53, 0x6B, 0x69, 0x6E, 0x73, 0x32, 0x31, 0x36, 0x2D, 0x31,
0x3D, 0x31, 0x2E, 0x30, 0x30, 0x30, 0x30, 0x30, 0x30, 0x0D, 0x0A, 0x63, 0x6F, 0x6C, 0x53, 0x6B,
0x69, 0x6E, 0x73, 0x32, 0x31, 0x36, 0x2D, 0x32, 0x3D, 0x31, 0x2E, 0x30, 0x30, 0x30, 0x30, 0x30,
0x30, 0x0D, 0x0A, 0x63, 0x6F, 0x6C, 0x53, 0x6B, 0x69, 0x6E, 0x73, 0x32, 0x31, 0x36, 0x2D, 0x33,
0x3D, 0x31, 0x2E, 0x30, 0x30, 0x30, 0x30, 0x30, 0x30, 0x0D, 0x0A, 0x63, 0x6F, 0x6C, 0x53, 0x6B,
0x69, 0x6E, 0x73, 0x33, 0x31, 0x36, 0x2D, 0x30, 0x3D, 0x31, 0x2E, 0x30, 0x30, 0x30, 0x30, 0x30,
0x30, 0x0D, 0x0A, 0x63, 0x6F, 0x6C, 0x53, 0x6B, 0x69, 0x6E, 0x73, 0x33, 0x31, 0x36, 0x2D, 0x31,
0x3D, 0x31, 0x2E, 0x30, 0x30, 0x30, 0x30, 0x30, 0x30, 0x0D, 0x0A, 0x63, 0x6F, 0x6C, 0x53, 0x6B,
0x69, 0x6E, 0x73, 0x33, 0x31, 0x36, 0x2D, 0x32, 0x3D, 0x31, 0x2E, 0x30, 0x30, 0x30, 0x30, 0x30,
0x30, 0x0D, 0x0A, 0x63, 0x6F, 0x6C, 0x53, 0x6B, 0x69, 0x6E, 0x73, 0x33, 0x31, 0x36, 0x2D, 0x33,
0x3D, 0x31, 0x2E, 0x30, 0x30, 0x30, 0x30, 0x30, 0x30, 0x0D, 0x0A, 0x63, 0x6F, 0x6C, 0x53, 0x6B,
0x69, 0x6E, 0x73, 0x34, 0x31, 0x36, 0x2D, 0x30, 0x3D, 0x31, 0x2E, 0x30, 0x30, 0x30, 0x30, 0x30,
0x30, 0x0D, 0x0A, 0x63, 0x6F, 0x6C, 0x53, 0x6B, 0x69, 0x6E, 0x73, 0x34, 0x31, 0x36, 0x2D, 0x31,
0x3D, 0x31, 0x2E, 0x30, 0x30, 0x30, 0x30, 0x30, 0x30, 0x0D, 0x0A, 0x63, 0x6F, 0x6C, 0x53, 0x6B,
0x69, 0x6E, 0x73, 0x34, 0x31, 0x36, 0x2D, 0x32, 0x3D, 0x31, 0x2E, 0x30, 0x30, 0x30, 0x30, 0x30,
0x30, 0x0D, 0x0A, 0x63, 0x6F, 0x6C, 0x53, 0x6B, 0x69, 0x6E, 0x73, 0x34, 0x31, 0x36, 0x2D, 0x33,
0x3D, 0x31, 0x2E, 0x30, 0x30, 0x30, 0x30, 0x30, 0x30, 0x0D, 0x0A, 0x63, 0x6F, 0x6C, 0x53, 0x6B,
0x69, 0x6E, 0x73, 0x31, 0x31, 0x37, 0x2D, 0x30, 0x3D, 0x31, 0x2E, 0x30, 0x30, 0x30, 0x30, 0x30,
0x30, 0x0D, 0x0A, 0x63, 0x6F, 0x6C, 0x53, 0x6B, 0x69, 0x6E, 0x73, 0x31, 0x31, 0x37, 0x2D, 0x31,
0x3D, 0x31, 0x2E, 0x30, 0x30, 0x30, 0x30, 0x30, 0x30, 0x0D, 0x0A, 0x63, 0x6F, 0x6C, 0x53, 0x6B,
0x69, 0x6E, 0x73, 0x31, 0x31, 0x37, 0x2D, 0x32, 0x3D, 0x31, 0x2E, 0x30, 0x30, 0x30, 0x30, 0x30,
0x30, 0x0D, 0x0A, 0x63, 0x6F, 0x6C, 0x53, 0x6B, 0x69, 0x6E, 0x73, 0x31, 0x31, 0x37, 0x2D, 0x33,
0x3D, 0x31, 0x2E, 0x30, 0x30, 0x30, 0x30, 0x30, 0x30, 0x0D, 0x0A, 0x63, 0x6F, 0x6C, 0x53, 0x6B,
0x69, 0x6E, 0x73, 0x32, 0x31, 0x37, 0x2D, 0x30, 0x3D, 0x31, 0x2E, 0x30, 0x30, 0x30, 0x30, 0x30,
0x30, 0x0D, 0x0A, 0x63, 0x6F, 0x6C, 0x53, 0x6B, 0x69, 0x6E, 0x73, 0x32, 0x31, 0x37, 0x2D, 0x31,
0x3D, 0x31, 0x2E, 0x30, 0x30, 0x30, 0x30, 0x30, 0x30, 0x0D, 0x0A, 0x63, 0x6F, 0x6C, 0x53, 0x6B,
0x69, 0x6E, 0x73, 0x32, 0x31, 0x37, 0x2D, 0x32, 0x3D, 0x31, 0x2E, 0x30, 0x30, 0x30, 0x30, 0x30,
0x30, 0x0D, 0x0A, 0x63, 0x6F, 0x6C, 0x53, 0x6B, 0x69, 0x6E, 0x73, 0x32, 0x31, 0x37, 0x2D, 0x33,
0x3D, 0x31, 0x2E, 0x30, 0x30, 0x30, 0x30, 0x30, 0x30, 0x0D, 0x0A, 0x63, 0x6F, 0x6C, 0x53, 0x6B,
0x69, 0x6E, 0x73, 0x33, 0x31, 0x37, 0x2D, 0x30, 0x3D, 0x31, 0x2E, 0x30, 0x30, 0x30, 0x30, 0x30,
0x30, 0x0D, 0x0A, 0x63, 0x6F, 0x6C, 0x53, 0x6B, 0x69, 0x6E, 0x73, 0x33, 0x31, 0x37, 0x2D, 0x31,
0x3D, 0x31, 0x2E, 0x30, 0x30, 0x30, 0x30, 0x30, 0x30, 0x0D, 0x0A, 0x63, 0x6F, 0x6C, 0x53, 0x6B,
0x69, 0x6E, 0x73, 0x33, 0x31, 0x37, 0x2D, 0x32, 0x3D, 0x31, 0x2E, 0x30, 0x30, 0x30, 0x30, 0x30,
0x30, 0x0D, 0x0A, 0x63, 0x6F, 0x6C, 0x53, 0x6B, 0x69, 0x6E, 0x73, 0x33, 0x31, 0x37, 0x2D, 0x33,
0x3D, 0x31, 0x2E, 0x30, 0x30, 0x30, 0x30, 0x30, 0x30, 0x0D, 0x0A, 0x63, 0x6F, 0x6C, 0x53, 0x6B,
0x69, 0x6E, 0x73, 0x34, 0x31, 0x37, 0x2D, 0x30, 0x3D, 0x31, 0x2E, 0x30, 0x30, 0x30, 0x30, 0x30,
0x30, 0x0D, 0x0A, 0x63, 0x6F, 0x6C, 0x53, 0x6B, 0x69, 0x6E, 0x73, 0x34, 0x31, 0x37, 0x2D, 0x31,
0x3D, 0x31, 0x2E, 0x30, 0x30, 0x30, 0x30, 0x30, 0x30, 0x0D, 0x0A, 0x63, 0x6F, 0x6C, 0x53, 0x6B,
0x69, 0x6E, 0x73, 0x34, 0x31, 0x37, 0x2D, 0x32, 0x3D, 0x31, 0x2E, 0x30, 0x30, 0x30, 0x30, 0x30,
0x30, 0x0D, 0x0A, 0x63, 0x6F, 0x6C, 0x53, 0x6B, 0x69, 0x6E, 0x73, 0x34, 0x31, 0x37, 0x2D, 0x33,
0x3D, 0x31, 0x2E, 0x30, 0x30, 0x30, 0x30, 0x30, 0x30, 0x0D, 0x0A, 0x63, 0x6F, 0x6C, 0x53, 0x6B,
0x69, 0x6E, 0x73, 0x31, 0x31, 0x38, 0x2D, 0x30, 0x3D, 0x31, 0x2E, 0x30, 0x30, 0x30, 0x30, 0x30,
0x30, 0x0D, 0x0A, 0x63, 0x6F, 0x6C, 0x53, 0x6B, 0x69, 0x6E, 0x73, 0x31, 0x31, 0x38, 0x2D, 0x31,
0x3D, 0x31, 0x2E, 0x30, 0x30, 0x30, 0x30, 0x30, 0x30, 0x0D, 0x0A, 0x63, 0x6F, 0x6C, 0x53, 0x6B,
0x69, 0x6E, 0x73, 0x31, 0x31, 0x38, 0x2D, 0x32, 0x3D, 0x31, 0x2E, 0x30, 0x30, 0x30, 0x30, 0x30,
0x30, 0x0D, 0x0A, 0x63, 0x6F, 0x6C, 0x53, 0x6B, 0x69, 0x6E, 0x73, 0x31, 0x31, 0x38, 0x2D, 0x33,
0x3D, 0x31, 0x2E, 0x30, 0x30, 0x30, 0x30, 0x30, 0x30, 0x0D, 0x0A, 0x63, 0x6F, 0x6C, 0x53, 0x6B,
0x69, 0x6E, 0x73, 0x32, 0x31, 0x38, 0x2D, 0x30, 0x3D, 0x31, 0x2E, 0x30, 0x30, 0x30, 0x30, 0x30,
0x30, 0x0D, 0x0A, 0x63, 0x6F, 0x6C, 0x53, 0x6B, 0x69, 0x6E, 0x73, 0x32, 0x31, 0x38, 0x2D, 0x31,
0x3D, 0x31, 0x2E, 0x30, 0x30, 0x30, 0x30, 0x30, 0x30, 0x0D, 0x0A, 0x63, 0x6F, 0x6C, 0x53, 0x6B,
0x69, 0x6E, 0x73, 0x32, 0x31, 0x38, 0x2D, 0x32, 0x3D, 0x31, 0x2E, 0x30, 0x30, 0x30, 0x30, 0x30,
0x30, 0x0D, 0x0A, 0x63, 0x6F, 0x6C, 0x53, 0x6B, 0x69, 0x6E, 0x73, 0x32, 0x31, 0x38, 0x2D, 0x33,
0x3D, 0x31, 0x2E, 0x30, 0x30, 0x30, 0x30, 0x30, 0x30, 0x0D, 0x0A, 0x63, 0x6F, 0x6C, 0x53, 0x6B,
0x69, 0x6E, 0x73, 0x33, 0x31, 0x38, 0x2D, 0x30, 0x3D, 0x31, 0x2E, 0x30, 0x30, 0x30, 0x30, 0x30,
0x30, 0x0D, 0x0A, 0x63, 0x6F, 0x6C, 0x53, 0x6B, 0x69, 0x6E, 0x73, 0x33, 0x31, 0x38, 0x2D, 0x31,
0x3D, 0x31, 0x2E, 0x30, 0x30, 0x30, 0x30, 0x30, 0x30, 0x0D, 0x0A, 0x63, 0x6F, 0x6C, 0x53, 0x6B,
0x69, 0x6E, 0x73, 0x33, 0x31, 0x38, 0x2D, 0x32, 0x3D, 0x31, 0x2E, 0x30, 0x30, 0x30, 0x30, 0x30,
0x30, 0x0D, 0x0A, 0x63, 0x6F, 0x6C, 0x53, 0x6B, 0x69, 0x6E, 0x73, 0x33, 0x31, 0x38, 0x2D, 0x33,
0x3D, 0x31, 0x2E, 0x30, 0x30, 0x30, 0x30, 0x30, 0x30, 0x0D, 0x0A, 0x63, 0x6F, 0x6C, 0x53, 0x6B,
0x69, 0x6E, 0x73, 0x34, 0x31, 0x38, 0x2D, 0x30, 0x3D, 0x31, 0x2E, 0x30, 0x30, 0x30, 0x30, 0x30,
0x30, 0x0D, 0x0A, 0x63, 0x6F, 0x6C, 0x53, 0x6B, 0x69, 0x6E, 0x73, 0x34, 0x31, 0x38, 0x2D, 0x31,
0x3D, 0x31, 0x2E, 0x30, 0x30, 0x30, 0x30, 0x30, 0x30, 0x0D, 0x0A, 0x63, 0x6F, 0x6C, 0x53, 0x6B,
0x69, 0x6E, 0x73, 0x34, 0x31, 0x38, 0x2D, 0x32, 0x3D, 0x31, 0x2E, 0x30, 0x30, 0x30, 0x30, 0x30,
0x30, 0x0D, 0x0A, 0x63, 0x6F, 0x6C, 0x53, 0x6B, 0x69, 0x6E, 0x73, 0x34, 0x31, 0x38, 0x2D, 0x33,
0x3D, 0x31, 0x2E, 0x30, 0x30, 0x30, 0x30, 0x30, 0x30, 0x0D, 0x0A, 0x63, 0x6F, 0x6C, 0x53, 0x6B,
0x69, 0x6E, 0x73, 0x31, 0x31, 0x39, 0x2D, 0x30, 0x3D, 0x31, 0x2E, 0x30, 0x30, 0x30, 0x30, 0x30,
0x30, 0x0D, 0x0A, 0x63, 0x6F, 0x6C, 0x53, 0x6B, 0x69, 0x6E, 0x73, 0x31, 0x31, 0x39, 0x2D, 0x31,
0x3D, 0x31, 0x2E, 0x30, 0x30, 0x30, 0x30, 0x30, 0x30, 0x0D, 0x0A, 0x63, 0x6F, 0x6C, 0x53, 0x6B,
0x69, 0x6E, 0x73, 0x31, 0x31, 0x39, 0x2D, 0x32, 0x3D, 0x31, 0x2E, 0x30, 0x30, 0x30, 0x30, 0x30,
0x30, 0x0D, 0x0A, 0x63, 0x6F, 0x6C, 0x53, 0x6B, 0x69, 0x6E, 0x73, 0x31, 0x31, 0x39, 0x2D, 0x33,
0x3D, 0x31, 0x2E, 0x30, 0x30, 0x30, 0x30, 0x30, 0x30, 0x0D, 0x0A, 0x63, 0x6F, 0x6C, 0x53, 0x6B,
0x69, 0x6E, 0x73, 0x32, 0x31, 0x39, 0x2D, 0x30, 0x3D, 0x31, 0x2E, 0x30, 0x30, 0x30, 0x30, 0x30,
0x30, 0x0D, 0x0A, 0x63, 0x6F, 0x6C, 0x53, 0x6B, 0x69, 0x6E, 0x73, 0x32, 0x31, 0x39, 0x2D, 0x31,
0x3D, 0x31, 0x2E, 0x30, 0x30, 0x30, 0x30, 0x30, 0x30, 0x0D, 0x0A, 0x63, 0x6F, 0x6C, 0x53, 0x6B,
0x69, 0x6E, 0x73, 0x32, 0x31, 0x39, 0x2D, 0x32, 0x3D, 0x31, 0x2E, 0x30, 0x30, 0x30, 0x30, 0x30,
0x30, 0x0D, 0x0A, 0x63, 0x6F, 0x6C, 0x53, 0x6B, 0x69, 0x6E, 0x73, 0x32, 0x31, 0x39, 0x2D, 0x33,
0x3D, 0x31, 0x2E, 0x30, 0x30, 0x30, 0x30, 0x30, 0x30, 0x0D, 0x0A, 0x63, 0x6F, 0x6C, 0x53, 0x6B,
0x69, 0x6E, 0x73, 0x33, 0x31, 0x39, 0x2D, 0x30, 0x3D, 0x31, 0x2E, 0x30, 0x30, 0x30, 0x30, 0x30,
0x30, 0x0D, 0x0A, 0x63, 0x6F, 0x6C, 0x53, 0x6B, 0x69, 0x6E, 0x73, 0x33, 0x31, 0x39, 0x2D, 0x31,
0x3D, 0x31, 0x2E, 0x30, 0x30, 0x30, 0x30, 0x30, 0x30, 0x0D, 0x0A, 0x63, 0x6F, 0x6C, 0x53, 0x6B,
0x69, 0x6E, 0x73, 0x33, 0x31, 0x39, 0x2D, 0x32, 0x3D, 0x31, 0x2E, 0x30, 0x30, 0x30, 0x30, 0x30,
0x30, 0x0D, 0x0A, 0x63, 0x6F, 0x6C, 0x53, 0x6B, 0x69, 0x6E, 0x73, 0x33, 0x31, 0x39, 0x2D, 0x33,
0x3D, 0x31, 0x2E, 0x30, 0x30, 0x30, 0x30, 0x30, 0x30, 0x0D, 0x0A, 0x63, 0x6F, 0x6C, 0x53, 0x6B,
0x69, 0x6E, 0x73, 0x34, 0x31, 0x39, 0x2D, 0x30, 0x3D, 0x31, 0x2E, 0x30, 0x30, 0x30, 0x30, 0x30,
0x30, 0x0D, 0x0A, 0x63, 0x6F, 0x6C, 0x53, 0x6B, 0x69, 0x6E, 0x73, 0x34, 0x31, 0x39, 0x2D, 0x31,
0x3D, 0x31, 0x2E, 0x30, 0x30, 0x30, 0x30, 0x30, 0x30, 0x0D, 0x0A, 0x63, 0x6F, 0x6C, 0x53, 0x6B,
0x69, 0x6E, 0x73, 0x34, 0x31, 0x39, 0x2D, 0x32, 0x3D, 0x31, 0x2E, 0x30, 0x30, 0x30, 0x30, 0x30,
0x30, 0x0D, 0x0A, 0x63, 0x6F, 0x6C, 0x53, 0x6B, 0x69, 0x6E, 0x73, 0x34, 0x31, 0x39, 0x2D, 0x33,
0x3D, 0x31, 0x2E, 0x30, 0x30, 0x30, 0x30, 0x30, 0x30, 0x0D, 0x0A, 0x63, 0x6F, 0x6C, 0x53, 0x6B,
0x69, 0x6E, 0x73, 0x31, 0x32, 0x30, 0x2D, 0x30, 0x3D, 0x31, 0x2E, 0x30, 0x30, 0x30, 0x30, 0x30,
0x30, 0x0D, 0x0A, 0x63, 0x6F, 0x6C, 0x53, 0x6B, 0x69, 0x6E, 0x73, 0x31, 0x32, 0x30, 0x2D, 0x31,
0x3D, 0x31, 0x2E, 0x30, 0x30, 0x30, 0x30, 0x30, 0x30, 0x0D, 0x0A, 0x63, 0x6F, 0x6C, 0x53, 0x6B,
0x69, 0x6E, 0x73, 0x31, 0x32, 0x30, 0x2D, 0x32, 0x3D, 0x31, 0x2E, 0x30, 0x30, 0x30, 0x30, 0x30,
0x30, 0x0D, 0x0A, 0x63, 0x6F, 0x6C, 0x53, 0x6B, 0x69, 0x6E, 0x73, 0x31, 0x32, 0x30, 0x2D, 0x33,
0x3D, 0x31, 0x2E, 0x30, 0x30, 0x30, 0x30, 0x30, 0x30, 0x0D, 0x0A, 0x63, 0x6F, 0x6C, 0x53, 0x6B,
0x69, 0x6E, 0x73, 0x32, 0x32, 0x30, 0x2D, 0x30, 0x3D, 0x31, 0x2E, 0x30, 0x30, 0x30, 0x30, 0x30,
0x30, 0x0D, 0x0A, 0x63, 0x6F, 0x6C, 0x53, 0x6B, 0x69, 0x6E, 0x73, 0x32, 0x32, 0x30, 0x2D, 0x31,
0x3D, 0x31, 0x2E, 0x30, 0x30, 0x30, 0x30, 0x30, 0x30, 0x0D, 0x0A, 0x63, 0x6F, 0x6C, 0x53, 0x6B,
0x69, 0x6E, 0x73, 0x32, 0x32, 0x30, 0x2D, 0x32, 0x3D, 0x31, 0x2E, 0x30, 0x30, 0x30, 0x30, 0x30,
0x30, 0x0D, 0x0A, 0x63, 0x6F, 0x6C, 0x53, 0x6B, 0x69, 0x6E, 0x73, 0x32, 0x32, 0x30, 0x2D, 0x33,
0x3D, 0x31, 0x2E, 0x30, 0x30, 0x30, 0x30, 0x30, 0x30, 0x0D, 0x0A, 0x63, 0x6F, 0x6C, 0x53, 0x6B,
0x69, 0x6E, 0x73, 0x33, 0x32, 0x30, 0x2D, 0x30, 0x3D, 0x31, 0x2E, 0x30, 0x30, 0x30, 0x30, 0x30,
0x30, 0x0D, 0x0A, 0x63, 0x6F, 0x6C, 0x53, 0x6B, 0x69, 0x6E, 0x73, 0x33, 0x32, 0x30, 0x2D, 0x31,
0x3D, 0x31, 0x2E, 0x30, 0x30, 0x30, 0x30, 0x30, 0x30, 0x0D, 0x0A, 0x63, 0x6F, 0x6C, 0x53, 0x6B,
0x69, 0x6E, 0x73, 0x33, 0x32, 0x30, 0x2D, 0x32, 0x3D, 0x31, 0x2E, 0x30, 0x30, 0x30, 0x30, 0x30,
0x30, 0x0D, 0x0A, 0x63, 0x6F, 0x6C, 0x53, 0x6B, 0x69, 0x6E, 0x73, 0x33, 0x32, 0x30, 0x2D, 0x33,
0x3D, 0x31, 0x2E, 0x30, 0x30, 0x30, 0x30, 0x30, 0x30, 0x0D, 0x0A, 0x63, 0x6F, 0x6C, 0x53, 0x6B,
0x69, 0x6E, 0x73, 0x34, 0x32, 0x30, 0x2D, 0x30, 0x3D, 0x31, 0x2E, 0x30, 0x30, 0x30, 0x30, 0x30,
0x30, 0x0D, 0x0A, 0x63, 0x6F, 0x6C, 0x53, 0x6B, 0x69, 0x6E, 0x73, 0x34, 0x32, 0x30, 0x2D, 0x31,
0x3D, 0x31, 0x2E, 0x30, 0x30, 0x30, 0x30, 0x30, 0x30, 0x0D, 0x0A, 0x63, 0x6F, 0x6C, 0x53, 0x6B,
0x69, 0x6E, 0x73, 0x34, 0x32, 0x30, 0x2D, 0x32, 0x3D, 0x31, 0x2E, 0x30, 0x30, 0x30, 0x30, 0x30,
0x30, 0x0D, 0x0A, 0x63, 0x6F, 0x6C, 0x53, 0x6B, 0x69, 0x6E, 0x73, 0x34, 0x32, 0x30, 0x2D, 0x33,
0x3D, 0x31, 0x2E, 0x30, 0x30, 0x30, 0x30, 0x30, 0x30, 0x0D, 0x0A, 0x63, 0x6F, 0x6C, 0x53, 0x6B,
0x69, 0x6E, 0x73, 0x31, 0x32, 0x31, 0x2D, 0x30, 0x3D, 0x31, 0x2E, 0x30, 0x30, 0x30, 0x30, 0x30,
0x30, 0x0D, 0x0A, 0x63, 0x6F, 0x6C, 0x53, 0x6B, 0x69, 0x6E, 0x73, 0x31, 0x32, 0x31, 0x2D, 0x31,
0x3D, 0x31, 0x2E, 0x30, 0x30, 0x30, 0x30, 0x30, 0x30, 0x0D, 0x0A, 0x63, 0x6F, 0x6C, 0x53, 0x6B,
0x69, 0x6E, 0x73, 0x31, 0x32, 0x31, 0x2D, 0x32, 0x3D, 0x31, 0x2E, 0x30, 0x30, 0x30, 0x30, 0x30,
0x30, 0x0D, 0x0A, 0x63, 0x6F, 0x6C, 0x53, 0x6B, 0x69, 0x6E, 0x73, 0x31, 0x32, 0x31, 0x2D, 0x33,
0x3D, 0x31, 0x2E, 0x30, 0x30, 0x30, 0x30, 0x30, 0x30, 0x0D, 0x0A, 0x63, 0x6F, 0x6C, 0x53, 0x6B,
0x69, 0x6E, 0x73, 0x32, 0x32, 0x31, 0x2D, 0x30, 0x3D, 0x31, 0x2E, 0x30, 0x30, 0x30, 0x30, 0x30,
0x30, 0x0D, 0x0A, 0x63, 0x6F, 0x6C, 0x53, 0x6B, 0x69, 0x6E, 0x73, 0x32, 0x32, 0x31, 0x2D, 0x31,
0x3D, 0x31, 0x2E, 0x30, 0x30, 0x30, 0x30, 0x30, 0x30, 0x0D, 0x0A, 0x63, 0x6F, 0x6C, 0x53, 0x6B,
0x69, 0x6E, 0x73, 0x32, 0x32, 0x31, 0x2D, 0x32, 0x3D, 0x31, 0x2E, 0x30, 0x30, 0x30, 0x30, 0x30,
0x30, 0x0D, 0x0A, 0x63, 0x6F, 0x6C, 0x53, 0x6B, 0x69, 0x6E, 0x73, 0x32, 0x32, 0x31, 0x2D, 0x33,
0x3D, 0x31, 0x2E, 0x30, 0x30, 0x30, 0x30, 0x30, 0x30, 0x0D, 0x0A, 0x63, 0x6F, 0x6C, 0x53, 0x6B,
0x69, 0x6E, 0x73, 0x33, 0x32, 0x31, 0x2D, 0x30, 0x3D, 0x31, 0x2E, 0x30, 0x30, 0x30, 0x30, 0x30,
0x30, 0x0D, 0x0A, 0x63, 0x6F, 0x6C, 0x53, 0x6B, 0x69, 0x6E, 0x73, 0x33, 0x32, 0x31, 0x2D, 0x31,
0x3D, 0x31, 0x2E, 0x30, 0x30, 0x30, 0x30, 0x30, 0x30, 0x0D, 0x0A, 0x63, 0x6F, 0x6C, 0x53, 0x6B,
0x69, 0x6E, 0x73, 0x33, 0x32, 0x31, 0x2D, 0x32, 0x3D, 0x31, 0x2E, 0x30, 0x30, 0x30, 0x30, 0x30,
0x30, 0x0D, 0x0A, 0x63, 0x6F, 0x6C, 0x53, 0x6B, 0x69, 0x6E, 0x73, 0x33, 0x32, 0x31, 0x2D, 0x33,
0x3D, 0x31, 0x2E, 0x30, 0x30, 0x30, 0x30, 0x30, 0x30, 0x0D, 0x0A, 0x63, 0x6F, 0x6C, 0x53, 0x6B,
0x69, 0x6E, 0x73, 0x34, 0x32, 0x31, 0x2D, 0x30, 0x3D, 0x31, 0x2E, 0x30, 0x30, 0x30, 0x30, 0x30,
0x30, 0x0D, 0x0A, 0x63, 0x6F, 0x6C, 0x53, 0x6B, 0x69, 0x6E, 0x73, 0x34, 0x32, 0x31, 0x2D, 0x31,
0x3D, 0x31, 0x2E, 0x30, 0x30, 0x30, 0x30, 0x30, 0x30, 0x0D, 0x0A, 0x63, 0x6F, 0x6C, 0x53, 0x6B,
0x69, 0x6E, 0x73, 0x34, 0x32, 0x31, 0x2D, 0x32, 0x3D, 0x31, 0x2E, 0x30, 0x30, 0x30, 0x30, 0x30,
0x30, 0x0D, 0x0A, 0x63, 0x6F, 0x6C, 0x53, 0x6B, 0x69, 0x6E, 0x73, 0x34, 0x32, 0x31, 0x2D, 0x33,
0x3D, 0x31, 0x2E, 0x30, 0x30, 0x30, 0x30, 0x30, 0x30, 0x0D, 0x0A, 0x63, 0x6F, 0x6C, 0x53, 0x6B,
0x69, 0x6E, 0x73, 0x31, 0x32, 0x32, 0x2D, 0x30, 0x3D, 0x31, 0x2E, 0x30, 0x30, 0x30, 0x30, 0x30,
0x30, 0x0D, 0x0A, 0x63, 0x6F, 0x6C, 0x53, 0x6B, 0x69, 0x6E, 0x73, 0x31, 0x32, 0x32, 0x2D, 0x31,
0x3D, 0x31, 0x2E, 0x30, 0x30, 0x30, 0x30, 0x30, 0x30, 0x0D, 0x0A, 0x63, 0x6F, 0x6C, 0x53, 0x6B,
0x69, 0x6E, 0x73, 0x31, 0x32, 0x32, 0x2D, 0x32, 0x3D, 0x31, 0x2E, 0x30, 0x30, 0x30, 0x30, 0x30,
0x30, 0x0D, 0x0A, 0x63, 0x6F, 0x6C, 0x53, 0x6B, 0x69, 0x6E, 0x73, 0x31, 0x32, 0x32, 0x2D, 0x33,
0x3D, 0x31, 0x2E, 0x30, 0x30, 0x30, 0x30, 0x30, 0x30, 0x0D, 0x0A, 0x63, 0x6F, 0x6C, 0x53, 0x6B,
0x69, 0x6E, 0x73, 0x32, 0x32, 0x32, 0x2D, 0x30, 0x3D, 0x31, 0x2E, 0x30, 0x30, 0x30, 0x30, 0x30,
0x30, 0x0D, 0x0A, 0x63, 0x6F, 0x6C, 0x53, 0x6B, 0x69, 0x6E, 0x73, 0x32, 0x32, 0x32, 0x2D, 0x31,
0x3D, 0x31, 0x2E, 0x30, 0x30, 0x30, 0x30, 0x30, 0x30, 0x0D, 0x0A, 0x63, 0x6F, 0x6C, 0x53, 0x6B,
0x69, 0x6E, 0x73, 0x32, 0x32, 0x32, 0x2D, 0x32, 0x3D, 0x31, 0x2E, 0x30, 0x30, 0x30, 0x30, 0x30,
0x30, 0x0D, 0x0A, 0x63, 0x6F, 0x6C, 0x53, 0x6B, 0x69, 0x6E, 0x73, 0x32, 0x32, 0x32, 0x2D, 0x33,
0x3D, 0x31, 0x2E, 0x30, 0x30, 0x30, 0x30, 0x30, 0x30, 0x0D, 0x0A, 0x63, 0x6F, 0x6C, 0x53, 0x6B,
0x69, 0x6E, 0x73, 0x33, 0x32, 0x32, 0x2D, 0x30, 0x3D, 0x31, 0x2E, 0x30, 0x30, 0x30, 0x30, 0x30,
0x30, 0x0D, 0x0A, 0x63, 0x6F, 0x6C, 0x53, 0x6B, 0x69, 0x6E, 0x73, 0x33, 0x32, 0x32, 0x2D, 0x31,
0x3D, 0x31, 0x2E, 0x30, 0x30, 0x30, 0x30, 0x30, 0x30, 0x0D, 0x0A, 0x63, 0x6F, 0x6C, 0x53, 0x6B,
0x69, 0x6E, 0x73, 0x33, 0x32, 0x32, 0x2D, 0x32, 0x3D, 0x31, 0x2E, 0x30, 0x30, 0x30, 0x30, 0x30,
0x30, 0x0D, 0x0A, 0x63, 0x6F, 0x6C, 0x53, 0x6B, 0x69, 0x6E, 0x73, 0x33, 0x32, 0x32, 0x2D, 0x33,
0x3D, 0x31, 0x2E, 0x30, 0x30, 0x30, 0x30, 0x30, 0x30, 0x0D, 0x0A, 0x63, 0x6F, 0x6C, 0x53, 0x6B,
0x69, 0x6E, 0x73, 0x34, 0x32, 0x32, 0x2D, 0x30, 0x3D, 0x31, 0x2E, 0x30, 0x30, 0x30, 0x30, 0x30,
0x30, 0x0D, 0x0A, 0x63, 0x6F, 0x6C, 0x53, 0x6B, 0x69, 0x6E, 0x73, 0x34, 0x32, 0x32, 0x2D, 0x31,
0x3D, 0x31, 0x2E, 0x30, 0x30, 0x30, 0x30, 0x30, 0x30, 0x0D, 0x0A, 0x63, 0x6F, 0x6C, 0x53, 0x6B,
0x69, 0x6E, 0x73, 0x34, 0x32, 0x32, 0x2D, 0x32, 0x3D, 0x31, 0x2E, 0x30, 0x30, 0x30, 0x30, 0x30,
0x30, 0x0D, 0x0A, 0x63, 0x6F, 0x6C, 0x53, 0x6B, 0x69, 0x6E, 0x73, 0x34, 0x32, 0x32, 0x2D, 0x33,
0x3D, 0x31, 0x2E, 0x30, 0x30, 0x30, 0x30, 0x30, 0x30, 0x0D, 0x0A, 0x63, 0x6F, 0x6C, 0x53, 0x6B,
0x69, 0x6E, 0x73, 0x31, 0x32, 0x33, 0x2D, 0x30, 0x3D, 0x31, 0x2E, 0x30, 0x30, 0x30, 0x30, 0x30,
0x30, 0x0D, 0x0A, 0x63, 0x6F, 0x6C, 0x53, 0x6B, 0x69, 0x6E, 0x73, 0x31, 0x32, 0x33, 0x2D, 0x31,
0x3D, 0x31, 0x2E, 0x30, 0x30, 0x30, 0x30, 0x30, 0x30, 0x0D, 0x0A, 0x63, 0x6F, 0x6C, 0x53, 0x6B,
0x69, 0x6E, 0x73, 0x31, 0x32, 0x33, 0x2D, 0x32, 0x3D, 0x31, 0x2E, 0x30, 0x30, 0x30, 0x30, 0x30,
0x30, 0x0D, 0x0A, 0x63, 0x6F, 0x6C, 0x53, 0x6B, 0x69, 0x6E, 0x73, 0x31, 0x32, 0x33, 0x2D, 0x33,
0x3D, 0x31, 0x2E, 0x30, 0x30, 0x30, 0x30, 0x30, 0x30, 0x0D, 0x0A, 0x63, 0x6F, 0x6C, 0x53, 0x6B,
0x69, 0x6E, 0x73, 0x32, 0x32, 0x33, 0x2D, 0x30, 0x3D, 0x31, 0x2E, 0x30, 0x30, 0x30, 0x30, 0x30,
0x30, 0x0D, 0x0A, 0x63, 0x6F, 0x6C, 0x53, 0x6B, 0x69, 0x6E, 0x73, 0x32, 0x32, 0x33, 0x2D, 0x31,
0x3D, 0x31, 0x2E, 0x30, 0x30, 0x30, 0x30, 0x30, 0x30, 0x0D, 0x0A, 0x63, 0x6F, 0x6C, 0x53, 0x6B,
0x69, 0x6E, 0x73, 0x32, 0x32, 0x33, 0x2D, 0x32, 0x3D, 0x31, 0x2E, 0x30, 0x30, 0x30, 0x30, 0x30,
0x30, 0x0D, 0x0A, 0x63, 0x6F, 0x6C, 0x53, 0x6B, 0x69, 0x6E, 0x73, 0x32, 0x32, 0x33, 0x2D, 0x33,
0x3D, 0x31, 0x2E, 0x30, 0x30, 0x30, 0x30, 0x30, 0x30, 0x0D, 0x0A, 0x63, 0x6F, 0x6C, 0x53, 0x6B,
0x69, 0x6E, 0x73, 0x33, 0x32, 0x33, 0x2D, 0x30, 0x3D, 0x31, 0x2E, 0x30, 0x30, 0x30, 0x30, 0x30,
0x30, 0x0D, 0x0A, 0x63, 0x6F, 0x6C, 0x53, 0x6B, 0x69, 0x6E, 0x73, 0x33, 0x32, 0x33, 0x2D, 0x31,
0x3D, 0x31, 0x2E, 0x30, 0x30, 0x30, 0x30, 0x30, 0x30, 0x0D, 0x0A, 0x63, 0x6F, 0x6C, 0x53, 0x6B,
0x69, 0x6E, 0x73, 0x33, 0x32, 0x33, 0x2D, 0x32, 0x3D, 0x31, 0x2E, 0x30, 0x30, 0x30, 0x30, 0x30,
0x30, 0x0D, 0x0A, 0x63, 0x6F, 0x6C, 0x53, 0x6B, 0x69, 0x6E, 0x73, 0x33, 0x32, 0x33, 0x2D, 0x33,
0x3D, 0x31, 0x2E, 0x30, 0x30, 0x30, 0x30, 0x30, 0x30, 0x0D, 0x0A, 0x63, 0x6F, 0x6C, 0x53, 0x6B,
0x69, 0x6E, 0x73, 0x34, 0x32, 0x33, 0x2D, 0x30, 0x3D, 0x31, 0x2E, 0x30, 0x30, 0x30, 0x30, 0x30,
0x30, 0x0D, 0x0A, 0x63, 0x6F, 0x6C, 0x53, 0x6B, 0x69, 0x6E, 0x73, 0x34, 0x32, 0x33, 0x2D, 0x31,
0x3D, 0x31, 0x2E, 0x30, 0x30, 0x30, 0x30, 0x30, 0x30, 0x0D, 0x0A, 0x63, 0x6F, 0x6C, 0x53, 0x6B,
0x69, 0x6E, 0x73, 0x34, 0x32, 0x33, 0x2D, 0x32, 0x3D, 0x31, 0x2E, 0x30, 0x30, 0x30, 0x30, 0x30,
0x30, 0x0D, 0x0A, 0x63, 0x6F, 0x6C, 0x53, 0x6B, 0x69, 0x6E, 0x73, 0x34, 0x32, 0x33, 0x2D, 0x33,
0x3D, 0x31, 0x2E, 0x30, 0x30, 0x30, 0x30, 0x30, 0x30, 0x0D, 0x0A, 0x63, 0x6F, 0x6C, 0x53, 0x6B,
0x69, 0x6E, 0x73, 0x31, 0x32, 0x34, 0x2D, 0x30, 0x3D, 0x31, 0x2E, 0x30, 0x30, 0x30, 0x30, 0x30,
0x30, 0x0D, 0x0A, 0x63, 0x6F, 0x6C, 0x53, 0x6B, 0x69, 0x6E, 0x73, 0x31, 0x32, 0x34, 0x2D, 0x31,
0x3D, 0x31, 0x2E, 0x30, 0x30, 0x30, 0x30, 0x30, 0x30, 0x0D, 0x0A, 0x63, 0x6F, 0x6C, 0x53, 0x6B,
0x69, 0x6E, 0x73, 0x31, 0x32, 0x34, 0x2D, 0x32, 0x3D, 0x31, 0x2E, 0x30, 0x30, 0x30, 0x30, 0x30,
0x30, 0x0D, 0x0A, 0x63, 0x6F, 0x6C, 0x53, 0x6B, 0x69, 0x6E, 0x73, 0x31, 0x32, 0x34, 0x2D, 0x33,
0x3D, 0x31, 0x2E, 0x30, 0x30, 0x30, 0x30, 0x30, 0x30, 0x0D, 0x0A, 0x63, 0x6F, 0x6C, 0x53, 0x6B,
0x69, 0x6E, 0x73, 0x32, 0x32, 0x34, 0x2D, 0x30, 0x3D, 0x31, 0x2E, 0x30, 0x30, 0x30, 0x30, 0x30,
0x30, 0x0D, 0x0A, 0x63, 0x6F, 0x6C, 0x53, 0x6B, 0x69, 0x6E, 0x73, 0x32, 0x32, 0x34, 0x2D, 0x31,
0x3D, 0x31, 0x2E, 0x30, 0x30, 0x30, 0x30, 0x30, 0x30, 0x0D, 0x0A, 0x63, 0x6F, 0x6C, 0x53, 0x6B,
0x69, 0x6E, 0x73, 0x32, 0x32, 0x34, 0x2D, 0x32, 0x3D, 0x31, 0x2E, 0x30, 0x30, 0x30, 0x30, 0x30,
0x30, 0x0D, 0x0A, 0x63, 0x6F, 0x6C, 0x53, 0x6B, 0x69, 0x6E, 0x73, 0x32, 0x32, 0x34, 0x2D, 0x33,
0x3D, 0x31, 0x2E, 0x30, 0x30, 0x30, 0x30, 0x30, 0x30, 0x0D, 0x0A, 0x63, 0x6F, 0x6C, 0x53, 0x6B,
0x69, 0x6E, 0x73, 0x33, 0x32, 0x34, 0x2D, 0x30, 0x3D, 0x31, 0x2E, 0x30, 0x30, 0x30, 0x30, 0x30,
0x30, 0x0D, 0x0A, 0x63, 0x6F, 0x6C, 0x53, 0x6B, 0x69, 0x6E, 0x73, 0x33, 0x32, 0x34, 0x2D, 0x31,
0x3D, 0x31, 0x2E, 0x30, 0x30, 0x30, 0x30, 0x30, 0x30, 0x0D, 0x0A, 0x63, 0x6F, 0x6C, 0x53, 0x6B,
0x69, 0x6E, 0x73, 0x33, 0x32, 0x34, 0x2D, 0x32, 0x3D, 0x31, 0x2E, 0x30, 0x30, 0x30, 0x30, 0x30,
0x30, 0x0D, 0x0A, 0x63, 0x6F, 0x6C, 0x53, 0x6B, 0x69, 0x6E, 0x73, 0x33, 0x32, 0x34, 0x2D, 0x33,
0x3D, 0x31, 0x2E, 0x30, 0x30, 0x30, 0x30, 0x30, 0x30, 0x0D, 0x0A, 0x63, 0x6F, 0x6C, 0x53, 0x6B,
0x69, 0x6E, 0x73, 0x34, 0x32, 0x34, 0x2D, 0x30, 0x3D, 0x31, 0x2E, 0x30, 0x30, 0x30, 0x30, 0x30,
0x30, 0x0D, 0x0A, 0x63, 0x6F, 0x6C, 0x53, 0x6B, 0x69, 0x6E, 0x73, 0x34, 0x32, 0x34, 0x2D, 0x31,
0x3D, 0x31, 0x2E, 0x30, 0x30, 0x30, 0x30, 0x30, 0x30, 0x0D, 0x0A, 0x63, 0x6F, 0x6C, 0x53, 0x6B,
0x69, 0x6E, 0x73, 0x34, 0x32, 0x34, 0x2D, 0x32, 0x3D, 0x31, 0x2E, 0x30, 0x30, 0x30, 0x30, 0x30,
0x30, 0x0D, 0x0A, 0x63, 0x6F, 0x6C, 0x53, 0x6B, 0x69, 0x6E, 0x73, 0x34, 0x32, 0x34, 0x2D, 0x33,
0x3D, 0x31, 0x2E, 0x30, 0x30, 0x30, 0x30, 0x30, 0x30, 0x0D, 0x0A, 0x63, 0x6F, 0x6C, 0x53, 0x6B,
0x69, 0x6E, 0x73, 0x31, 0x32, 0x35, 0x2D, 0x30, 0x3D, 0x31, 0x2E, 0x30, 0x30, 0x30, 0x30, 0x30,
0x30, 0x0D, 0x0A, 0x63, 0x6F, 0x6C, 0x53, 0x6B, 0x69, 0x6E, 0x73, 0x31, 0x32, 0x35, 0x2D, 0x31,
0x3D, 0x31, 0x2E, 0x30, 0x30, 0x30, 0x30, 0x30, 0x30, 0x0D, 0x0A, 0x63, 0x6F, 0x6C, 0x53, 0x6B,
0x69, 0x6E, 0x73, 0x31, 0x32, 0x35, 0x2D, 0x32, 0x3D, 0x31, 0x2E, 0x30, 0x30, 0x30, 0x30, 0x30,
0x30, 0x0D, 0x0A, 0x63, 0x6F, 0x6C, 0x53, 0x6B, 0x69, 0x6E, 0x73, 0x31, 0x32, 0x35, 0x2D, 0x33,
0x3D, 0x31, 0x2E, 0x30, 0x30, 0x30, 0x30, 0x30, 0x30, 0x0D, 0x0A, 0x63, 0x6F, 0x6C, 0x53, 0x6B,
0x69, 0x6E, 0x73, 0x32, 0x32, 0x35, 0x2D, 0x30, 0x3D, 0x31, 0x2E, 0x30, 0x30, 0x30, 0x30, 0x30,
0x30, 0x0D, 0x0A, 0x63, 0x6F, 0x6C, 0x53, 0x6B, 0x69, 0x6E, 0x73, 0x32, 0x32, 0x35, 0x2D, 0x31,
0x3D, 0x31, 0x2E, 0x30, 0x30, 0x30, 0x30, 0x30, 0x30, 0x0D, 0x0A, 0x63, 0x6F, 0x6C, 0x53, 0x6B,
0x69, 0x6E, 0x73, 0x32, 0x32, 0x35, 0x2D, 0x32, 0x3D, 0x31, 0x2E, 0x30, 0x30, 0x30, 0x30, 0x30,
0x30, 0x0D, 0x0A, 0x63, 0x6F, 0x6C, 0x53, 0x6B, 0x69, 0x6E, 0x73, 0x32, 0x32, 0x35, 0x2D, 0x33,
0x3D, 0x31, 0x2E, 0x30, 0x30, 0x30, 0x30, 0x30, 0x30, 0x0D, 0x0A, 0x63, 0x6F, 0x6C, 0x53, 0x6B,
0x69, 0x6E, 0x73, 0x33, 0x32, 0x35, 0x2D, 0x30, 0x3D, 0x31, 0x2E, 0x30, 0x30, 0x30, 0x30, 0x30,
0x30, 0x0D, 0x0A, 0x63, 0x6F, 0x6C, 0x53, 0x6B, 0x69, 0x6E, 0x73, 0x33, 0x32, 0x35, 0x2D, 0x31,
0x3D, 0x31, 0x2E, 0x30, 0x30, 0x30, 0x30, 0x30, 0x30, 0x0D, 0x0A, 0x63, 0x6F, 0x6C, 0x53, 0x6B,
0x69, 0x6E, 0x73, 0x33, 0x32, 0x35, 0x2D, 0x32, 0x3D, 0x31, 0x2E, 0x30, 0x30, 0x30, 0x30, 0x30,
0x30, 0x0D, 0x0A, 0x63, 0x6F, 0x6C, 0x53, 0x6B, 0x69, 0x6E, 0x73, 0x33, 0x32, 0x35, 0x2D, 0x33,
0x3D, 0x31, 0x2E, 0x30, 0x30, 0x30, 0x30, 0x30, 0x30, 0x0D, 0x0A, 0x63, 0x6F, 0x6C, 0x53, 0x6B,
0x69, 0x6E, 0x73, 0x34, 0x32, 0x35, 0x2D, 0x30, 0x3D, 0x31, 0x2E, 0x30, 0x30, 0x30, 0x30, 0x30,
0x30, 0x0D, 0x0A, 0x63, 0x6F, 0x6C, 0x53, 0x6B, 0x69, 0x6E, 0x73, 0x34, 0x32, 0x35, 0x2D, 0x31,
0x3D, 0x31, 0x2E, 0x30, 0x30, 0x30, 0x30, 0x30, 0x30, 0x0D, 0x0A, 0x63, 0x6F, 0x6C, 0x53, 0x6B,
0x69, 0x6E, 0x73, 0x34, 0x32, 0x35, 0x2D, 0x32, 0x3D, 0x31, 0x2E, 0x30, 0x30, 0x30, 0x30, 0x30,
0x30, 0x0D, 0x0A, 0x63, 0x6F, 0x6C, 0x53, 0x6B, 0x69, 0x6E, 0x73, 0x34, 0x32, 0x35, 0x2D, 0x33,
0x3D, 0x31, 0x2E, 0x30, 0x30, 0x30, 0x30, 0x30, 0x30, 0x0D, 0x0A, 0x63, 0x6F, 0x6C, 0x53, 0x6B,
0x69, 0x6E, 0x73, 0x31, 0x32, 0x36, 0x2D, 0x30, 0x3D, 0x31, 0x2E, 0x30, 0x30, 0x30, 0x30, 0x30,
0x30, 0x0D, 0x0A, 0x63, 0x6F, 0x6C, 0x53, 0x6B, 0x69, 0x6E, 0x73, 0x31, 0x32, 0x36, 0x2D, 0x31,
0x3D, 0x31, 0x2E, 0x30, 0x30, 0x30, 0x30, 0x30, 0x30, 0x0D, 0x0A, 0x63, 0x6F, 0x6C, 0x53, 0x6B,
0x69, 0x6E, 0x73, 0x31, 0x32, 0x36, 0x2D, 0x32, 0x3D, 0x31, 0x2E, 0x30, 0x30, 0x30, 0x30, 0x30,
0x30, 0x0D, 0x0A, 0x63, 0x6F, 0x6C, 0x53, 0x6B, 0x69, 0x6E, 0x73, 0x31, 0x32, 0x36, 0x2D, 0x33,
0x3D, 0x31, 0x2E, 0x30, 0x30, 0x30, 0x30, 0x30, 0x30, 0x0D, 0x0A, 0x63, 0x6F, 0x6C, 0x53, 0x6B,
0x69, 0x6E, 0x73, 0x32, 0x32, 0x36, 0x2D, 0x30, 0x3D, 0x31, 0x2E, 0x30, 0x30, 0x30, 0x30, 0x30,
0x30, 0x0D, 0x0A, 0x63, 0x6F, 0x6C, 0x53, 0x6B, 0x69, 0x6E, 0x73, 0x32, 0x32, 0x36, 0x2D, 0x31,
0x3D, 0x31, 0x2E, 0x30, 0x30, 0x30, 0x30, 0x30, 0x30, 0x0D, 0x0A, 0x63, 0x6F, 0x6C, 0x53, 0x6B,
0x69, 0x6E, 0x73, 0x32, 0x32, 0x36, 0x2D, 0x32, 0x3D, 0x31, 0x2E, 0x30, 0x30, 0x30, 0x30, 0x30,
0x30, 0x0D, 0x0A, 0x63, 0x6F, 0x6C, 0x53, 0x6B, 0x69, 0x6E, 0x73, 0x32, 0x32, 0x36, 0x2D, 0x33,
0x3D, 0x31, 0x2E, 0x30, 0x30, 0x30, 0x30, 0x30, 0x30, 0x0D, 0x0A, 0x63, 0x6F, 0x6C, 0x53, 0x6B,
0x69, 0x6E, 0x73, 0x33, 0x32, 0x36, 0x2D, 0x30, 0x3D, 0x31, 0x2E, 0x30, 0x30, 0x30, 0x30, 0x30,
0x30, 0x0D, 0x0A, 0x63, 0x6F, 0x6C, 0x53, 0x6B, 0x69, 0x6E, 0x73, 0x33, 0x32, 0x36, 0x2D, 0x31,
0x3D, 0x31, 0x2E, 0x30, 0x30, 0x30, 0x30, 0x30, 0x30, 0x0D, 0x0A, 0x63, 0x6F, 0x6C, 0x53, 0x6B,
0x69, 0x6E, 0x73, 0x33, 0x32, 0x36, 0x2D, 0x32, 0x3D, 0x31, 0x2E, 0x30, 0x30, 0x30, 0x30, 0x30,
0x30, 0x0D, 0x0A, 0x63, 0x6F, 0x6C, 0x53, 0x6B, 0x69, 0x6E, 0x73, 0x33, 0x32, 0x36, 0x2D, 0x33,
0x3D, 0x31, 0x2E, 0x30, 0x30, 0x30, 0x30, 0x30, 0x30, 0x0D, 0x0A, 0x63, 0x6F, 0x6C, 0x53, 0x6B,
0x69, 0x6E, 0x73, 0x34, 0x32, 0x36, 0x2D, 0x30, 0x3D, 0x31, 0x2E, 0x30, 0x30, 0x30, 0x30, 0x30,
0x30, 0x0D, 0x0A, 0x63, 0x6F, 0x6C, 0x53, 0x6B, 0x69, 0x6E, 0x73, 0x34, 0x32, 0x36, 0x2D, 0x31,
0x3D, 0x31, 0x2E, 0x30, 0x30, 0x30, 0x30, 0x30, 0x30, 0x0D, 0x0A, 0x63, 0x6F, 0x6C, 0x53, 0x6B,
0x69, 0x6E, 0x73, 0x34, 0x32, 0x36, 0x2D, 0x32, 0x3D, 0x31, 0x2E, 0x30, 0x30, 0x30, 0x30, 0x30,
0x30, 0x0D, 0x0A, 0x63, 0x6F, 0x6C, 0x53, 0x6B, 0x69, 0x6E, 0x73, 0x34, 0x32, 0x36, 0x2D, 0x33,
0x3D, 0x31, 0x2E, 0x30, 0x30, 0x30, 0x30, 0x30, 0x30, 0x0D, 0x0A, 0x63, 0x6F, 0x6C, 0x53, 0x6B,
0x69, 0x6E, 0x73, 0x31, 0x32, 0x37, 0x2D, 0x30, 0x3D, 0x31, 0x2E, 0x30, 0x30, 0x30, 0x30, 0x30,
0x30, 0x0D, 0x0A, 0x63, 0x6F, 0x6C, 0x53, 0x6B, 0x69, 0x6E, 0x73, 0x31, 0x32, 0x37, 0x2D, 0x31,
0x3D, 0x31, 0x2E, 0x30, 0x30, 0x30, 0x30, 0x30, 0x30, 0x0D, 0x0A, 0x63, 0x6F, 0x6C, 0x53, 0x6B,
0x69, 0x6E, 0x73, 0x31, 0x32, 0x37, 0x2D, 0x32, 0x3D, 0x31, 0x2E, 0x30, 0x30, 0x30, 0x30, 0x30,
0x30, 0x0D, 0x0A, 0x63, 0x6F, 0x6C, 0x53, 0x6B, 0x69, 0x6E, 0x73, 0x31, 0x32, 0x37, 0x2D, 0x33,
0x3D, 0x31, 0x2E, 0x30, 0x30, 0x30, 0x30, 0x30, 0x30, 0x0D, 0x0A, 0x63, 0x6F, 0x6C, 0x53, 0x6B,
0x69, 0x6E, 0x73, 0x32, 0x32, 0x37, 0x2D, 0x30, 0x3D, 0x31, 0x2E, 0x30, 0x30, 0x30, 0x30, 0x30,
0x30, 0x0D, 0x0A, 0x63, 0x6F, 0x6C, 0x53, 0x6B, 0x69, 0x6E, 0x73, 0x32, 0x32, 0x37, 0x2D, 0x31,
0x3D, 0x31, 0x2E, 0x30, 0x30, 0x30, 0x30, 0x30, 0x30, 0x0D, 0x0A, 0x63, 0x6F, 0x6C, 0x53, 0x6B,
0x69, 0x6E, 0x73, 0x32, 0x32, 0x37, 0x2D, 0x32, 0x3D, 0x31, 0x2E, 0x30, 0x30, 0x30, 0x30, 0x30,
0x30, 0x0D, 0x0A, 0x63, 0x6F, 0x6C, 0x53, 0x6B, 0x69, 0x6E, 0x73, 0x32, 0x32, 0x37, 0x2D, 0x33,
0x3D, 0x31, 0x2E, 0x30, 0x30, 0x30, 0x30, 0x30, 0x30, 0x0D, 0x0A, 0x63, 0x6F, 0x6C, 0x53, 0x6B,
0x69, 0x6E, 0x73, 0x33, 0x32, 0x37, 0x2D, 0x30, 0x3D, 0x31, 0x2E, 0x30, 0x30, 0x30, 0x30, 0x30,
0x30, 0x0D, 0x0A, 0x63, 0x6F, 0x6C, 0x53, 0x6B, 0x69, 0x6E, 0x73, 0x33, 0x32, 0x37, 0x2D, 0x31,
0x3D, 0x31, 0x2E, 0x30, 0x30, 0x30, 0x30, 0x30, 0x30, 0x0D, 0x0A, 0x63, 0x6F, 0x6C, 0x53, 0x6B,
0x69, 0x6E, 0x73, 0x33, 0x32, 0x37, 0x2D, 0x32, 0x3D, 0x31, 0x2E, 0x30, 0x30, 0x30, 0x30, 0x30,
0x30, 0x0D, 0x0A, 0x63, 0x6F, 0x6C, 0x53, 0x6B, 0x69, 0x6E, 0x73, 0x33, 0x32, 0x37, 0x2D, 0x33,
0x3D, 0x31, 0x2E, 0x30, 0x30, 0x30, 0x30, 0x30, 0x30, 0x0D, 0x0A, 0x63, 0x6F, 0x6C, 0x53, 0x6B,
0x69, 0x6E, 0x73, 0x34, 0x32, 0x37, 0x2D, 0x30, 0x3D, 0x31, 0x2E, 0x30, 0x30, 0x30, 0x30, 0x30,
0x30, 0x0D, 0x0A, 0x63, 0x6F, 0x6C, 0x53, 0x6B, 0x69, 0x6E, 0x73, 0x34, 0x32, 0x37, 0x2D, 0x31,
0x3D, 0x31, 0x2E, 0x30, 0x30, 0x30, 0x30, 0x30, 0x30, 0x0D, 0x0A, 0x63, 0x6F, 0x6C, 0x53, 0x6B,
0x69, 0x6E, 0x73, 0x34, 0x32, 0x37, 0x2D, 0x32, 0x3D, 0x31, 0x2E, 0x30, 0x30, 0x30, 0x30, 0x30,
0x30, 0x0D, 0x0A, 0x63, 0x6F, 0x6C, 0x53, 0x6B, 0x69, 0x6E, 0x73, 0x34, 0x32, 0x37, 0x2D, 0x33,
0x3D, 0x31, 0x2E, 0x30, 0x30, 0x30, 0x30, 0x30, 0x30, 0x0D, 0x0A, 0x63, 0x6F, 0x6C, 0x53, 0x6B,
0x69, 0x6E, 0x73, 0x31, 0x32, 0x38, 0x2D, 0x30, 0x3D, 0x31, 0x2E, 0x30, 0x30, 0x30, 0x30, 0x30,
0x30, 0x0D, 0x0A, 0x63, 0x6F, 0x6C, 0x53, 0x6B, 0x69, 0x6E, 0x73, 0x31, 0x32, 0x38, 0x2D, 0x31,
0x3D, 0x31, 0x2E, 0x30, 0x30, 0x30, 0x30, 0x30, 0x30, 0x0D, 0x0A, 0x63, 0x6F, 0x6C, 0x53, 0x6B,
0x69, 0x6E, 0x73, 0x31, 0x32, 0x38, 0x2D, 0x32, 0x3D, 0x31, 0x2E, 0x30, 0x30, 0x30, 0x30, 0x30,
0x30, 0x0D, 0x0A, 0x63, 0x6F, 0x6C, 0x53, 0x6B, 0x69, 0x6E, 0x73, 0x31, 0x32, 0x38, 0x2D, 0x33,
0x3D, 0x31, 0x2E, 0x30, 0x30, 0x30, 0x30, 0x30, 0x30, 0x0D, 0x0A, 0x63, 0x6F, 0x6C, 0x53, 0x6B,
0x69, 0x6E, 0x73, 0x32, 0x32, 0x38, 0x2D, 0x30, 0x3D, 0x31, 0x2E, 0x30, 0x30, 0x30, 0x30, 0x30,
0x30, 0x0D, 0x0A, 0x63, 0x6F, 0x6C, 0x53, 0x6B, 0x69, 0x6E, 0x73, 0x32, 0x32, 0x38, 0x2D, 0x31,
0x3D, 0x31, 0x2E, 0x30, 0x30, 0x30, 0x30, 0x30, 0x30, 0x0D, 0x0A, 0x63, 0x6F, 0x6C, 0x53, 0x6B,
0x69, 0x6E, 0x73, 0x32, 0x32, 0x38, 0x2D, 0x32, 0x3D, 0x31, 0x2E, 0x30, 0x30, 0x30, 0x30, 0x30,
0x30, 0x0D, 0x0A, 0x63, 0x6F, 0x6C, 0x53, 0x6B, 0x69, 0x6E, 0x73, 0x32, 0x32, 0x38, 0x2D, 0x33,
0x3D, 0x31, 0x2E, 0x30, 0x30, 0x30, 0x30, 0x30, 0x30, 0x0D, 0x0A, 0x63, 0x6F, 0x6C, 0x53, 0x6B,
0x69, 0x6E, 0x73, 0x33, 0x32, 0x38, 0x2D, 0x30, 0x3D, 0x31, 0x2E, 0x30, 0x30, 0x30, 0x30, 0x30,
0x30, 0x0D, 0x0A, 0x63, 0x6F, 0x6C, 0x53, 0x6B, 0x69, 0x6E, 0x73, 0x33, 0x32, 0x38, 0x2D, 0x31,
0x3D, 0x31, 0x2E, 0x30, 0x30, 0x30, 0x30, 0x30, 0x30, 0x0D, 0x0A, 0x63, 0x6F, 0x6C, 0x53, 0x6B,
0x69, 0x6E, 0x73, 0x33, 0x32, 0x38, 0x2D, 0x32, 0x3D, 0x31, 0x2E, 0x30, 0x30, 0x30, 0x30, 0x30,
0x30, 0x0D, 0x0A, 0x63, 0x6F, 0x6C, 0x53, 0x6B, 0x69, 0x6E, 0x73, 0x33, 0x32, 0x38, 0x2D, 0x33,
0x3D, 0x31, 0x2E, 0x30, 0x30, 0x30, 0x30, 0x30, 0x30, 0x0D, 0x0A, 0x63, 0x6F, 0x6C, 0x53, 0x6B,
0x69, 0x6E, 0x73, 0x34, 0x32, 0x38, 0x2D, 0x30, 0x3D, 0x31, 0x2E, 0x30, 0x30, 0x30, 0x30, 0x30,
0x30, 0x0D, 0x0A, 0x63, 0x6F, 0x6C, 0x53, 0x6B, 0x69, 0x6E, 0x73, 0x34, 0x32, 0x38, 0x2D, 0x31,
0x3D, 0x31, 0x2E, 0x30, 0x30, 0x30, 0x30, 0x30, 0x30, 0x0D, 0x0A, 0x63, 0x6F, 0x6C, 0x53, 0x6B,
0x69, 0x6E, 0x73, 0x34, 0x32, 0x38, 0x2D, 0x32, 0x3D, 0x31, 0x2E, 0x30, 0x30, 0x30, 0x30, 0x30,
0x30, 0x0D, 0x0A, 0x63, 0x6F, 0x6C, 0x53, 0x6B, 0x69, 0x6E, 0x73, 0x34, 0x32, 0x38, 0x2D, 0x33,
0x3D, 0x31, 0x2E, 0x30, 0x30, 0x30, 0x30, 0x30, 0x30, 0x0D, 0x0A, 0x63, 0x6F, 0x6C, 0x53, 0x6B,
0x69, 0x6E, 0x73, 0x31, 0x32, 0x39, 0x2D, 0x30, 0x3D, 0x31, 0x2E, 0x30, 0x30, 0x30, 0x30, 0x30,
0x30, 0x0D, 0x0A, 0x63, 0x6F, 0x6C, 0x53, 0x6B, 0x69, 0x6E, 0x73, 0x31, 0x32, 0x39, 0x2D, 0x31,
0x3D, 0x31, 0x2E, 0x30, 0x30, 0x30, 0x30, 0x30, 0x30, 0x0D, 0x0A, 0x63, 0x6F, 0x6C, 0x53, 0x6B,
0x69, 0x6E, 0x73, 0x31, 0x32, 0x39, 0x2D, 0x32, 0x3D, 0x31, 0x2E, 0x30, 0x30, 0x30, 0x30, 0x30,
0x30, 0x0D, 0x0A, 0x63, 0x6F, 0x6C, 0x53, 0x6B, 0x69, 0x6E, 0x73, 0x31, 0x32, 0x39, 0x2D, 0x33,
0x3D, 0x31, 0x2E, 0x30, 0x30, 0x30, 0x30, 0x30, 0x30, 0x0D, 0x0A, 0x63, 0x6F, 0x6C, 0x53, 0x6B,
0x69, 0x6E, 0x73, 0x32, 0x32, 0x39, 0x2D, 0x30, 0x3D, 0x31, 0x2E, 0x30, 0x30, 0x30, 0x30, 0x30,
0x30, 0x0D, 0x0A, 0x63, 0x6F, 0x6C, 0x53, 0x6B, 0x69, 0x6E, 0x73, 0x32, 0x32, 0x39, 0x2D, 0x31,
0x3D, 0x31, 0x2E, 0x30, 0x30, 0x30, 0x30, 0x30, 0x30, 0x0D, 0x0A, 0x63, 0x6F, 0x6C, 0x53, 0x6B,
0x69, 0x6E, 0x73, 0x32, 0x32, 0x39, 0x2D, 0x32, 0x3D, 0x31, 0x2E, 0x30, 0x30, 0x30, 0x30, 0x30,
0x30, 0x0D, 0x0A, 0x63, 0x6F, 0x6C, 0x53, 0x6B, 0x69, 0x6E, 0x73, 0x32, 0x32, 0x39, 0x2D, 0x33,
0x3D, 0x31, 0x2E, 0x30, 0x30, 0x30, 0x30, 0x30, 0x30, 0x0D, 0x0A, 0x63, 0x6F, 0x6C, 0x53, 0x6B,
0x69, 0x6E, 0x73, 0x33, 0x32, 0x39, 0x2D, 0x30, 0x3D, 0x31, 0x2E, 0x30, 0x30, 0x30, 0x30, 0x30,
0x30, 0x0D, 0x0A, 0x63, 0x6F, 0x6C, 0x53, 0x6B, 0x69, 0x6E, 0x73, 0x33, 0x32, 0x39, 0x2D, 0x31,
0x3D, 0x31, 0x2E, 0x30, 0x30, 0x30, 0x30, 0x30, 0x30, 0x0D, 0x0A, 0x63, 0x6F, 0x6C, 0x53, 0x6B,
0x69, 0x6E, 0x73, 0x33, 0x32, 0x39, 0x2D, 0x32, 0x3D, 0x31, 0x2E, 0x30, 0x30, 0x30, 0x30, 0x30,
0x30, 0x0D, 0x0A, 0x63, 0x6F, 0x6C, 0x53, 0x6B, 0x69, 0x6E, 0x73, 0x33, 0x32, 0x39, 0x2D, 0x33,
0x3D, 0x31, 0x2E, 0x30, 0x30, 0x30, 0x30, 0x30, 0x30, 0x0D, 0x0A, 0x63, 0x6F, 0x6C, 0x53, 0x6B,
0x69, 0x6E, 0x73, 0x34, 0x32, 0x39, 0x2D, 0x30, 0x3D, 0x31, 0x2E, 0x30, 0x30, 0x30, 0x30, 0x30,
0x30, 0x0D, 0x0A, 0x63, 0x6F, 0x6C, 0x53, 0x6B, 0x69, 0x6E, 0x73, 0x34, 0x32, 0x39, 0x2D, 0x31,
0x3D, 0x31, 0x2E, 0x30, 0x30, 0x30, 0x30, 0x30, 0x30, 0x0D, 0x0A, 0x63, 0x6F, 0x6C, 0x53, 0x6B,
0x69, 0x6E, 0x73, 0x34, 0x32, 0x39, 0x2D, 0x32, 0x3D, 0x31, 0x2E, 0x30, 0x30, 0x30, 0x30, 0x30,
0x30, 0x0D, 0x0A, 0x63, 0x6F, 0x6C, 0x53, 0x6B, 0x69, 0x6E, 0x73, 0x34, 0x32, 0x39, 0x2D, 0x33,
0x3D, 0x31, 0x2E, 0x30, 0x30, 0x30, 0x30, 0x30, 0x30, 0x0D, 0x0A, 0x63, 0x6F, 0x6C, 0x53, 0x6B,
0x69, 0x6E, 0x73, 0x31, 0x33, 0x30, 0x2D, 0x30, 0x3D, 0x31, 0x2E, 0x30, 0x30, 0x30, 0x30, 0x30,
0x30, 0x0D, 0x0A, 0x63, 0x6F, 0x6C, 0x53, 0x6B, 0x69, 0x6E, 0x73, 0x31, 0x33, 0x30, 0x2D, 0x31,
0x3D, 0x31, 0x2E, 0x30, 0x30, 0x30, 0x30, 0x30, 0x30, 0x0D, 0x0A, 0x63, 0x6F, 0x6C, 0x53, 0x6B,
0x69, 0x6E, 0x73, 0x31, 0x33, 0x30, 0x2D, 0x32, 0x3D, 0x31, 0x2E, 0x30, 0x30, 0x30, 0x30, 0x30,
0x30, 0x0D, 0x0A, 0x63, 0x6F, 0x6C, 0x53, 0x6B, 0x69, 0x6E, 0x73, 0x31, 0x33, 0x30, 0x2D, 0x33,
0x3D, 0x31, 0x2E, 0x30, 0x30, 0x30, 0x30, 0x30, 0x30, 0x0D, 0x0A, 0x63, 0x6F, 0x6C, 0x53, 0x6B,
0x69, 0x6E, 0x73, 0x32, 0x33, 0x30, 0x2D, 0x30, 0x3D, 0x31, 0x2E, 0x30, 0x30, 0x30, 0x30, 0x30,
0x30, 0x0D, 0x0A, 0x63, 0x6F, 0x6C, 0x53, 0x6B, 0x69, 0x6E, 0x73, 0x32, 0x33, 0x30, 0x2D, 0x31,
0x3D, 0x31, 0x2E, 0x30, 0x30, 0x30, 0x30, 0x30, 0x30, 0x0D, 0x0A, 0x63, 0x6F, 0x6C, 0x53, 0x6B,
0x69, 0x6E, 0x73, 0x32, 0x33, 0x30, 0x2D, 0x32, 0x3D, 0x31, 0x2E, 0x30, 0x30, 0x30, 0x30, 0x30,
0x30, 0x0D, 0x0A, 0x63, 0x6F, 0x6C, 0x53, 0x6B, 0x69, 0x6E, 0x73, 0x32, 0x33, 0x30, 0x2D, 0x33,
0x3D, 0x31, 0x2E, 0x30, 0x30, 0x30, 0x30, 0x30, 0x30, 0x0D, 0x0A, 0x63, 0x6F, 0x6C, 0x53, 0x6B,
0x69, 0x6E, 0x73, 0x33, 0x33, 0x30, 0x2D, 0x30, 0x3D, 0x31, 0x2E, 0x30, 0x30, 0x30, 0x30, 0x30,
0x30, 0x0D, 0x0A, 0x63, 0x6F, 0x6C, 0x53, 0x6B, 0x69, 0x6E, 0x73, 0x33, 0x33, 0x30, 0x2D, 0x31,
0x3D, 0x31, 0x2E, 0x30, 0x30, 0x30, 0x30, 0x30, 0x30, 0x0D, 0x0A, 0x63, 0x6F, 0x6C, 0x53, 0x6B,
0x69, 0x6E, 0x73, 0x33, 0x33, 0x30, 0x2D, 0x32, 0x3D, 0x31, 0x2E, 0x30, 0x30, 0x30, 0x30, 0x30,
0x30, 0x0D, 0x0A, 0x63, 0x6F, 0x6C, 0x53, 0x6B, 0x69, 0x6E, 0x73, 0x33, 0x33, 0x30, 0x2D, 0x33,
0x3D, 0x31, 0x2E, 0x30, 0x30, 0x30, 0x30, 0x30, 0x30, 0x0D, 0x0A, 0x63, 0x6F, 0x6C, 0x53, 0x6B,
0x69, 0x6E, 0x73, 0x34, 0x33, 0x30, 0x2D, 0x30, 0x3D, 0x31, 0x2E, 0x30, 0x30, 0x30, 0x30, 0x30,
0x30, 0x0D, 0x0A, 0x63, 0x6F, 0x6C, 0x53, 0x6B, 0x69, 0x6E, 0x73, 0x34, 0x33, 0x30, 0x2D, 0x31,
0x3D, 0x31, 0x2E, 0x30, 0x30, 0x30, 0x30, 0x30, 0x30, 0x0D, 0x0A, 0x63, 0x6F, 0x6C, 0x53, 0x6B,
0x69, 0x6E, 0x73, 0x34, 0x33, 0x30, 0x2D, 0x32, 0x3D, 0x31, 0x2E, 0x30, 0x30, 0x30, 0x30, 0x30,
0x30, 0x0D, 0x0A, 0x63, 0x6F, 0x6C, 0x53, 0x6B, 0x69, 0x6E, 0x73, 0x34, 0x33, 0x30, 0x2D, 0x33,
0x3D, 0x31, 0x2E, 0x30, 0x30, 0x30, 0x30, 0x30, 0x30, 0x0D, 0x0A, 0x63, 0x6F, 0x6C, 0x53, 0x6B,
0x69, 0x6E, 0x73, 0x31, 0x33, 0x31, 0x2D, 0x30, 0x3D, 0x31, 0x2E, 0x30, 0x30, 0x30, 0x30, 0x30,
0x30, 0x0D, 0x0A, 0x63, 0x6F, 0x6C, 0x53, 0x6B, 0x69, 0x6E, 0x73, 0x31, 0x33, 0x31, 0x2D, 0x31,
0x3D, 0x31, 0x2E, 0x30, 0x30, 0x30, 0x30, 0x30, 0x30, 0x0D, 0x0A, 0x63, 0x6F, 0x6C, 0x53, 0x6B,
0x69, 0x6E, 0x73, 0x31, 0x33, 0x31, 0x2D, 0x32, 0x3D, 0x31, 0x2E, 0x30, 0x30, 0x30, 0x30, 0x30,
0x30, 0x0D, 0x0A, 0x63, 0x6F, 0x6C, 0x53, 0x6B, 0x69, 0x6E, 0x73, 0x31, 0x33, 0x31, 0x2D, 0x33,
0x3D, 0x31, 0x2E, 0x30, 0x30, 0x30, 0x30, 0x30, 0x30, 0x0D, 0x0A, 0x63, 0x6F, 0x6C, 0x53, 0x6B,
0x69, 0x6E, 0x73, 0x32, 0x33, 0x31, 0x2D, 0x30, 0x3D, 0x31, 0x2E, 0x30, 0x30, 0x30, 0x30, 0x30,
0x30, 0x0D, 0x0A, 0x63, 0x6F, 0x6C, 0x53, 0x6B, 0x69, 0x6E, 0x73, 0x32, 0x33, 0x31, 0x2D, 0x31,
0x3D, 0x31, 0x2E, 0x30, 0x30, 0x30, 0x30, 0x30, 0x30, 0x0D, 0x0A, 0x63, 0x6F, 0x6C, 0x53, 0x6B,
0x69, 0x6E, 0x73, 0x32, 0x33, 0x31, 0x2D, 0x32, 0x3D, 0x31, 0x2E, 0x30, 0x30, 0x30, 0x30, 0x30,
0x30, 0x0D, 0x0A, 0x63, 0x6F, 0x6C, 0x53, 0x6B, 0x69, 0x6E, 0x73, 0x32, 0x33, 0x31, 0x2D, 0x33,
0x3D, 0x31, 0x2E, 0x30, 0x30, 0x30, 0x30, 0x30, 0x30, 0x0D, 0x0A, 0x63, 0x6F, 0x6C, 0x53, 0x6B,
0x69, 0x6E, 0x73, 0x33, 0x33, 0x31, 0x2D, 0x30, 0x3D, 0x31, 0x2E, 0x30, 0x30, 0x30, 0x30, 0x30,
0x30, 0x0D, 0x0A, 0x63, 0x6F, 0x6C, 0x53, 0x6B, 0x69, 0x6E, 0x73, 0x33, 0x33, 0x31, 0x2D, 0x31,
0x3D, 0x31, 0x2E, 0x30, 0x30, 0x30, 0x30, 0x30, 0x30, 0x0D, 0x0A, 0x63, 0x6F, 0x6C, 0x53, 0x6B,
0x69, 0x6E, 0x73, 0x33, 0x33, 0x31, 0x2D, 0x32, 0x3D, 0x31, 0x2E, 0x30, 0x30, 0x30, 0x30, 0x30,
0x30, 0x0D, 0x0A, 0x63, 0x6F, 0x6C, 0x53, 0x6B, 0x69, 0x6E, 0x73, 0x33, 0x33, 0x31, 0x2D, 0x33,
0x3D, 0x31, 0x2E, 0x30, 0x30, 0x30, 0x30, 0x30, 0x30, 0x0D, 0x0A, 0x63, 0x6F, 0x6C, 0x53, 0x6B,
0x69, 0x6E, 0x73, 0x34, 0x33, 0x31, 0x2D, 0x30, 0x3D, 0x31, 0x2E, 0x30, 0x30, 0x30, 0x30, 0x30,
0x30, 0x0D, 0x0A, 0x63, 0x6F, 0x6C, 0x53, 0x6B, 0x69, 0x6E, 0x73, 0x34, 0x33, 0x31, 0x2D, 0x31,
0x3D, 0x31, 0x2E, 0x30, 0x30, 0x30, 0x30, 0x30, 0x30, 0x0D, 0x0A, 0x63, 0x6F, 0x6C, 0x53, 0x6B,
0x69, 0x6E, 0x73, 0x34, 0x33, 0x31, 0x2D, 0x32, 0x3D, 0x31, 0x2E, 0x30, 0x30, 0x30, 0x30, 0x30,
0x30, 0x0D, 0x0A, 0x63, 0x6F, 0x6C, 0x53, 0x6B, 0x69, 0x6E, 0x73, 0x34, 0x33, 0x31, 0x2D, 0x33,
0x3D, 0x31, 0x2E, 0x30, 0x30, 0x30, 0x30, 0x30, 0x30, 0x0D, 0x0A, 0x63, 0x6F, 0x6C, 0x53, 0x6B,
0x69, 0x6E, 0x73, 0x31, 0x33, 0x32, 0x2D, 0x30, 0x3D, 0x31, 0x2E, 0x30, 0x30, 0x30, 0x30, 0x30,
0x30, 0x0D, 0x0A, 0x63, 0x6F, 0x6C, 0x53, 0x6B, 0x69, 0x6E, 0x73, 0x31, 0x33, 0x32, 0x2D, 0x31,
0x3D, 0x31, 0x2E, 0x30, 0x30, 0x30, 0x30, 0x30, 0x30, 0x0D, 0x0A, 0x63, 0x6F, 0x6C, 0x53, 0x6B,
0x69, 0x6E, 0x73, 0x31, 0x33, 0x32, 0x2D, 0x32, 0x3D, 0x31, 0x2E, 0x30, 0x30, 0x30, 0x30, 0x30,
0x30, 0x0D, 0x0A, 0x63, 0x6F, 0x6C, 0x53, 0x6B, 0x69, 0x6E, 0x73, 0x31, 0x33, 0x32, 0x2D, 0x33,
0x3D, 0x31, 0x2E, 0x30, 0x30, 0x30, 0x30, 0x30, 0x30, 0x0D, 0x0A, 0x63, 0x6F, 0x6C, 0x53, 0x6B,
0x69, 0x6E, 0x73, 0x32, 0x33, 0x32, 0x2D, 0x30, 0x3D, 0x31, 0x2E, 0x30, 0x30, 0x30, 0x30, 0x30,
0x30, 0x0D, 0x0A, 0x63, 0x6F, 0x6C, 0x53, 0x6B, 0x69, 0x6E, 0x73, 0x32, 0x33, 0x32, 0x2D, 0x31,
0x3D, 0x31, 0x2E, 0x30, 0x30, 0x30, 0x30, 0x30, 0x30, 0x0D, 0x0A, 0x63, 0x6F, 0x6C, 0x53, 0x6B,
0x69, 0x6E, 0x73, 0x32, 0x33, 0x32, 0x2D, 0x32, 0x3D, 0x31, 0x2E, 0x30, 0x30, 0x30, 0x30, 0x30,
0x30, 0x0D, 0x0A, 0x63, 0x6F, 0x6C, 0x53, 0x6B, 0x69, 0x6E, 0x73, 0x32, 0x33, 0x32, 0x2D, 0x33,
0x3D, 0x31, 0x2E, 0x30, 0x30, 0x30, 0x30, 0x30, 0x30, 0x0D, 0x0A, 0x63, 0x6F, 0x6C, 0x53, 0x6B,
0x69, 0x6E, 0x73, 0x33, 0x33, 0x32, 0x2D, 0x30, 0x3D, 0x31, 0x2E, 0x30, 0x30, 0x30, 0x30, 0x30,
0x30, 0x0D, 0x0A, 0x63, 0x6F, 0x6C, 0x53, 0x6B, 0x69, 0x6E, 0x73, 0x33, 0x33, 0x32, 0x2D, 0x31,
0x3D, 0x31, 0x2E, 0x30, 0x30, 0x30, 0x30, 0x30, 0x30, 0x0D, 0x0A, 0x63, 0x6F, 0x6C, 0x53, 0x6B,
0x69, 0x6E, 0x73, 0x33, 0x33, 0x32, 0x2D, 0x32, 0x3D, 0x31, 0x2E, 0x30, 0x30, 0x30, 0x30, 0x30,
0x30, 0x0D, 0x0A, 0x63, 0x6F, 0x6C, 0x53, 0x6B, 0x69, 0x6E, 0x73, 0x33, 0x33, 0x32, 0x2D, 0x33,
0x3D, 0x31, 0x2E, 0x30, 0x30, 0x30, 0x30, 0x30, 0x30, 0x0D, 0x0A, 0x63, 0x6F, 0x6C, 0x53, 0x6B,
0x69, 0x6E, 0x73, 0x34, 0x33, 0x32, 0x2D, 0x30, 0x3D, 0x31, 0x2E, 0x30, 0x30, 0x30, 0x30, 0x30,
0x30, 0x0D, 0x0A, 0x63, 0x6F, 0x6C, 0x53, 0x6B, 0x69, 0x6E, 0x73, 0x34, 0x33, 0x32, 0x2D, 0x31,
0x3D, 0x31, 0x2E, 0x30, 0x30, 0x30, 0x30, 0x30, 0x30, 0x0D, 0x0A, 0x63, 0x6F, 0x6C, 0x53, 0x6B,
0x69, 0x6E, 0x73, 0x34, 0x33, 0x32, 0x2D, 0x32, 0x3D, 0x31, 0x2E, 0x30, 0x30, 0x30, 0x30, 0x30,
0x30, 0x0D, 0x0A, 0x63, 0x6F, 0x6C, 0x53, 0x6B, 0x69, 0x6E, 0x73, 0x34, 0x33, 0x32, 0x2D, 0x33,
0x3D, 0x31, 0x2E, 0x30, 0x30, 0x30, 0x30, 0x30, 0x30, 0x0D, 0x0A, 0x63, 0x6F, 0x6C, 0x53, 0x6B,
0x69, 0x6E, 0x73, 0x31, 0x33, 0x33, 0x2D, 0x30, 0x3D, 0x31, 0x2E, 0x30, 0x30, 0x30, 0x30, 0x30,
0x30, 0x0D, 0x0A, 0x63, 0x6F, 0x6C, 0x53, 0x6B, 0x69, 0x6E, 0x73, 0x31, 0x33, 0x33, 0x2D, 0x31,
0x3D, 0x31, 0x2E, 0x30, 0x30, 0x30, 0x30, 0x30, 0x30, 0x0D, 0x0A, 0x63, 0x6F, 0x6C, 0x53, 0x6B,
0x69, 0x6E, 0x73, 0x31, 0x33, 0x33, 0x2D, 0x32, 0x3D, 0x31, 0x2E, 0x30, 0x30, 0x30, 0x30, 0x30,
0x30, 0x0D, 0x0A, 0x63, 0x6F, 0x6C, 0x53, 0x6B, 0x69, 0x6E, 0x73, 0x31, 0x33, 0x33, 0x2D, 0x33,
0x3D, 0x31, 0x2E, 0x30, 0x30, 0x30, 0x30, 0x30, 0x30, 0x0D, 0x0A, 0x63, 0x6F, 0x6C, 0x53, 0x6B,
0x69, 0x6E, 0x73, 0x32, 0x33, 0x33, 0x2D, 0x30, 0x3D, 0x31, 0x2E, 0x30, 0x30, 0x30, 0x30, 0x30,
0x30, 0x0D, 0x0A, 0x63, 0x6F, 0x6C, 0x53, 0x6B, 0x69, 0x6E, 0x73, 0x32, 0x33, 0x33, 0x2D, 0x31,
0x3D, 0x31, 0x2E, 0x30, 0x30, 0x30, 0x30, 0x30, 0x30, 0x0D, 0x0A, 0x63, 0x6F, 0x6C, 0x53, 0x6B,
0x69, 0x6E, 0x73, 0x32, 0x33, 0x33, 0x2D, 0x32, 0x3D, 0x31, 0x2E, 0x30, 0x30, 0x30, 0x30, 0x30,
0x30, 0x0D, 0x0A, 0x63, 0x6F, 0x6C, 0x53, 0x6B, 0x69, 0x6E, 0x73, 0x32, 0x33, 0x33, 0x2D, 0x33,
0x3D, 0x31, 0x2E, 0x30, 0x30, 0x30, 0x30, 0x30, 0x30, 0x0D, 0x0A, 0x63, 0x6F, 0x6C, 0x53, 0x6B,
0x69, 0x6E, 0x73, 0x33, 0x33, 0x33, 0x2D, 0x30, 0x3D, 0x31, 0x2E, 0x30, 0x30, 0x30, 0x30, 0x30,
0x30, 0x0D, 0x0A, 0x63, 0x6F, 0x6C, 0x53, 0x6B, 0x69, 0x6E, 0x73, 0x33, 0x33, 0x33, 0x2D, 0x31,
0x3D, 0x31, 0x2E, 0x30, 0x30, 0x30, 0x30, 0x30, 0x30, 0x0D, 0x0A, 0x63, 0x6F, 0x6C, 0x53, 0x6B,
0x69, 0x6E, 0x73, 0x33, 0x33, 0x33, 0x2D, 0x32, 0x3D, 0x31, 0x2E, 0x30, 0x30, 0x30, 0x30, 0x30,
0x30, 0x0D, 0x0A, 0x63, 0x6F, 0x6C, 0x53, 0x6B, 0x69, 0x6E, 0x73, 0x33, 0x33, 0x33, 0x2D, 0x33,
0x3D, 0x31, 0x2E, 0x30, 0x30, 0x30, 0x30, 0x30, 0x30, 0x0D, 0x0A, 0x63, 0x6F, 0x6C, 0x53, 0x6B,
0x69, 0x6E, 0x73, 0x34, 0x33, 0x33, 0x2D, 0x30, 0x3D, 0x31, 0x2E, 0x30, 0x30, 0x30, 0x30, 0x30,
0x30, 0x0D, 0x0A, 0x63, 0x6F, 0x6C, 0x53, 0x6B, 0x69, 0x6E, 0x73, 0x34, 0x33, 0x33, 0x2D, 0x31,
0x3D, 0x31, 0x2E, 0x30, 0x30, 0x30, 0x30, 0x30, 0x30, 0x0D, 0x0A, 0x63, 0x6F, 0x6C, 0x53, 0x6B,
0x69, 0x6E, 0x73, 0x34, 0x33, 0x33, 0x2D, 0x32, 0x3D, 0x31, 0x2E, 0x30, 0x30, 0x30, 0x30, 0x30,
0x30, 0x0D, 0x0A, 0x63, 0x6F, 0x6C, 0x53, 0x6B, 0x69, 0x6E, 0x73, 0x34, 0x33, 0x33, 0x2D, 0x33,
0x3D, 0x31, 0x2E, 0x30, 0x30, 0x30, 0x30, 0x30, 0x30, 0x0D, 0x0A, 0x63, 0x6F, 0x6C, 0x53, 0x6B,
0x69, 0x6E, 0x73, 0x31, 0x33, 0x34, 0x2D, 0x30, 0x3D, 0x31, 0x2E, 0x30, 0x30, 0x30, 0x30, 0x30,
0x30, 0x0D, 0x0A, 0x63, 0x6F, 0x6C, 0x53, 0x6B, 0x69, 0x6E, 0x73, 0x31, 0x33, 0x34, 0x2D, 0x31,
0x3D, 0x31, 0x2E, 0x30, 0x30, 0x30, 0x30, 0x30, 0x30, 0x0D, 0x0A, 0x63, 0x6F, 0x6C, 0x53, 0x6B,
0x69, 0x6E, 0x73, 0x31, 0x33, 0x34, 0x2D, 0x32, 0x3D, 0x31, 0x2E, 0x30, 0x30, 0x30, 0x30, 0x30,
0x30, 0x0D, 0x0A, 0x63, 0x6F, 0x6C, 0x53, 0x6B, 0x69, 0x6E, 0x73, 0x31, 0x33, 0x34, 0x2D, 0x33,
0x3D, 0x31, 0x2E, 0x30, 0x30, 0x30, 0x30, 0x30, 0x30, 0x0D, 0x0A, 0x63, 0x6F, 0x6C, 0x53, 0x6B,
0x69, 0x6E, 0x73, 0x32, 0x33, 0x34, 0x2D, 0x30, 0x3D, 0x31, 0x2E, 0x30, 0x30, 0x30, 0x30, 0x30,
0x30, 0x0D, 0x0A, 0x63, 0x6F, 0x6C, 0x53, 0x6B, 0x69, 0x6E, 0x73, 0x32, 0x33, 0x34, 0x2D, 0x31,
0x3D, 0x31, 0x2E, 0x30, 0x30, 0x30, 0x30, 0x30, 0x30, 0x0D, 0x0A, 0x63, 0x6F, 0x6C, 0x53, 0x6B,
0x69, 0x6E, 0x73, 0x32, 0x33, 0x34, 0x2D, 0x32, 0x3D, 0x31, 0x2E, 0x30, 0x30, 0x30, 0x30, 0x30,
0x30, 0x0D, 0x0A, 0x63, 0x6F, 0x6C, 0x53, 0x6B, 0x69, 0x6E, 0x73, 0x32, 0x33, 0x34, 0x2D, 0x33,
0x3D, 0x31, 0x2E, 0x30, 0x30, 0x30, 0x30, 0x30, 0x30, 0x0D, 0x0A, 0x63, 0x6F, 0x6C, 0x53, 0x6B,
0x69, 0x6E, 0x73, 0x33, 0x33, 0x34, 0x2D, 0x30, 0x3D, 0x31, 0x2E, 0x30, 0x30, 0x30, 0x30, 0x30,
0x30, 0x0D, 0x0A, 0x63, 0x6F, 0x6C, 0x53, 0x6B, 0x69, 0x6E, 0x73, 0x33, 0x33, 0x34, 0x2D, 0x31,
0x3D, 0x31, 0x2E, 0x30, 0x30, 0x30, 0x30, 0x30, 0x30, 0x0D, 0x0A, 0x63, 0x6F, 0x6C, 0x53, 0x6B,
0x69, 0x6E, 0x73, 0x33, 0x33, 0x34, 0x2D, 0x32, 0x3D, 0x31, 0x2E, 0x30, 0x30, 0x30, 0x30, 0x30,
0x30, 0x0D, 0x0A, 0x63, 0x6F, 0x6C, 0x53, 0x6B, 0x69, 0x6E, 0x73, 0x33, 0x33, 0x34, 0x2D, 0x33,
0x3D, 0x31, 0x2E, 0x30, 0x30, 0x30, 0x30, 0x30, 0x30, 0x0D, 0x0A, 0x63, 0x6F, 0x6C, 0x53, 0x6B,
0x69, 0x6E, 0x73, 0x34, 0x33, 0x34, 0x2D, 0x30, 0x3D, 0x31, 0x2E, 0x30, 0x30, 0x30, 0x30, 0x30,
0x30, 0x0D, 0x0A, 0x63, 0x6F, 0x6C, 0x53, 0x6B, 0x69, 0x6E, 0x73, 0x34, 0x33, 0x34, 0x2D, 0x31,
0x3D, 0x31, 0x2E, 0x30, 0x30, 0x30, 0x30, 0x30, 0x30, 0x0D, 0x0A, 0x63, 0x6F, 0x6C, 0x53, 0x6B,
0x69, 0x6E, 0x73, 0x34, 0x33, 0x34, 0x2D, 0x32, 0x3D, 0x31, 0x2E, 0x30, 0x30, 0x30, 0x30, 0x30,
0x30, 0x0D, 0x0A, 0x63, 0x6F, 0x6C, 0x53, 0x6B, 0x69, 0x6E, 0x73, 0x34, 0x33, 0x34, 0x2D, 0x33,
0x3D, 0x31, 0x2E, 0x30, 0x30, 0x30, 0x30, 0x30, 0x30, 0x0D, 0x0A, 0x63, 0x6F, 0x6C, 0x53, 0x6B,
0x69, 0x6E, 0x73, 0x31, 0x33, 0x35, 0x2D, 0x30, 0x3D, 0x31, 0x2E, 0x30, 0x30, 0x30, 0x30, 0x30,
0x30, 0x0D, 0x0A, 0x63, 0x6F, 0x6C, 0x53, 0x6B, 0x69, 0x6E, 0x73, 0x31, 0x33, 0x35, 0x2D, 0x31,
0x3D, 0x31, 0x2E, 0x30, 0x30, 0x30, 0x30, 0x30, 0x30, 0x0D, 0x0A, 0x63, 0x6F, 0x6C, 0x53, 0x6B,
0x69, 0x6E, 0x73, 0x31, 0x33, 0x35, 0x2D, 0x32, 0x3D, 0x31, 0x2E, 0x30, 0x30, 0x30, 0x30, 0x30,
0x30, 0x0D, 0x0A, 0x63, 0x6F, 0x6C, 0x53, 0x6B, 0x69, 0x6E, 0x73, 0x31, 0x33, 0x35, 0x2D, 0x33,
0x3D, 0x31, 0x2E, 0x30, 0x30, 0x30, 0x30, 0x30, 0x30, 0x0D, 0x0A, 0x63, 0x6F, 0x6C, 0x53, 0x6B,
0x69, 0x6E, 0x73, 0x32, 0x33, 0x35, 0x2D, 0x30, 0x3D, 0x31, 0x2E, 0x30, 0x30, 0x30, 0x30, 0x30,
0x30, 0x0D, 0x0A, 0x63, 0x6F, 0x6C, 0x53, 0x6B, 0x69, 0x6E, 0x73, 0x32, 0x33, 0x35, 0x2D, 0x31,
0x3D, 0x31, 0x2E, 0x30, 0x30, 0x30, 0x30, 0x30, 0x30, 0x0D, 0x0A, 0x63, 0x6F, 0x6C, 0x53, 0x6B,
0x69, 0x6E, 0x73, 0x32, 0x33, 0x35, 0x2D, 0x32, 0x3D, 0x31, 0x2E, 0x30, 0x30, 0x30, 0x30, 0x30,
0x30, 0x0D, 0x0A, 0x63, 0x6F, 0x6C, 0x53, 0x6B, 0x69, 0x6E, 0x73, 0x32, 0x33, 0x35, 0x2D, 0x33,
0x3D, 0x31, 0x2E, 0x30, 0x30, 0x30, 0x30, 0x30, 0x30, 0x0D, 0x0A, 0x63, 0x6F, 0x6C, 0x53, 0x6B,
0x69, 0x6E, 0x73, 0x33, 0x33, 0x35, 0x2D, 0x30, 0x3D, 0x31, 0x2E, 0x30, 0x30, 0x30, 0x30, 0x30,
0x30, 0x0D, 0x0A, 0x63, 0x6F, 0x6C, 0x53, 0x6B, 0x69, 0x6E, 0x73, 0x33, 0x33, 0x35, 0x2D, 0x31,
0x3D, 0x31, 0x2E, 0x30, 0x30, 0x30, 0x30, 0x30, 0x30, 0x0D, 0x0A, 0x63, 0x6F, 0x6C, 0x53, 0x6B,
0x69, 0x6E, 0x73, 0x33, 0x33, 0x35, 0x2D, 0x32, 0x3D, 0x31, 0x2E, 0x30, 0x30, 0x30, 0x30, 0x30,
0x30, 0x0D, 0x0A, 0x63, 0x6F, 0x6C, 0x53, 0x6B, 0x69, 0x6E, 0x73, 0x33, 0x33, 0x35, 0x2D, 0x33,
0x3D, 0x31, 0x2E, 0x30, 0x30, 0x30, 0x30, 0x30, 0x30, 0x0D, 0x0A, 0x63, 0x6F, 0x6C, 0x53, 0x6B,
0x69, 0x6E, 0x73, 0x34, 0x33, 0x35, 0x2D, 0x30, 0x3D, 0x31, 0x2E, 0x30, 0x30, 0x30, 0x30, 0x30,
0x30, 0x0D, 0x0A, 0x63, 0x6F, 0x6C, 0x53, 0x6B, 0x69, 0x6E, 0x73, 0x34, 0x33, 0x35, 0x2D, 0x31,
0x3D, 0x31, 0x2E, 0x30, 0x30, 0x30, 0x30, 0x30, 0x30, 0x0D, 0x0A, 0x63, 0x6F, 0x6C, 0x53, 0x6B,
0x69, 0x6E, 0x73, 0x34, 0x33, 0x35, 0x2D, 0x32, 0x3D, 0x31, 0x2E, 0x30, 0x30, 0x30, 0x30, 0x30,
0x30, 0x0D, 0x0A, 0x63, 0x6F, 0x6C, 0x53, 0x6B, 0x69, 0x6E, 0x73, 0x34, 0x33, 0x35, 0x2D, 0x33,
0x3D, 0x31, 0x2E, 0x30, 0x30, 0x30, 0x30, 0x30, 0x30, 0x0D, 0x0A, 0x63, 0x6F, 0x6C, 0x53, 0x6B,
0x69, 0x6E, 0x73, 0x31, 0x33, 0x36, 0x2D, 0x30, 0x3D, 0x31, 0x2E, 0x30, 0x30, 0x30, 0x30, 0x30,
0x30, 0x0D, 0x0A, 0x63, 0x6F, 0x6C, 0x53, 0x6B, 0x69, 0x6E, 0x73, 0x31, 0x33, 0x36, 0x2D, 0x31,
0x3D, 0x31, 0x2E, 0x30, 0x30, 0x30, 0x30, 0x30, 0x30, 0x0D, 0x0A, 0x63, 0x6F, 0x6C, 0x53, 0x6B,
0x69, 0x6E, 0x73, 0x31, 0x33, 0x36, 0x2D, 0x32, 0x3D, 0x31, 0x2E, 0x30, 0x30, 0x30, 0x30, 0x30,
0x30, 0x0D, 0x0A, 0x63, 0x6F, 0x6C, 0x53, 0x6B, 0x69, 0x6E, 0x73, 0x31, 0x33, 0x36, 0x2D, 0x33,
0x3D, 0x31, 0x2E, 0x30, 0x30, 0x30, 0x30, 0x30, 0x30, 0x0D, 0x0A, 0x63, 0x6F, 0x6C, 0x53, 0x6B,
0x69, 0x6E, 0x73, 0x32, 0x33, 0x36, 0x2D, 0x30, 0x3D, 0x31, 0x2E, 0x30, 0x30, 0x30, 0x30, 0x30,
0x30, 0x0D, 0x0A, 0x63, 0x6F, 0x6C, 0x53, 0x6B, 0x69, 0x6E, 0x73, 0x32, 0x33, 0x36, 0x2D, 0x31,
0x3D, 0x31, 0x2E, 0x30, 0x30, 0x30, 0x30, 0x30, 0x30, 0x0D, 0x0A, 0x63, 0x6F, 0x6C, 0x53, 0x6B,
0x69, 0x6E, 0x73, 0x32, 0x33, 0x36, 0x2D, 0x32, 0x3D, 0x31, 0x2E, 0x30, 0x30, 0x30, 0x30, 0x30,
0x30, 0x0D, 0x0A, 0x63, 0x6F, 0x6C, 0x53, 0x6B, 0x69, 0x6E, 0x73, 0x32, 0x33, 0x36, 0x2D, 0x33,
0x3D, 0x31, 0x2E, 0x30, 0x30, 0x30, 0x30, 0x30, 0x30, 0x0D, 0x0A, 0x63, 0x6F, 0x6C, 0x53, 0x6B,
0x69, 0x6E, 0x73, 0x33, 0x33, 0x36, 0x2D, 0x30, 0x3D, 0x31, 0x2E, 0x30, 0x30, 0x30, 0x30, 0x30,
0x30, 0x0D, 0x0A, 0x63, 0x6F, 0x6C, 0x53, 0x6B, 0x69, 0x6E, 0x73, 0x33, 0x33, 0x36, 0x2D, 0x31,
0x3D, 0x31, 0x2E, 0x30, 0x30, 0x30, 0x30, 0x30, 0x30, 0x0D, 0x0A, 0x63, 0x6F, 0x6C, 0x53, 0x6B,
0x69, 0x6E, 0x73, 0x33, 0x33, 0x36, 0x2D, 0x32, 0x3D, 0x31, 0x2E, 0x30, 0x30, 0x30, 0x30, 0x30,
0x30, 0x0D, 0x0A, 0x63, 0x6F, 0x6C, 0x53, 0x6B, 0x69, 0x6E, 0x73, 0x33, 0x33, 0x36, 0x2D, 0x33,
0x3D, 0x31, 0x2E, 0x30, 0x30, 0x30, 0x30, 0x30, 0x30, 0x0D, 0x0A, 0x63, 0x6F, 0x6C, 0x53, 0x6B,
0x69, 0x6E, 0x73, 0x34, 0x33, 0x36, 0x2D, 0x30, 0x3D, 0x31, 0x2E, 0x30, 0x30, 0x30, 0x30, 0x30,
0x30, 0x0D, 0x0A, 0x63, 0x6F, 0x6C, 0x53, 0x6B, 0x69, 0x6E, 0x73, 0x34, 0x33, 0x36, 0x2D, 0x31,
0x3D, 0x31, 0x2E, 0x30, 0x30, 0x30, 0x30, 0x30, 0x30, 0x0D, 0x0A, 0x63, 0x6F, 0x6C, 0x53, 0x6B,
0x69, 0x6E, 0x73, 0x34, 0x33, 0x36, 0x2D, 0x32, 0x3D, 0x31, 0x2E, 0x30, 0x30, 0x30, 0x30, 0x30,
0x30, 0x0D, 0x0A, 0x63, 0x6F, 0x6C, 0x53, 0x6B, 0x69, 0x6E, 0x73, 0x34, 0x33, 0x36, 0x2D, 0x33,
0x3D, 0x31, 0x2E, 0x30, 0x30, 0x30, 0x30, 0x30, 0x30, 0x0D, 0x0A, 0x5B, 0x76, 0x69, 0x73, 0x75,
0x61, 0x6C, 0x5D, 0x0D, 0x0A, 0x66, 0x6C, 0x46, 0x6F, 0x67, 0x43, 0x6F, 0x6C, 0x6F, 0x72, 0x2D,
0x30, 0x3D, 0x30, 0x2E, 0x38, 0x33, 0x36, 0x34, 0x37, 0x38, 0x0D, 0x0A, 0x66, 0x6C, 0x46, 0x6F,
0x67, 0x43, 0x6F, 0x6C, 0x6F, 0x72, 0x2D, 0x31, 0x3D, 0x30, 0x2E, 0x38, 0x34, 0x38, 0x38, 0x31,
0x39, 0x0D, 0x0A, 0x66, 0x6C, 0x46, 0x6F, 0x67, 0x43, 0x6F, 0x6C, 0x6F, 0x72, 0x2D, 0x32, 0x3D,
0x31, 0x2E, 0x30, 0x30, 0x30, 0x30, 0x30, 0x30, 0x0D, 0x0A, 0x66, 0x6C, 0x46, 0x6F, 0x67, 0x43,
0x6F, 0x6C, 0x6F, 0x72, 0x2D, 0x33, 0x3D, 0x30, 0x2E, 0x34, 0x32, 0x31, 0x33, 0x38, 0x34, 0x0D,
0x0A, 0x65, 0x6E, 0x65, 0x6D, 0x79, 0x4E, 0x61, 0x6D, 0x65, 0x43, 0x6F, 0x6C, 0x6F, 0x72, 0x52,
0x3D, 0x31, 0x2E, 0x30, 0x30, 0x30, 0x30, 0x30, 0x30, 0x0D, 0x0A, 0x65, 0x6E, 0x65, 0x6D, 0x79,
0x4E, 0x61, 0x6D, 0x65, 0x43, 0x6F, 0x6C, 0x6F, 0x72, 0x47, 0x3D, 0x31, 0x2E, 0x30, 0x30, 0x30,
0x30, 0x30, 0x30, 0x0D, 0x0A, 0x65, 0x6E, 0x65, 0x6D, 0x79, 0x4E, 0x61, 0x6D, 0x65, 0x43, 0x6F,
0x6C, 0x6F, 0x72, 0x42, 0x3D, 0x31, 0x2E, 0x30, 0x30, 0x30, 0x30, 0x30, 0x30, 0x0D, 0x0A, 0x65,
0x6E, 0x65, 0x6D, 0x79, 0x4E, 0x61, 0x6D, 0x65, 0x43, 0x6F, 0x6C, 0x6F, 0x72, 0x41, 0x3D, 0x31,
0x2E, 0x30, 0x30, 0x30, 0x30, 0x30, 0x30, 0x0D, 0x0A, 0x65, 0x6E, 0x65, 0x6D, 0x79, 0x42, 0x6F,
0x78, 0x43, 0x6F, 0x6C, 0x6F, 0x72, 0x52, 0x3D, 0x30, 0x2E, 0x38, 0x32, 0x35, 0x35, 0x36, 0x31,
0x0D, 0x0A, 0x65, 0x6E, 0x65, 0x6D, 0x79, 0x42, 0x6F, 0x78, 0x43, 0x6F, 0x6C, 0x6F, 0x72, 0x47,
0x3D, 0x30, 0x2E, 0x38, 0x31, 0x31, 0x33, 0x32, 0x31, 0x0D, 0x0A, 0x65, 0x6E, 0x65, 0x6D, 0x79,
0x42, 0x6F, 0x78, 0x43, 0x6F, 0x6C, 0x6F, 0x72, 0x42, 0x3D, 0x31, 0x2E, 0x30, 0x30, 0x30, 0x30,
0x30, 0x30, 0x0D, 0x0A, 0x65, 0x6E, 0x65, 0x6D, 0x79, 0x42, 0x6F, 0x78, 0x43, 0x6F, 0x6C, 0x6F,
0x72, 0x41, 0x3D, 0x31, 0x2E, 0x30, 0x30, 0x30, 0x30, 0x30, 0x30, 0x0D, 0x0A, 0x65, 0x6E, 0x65,
0x6D, 0x79, 0x48, 0x65, 0x61, 0x6C, 0x74, 0x68, 0x43, 0x6F, 0x6C, 0x6F, 0x72, 0x52, 0x3D, 0x30,
0x2E, 0x30, 0x34, 0x34, 0x30, 0x30, 0x30, 0x0D, 0x0A, 0x65, 0x6E, 0x65, 0x6D, 0x79, 0x48, 0x65,
0x61, 0x6C, 0x74, 0x68, 0x43, 0x6F, 0x6C, 0x6F, 0x72, 0x47, 0x3D, 0x31, 0x2E, 0x30, 0x30, 0x30,
0x30, 0x30, 0x30, 0x0D, 0x0A, 0x65, 0x6E, 0x65, 0x6D, 0x79, 0x48, 0x65, 0x61, 0x6C, 0x74, 0x68,
0x43, 0x6F, 0x6C, 0x6F, 0x72, 0x42, 0x3D, 0x30, 0x2E, 0x30, 0x30, 0x30, 0x30, 0x30, 0x30, 0x0D,
0x0A, 0x65, 0x6E, 0x65, 0x6D, 0x79, 0x48, 0x65, 0x61, 0x6C, 0x74, 0x68, 0x43, 0x6F, 0x6C, 0x6F,
0x72, 0x41, 0x3D, 0x31, 0x2E, 0x30, 0x30, 0x30, 0x30, 0x30, 0x30, 0x0D, 0x0A, 0x65, 0x6E, 0x65,
0x6D, 0x79, 0x48, 0x65, 0x61, 0x6C, 0x74, 0x68, 0x43, 0x6F, 0x6C, 0x6F, 0x72, 0x45, 0x6E, 0x64,
0x52, 0x3D, 0x30, 0x2E, 0x30, 0x34, 0x34, 0x30, 0x30, 0x30, 0x0D, 0x0A, 0x65, 0x6E, 0x65, 0x6D,
0x79, 0x48, 0x65, 0x61, 0x6C, 0x74, 0x68, 0x43, 0x6F, 0x6C, 0x6F, 0x72, 0x45, 0x6E, 0x64, 0x47,
0x3D, 0x31, 0x2E, 0x30, 0x30, 0x30, 0x30, 0x30, 0x30, 0x0D, 0x0A, 0x65, 0x6E, 0x65, 0x6D, 0x79,
0x48, 0x65, 0x61, 0x6C, 0x74, 0x68, 0x43, 0x6F, 0x6C, 0x6F, 0x72, 0x45, 0x6E, 0x64, 0x42, 0x3D,
0x30, 0x2E, 0x30, 0x30, 0x30, 0x30, 0x30, 0x30, 0x0D, 0x0A, 0x65, 0x6E, 0x65, 0x6D, 0x79, 0x48,
0x65, 0x61, 0x6C, 0x74, 0x68, 0x43, 0x6F, 0x6C, 0x6F, 0x72, 0x45, 0x6E, 0x64, 0x41, 0x3D, 0x31,
0x2E, 0x30, 0x30, 0x30, 0x30, 0x30, 0x30, 0x0D, 0x0A, 0x65, 0x6E, 0x65, 0x6D, 0x79, 0x47, 0x6C,
0x6F, 0x77, 0x43, 0x6F, 0x6C, 0x6F, 0x72, 0x52, 0x3D, 0x30, 0x2E, 0x32, 0x30, 0x33, 0x32, 0x34,
0x32, 0x0D, 0x0A, 0x65, 0x6E, 0x65, 0x6D, 0x79, 0x47, 0x6C, 0x6F, 0x77, 0x43, 0x6F, 0x6C, 0x6F,
0x72, 0x47, 0x3D, 0x30, 0x2E, 0x31, 0x38, 0x35, 0x38, 0x33, 0x31, 0x0D, 0x0A, 0x65, 0x6E, 0x65,
0x6D, 0x79, 0x47, 0x6C, 0x6F, 0x77, 0x43, 0x6F, 0x6C, 0x6F, 0x72, 0x42, 0x3D, 0x30, 0x2E, 0x33,
0x33, 0x39, 0x36, 0x32, 0x33, 0x0D, 0x0A, 0x65, 0x6E, 0x65, 0x6D, 0x79, 0x47, 0x6C, 0x6F, 0x77,
0x43, 0x6F, 0x6C, 0x6F, 0x72, 0x41, 0x3D, 0x31, 0x2E, 0x30, 0x30, 0x30, 0x30, 0x30, 0x30, 0x0D,
0x0A, 0x65, 0x6E, 0x65, 0x6D, 0x79, 0x41, 0x72, 0x6D, 0x6F, 0x72, 0x43, 0x6F, 0x6C, 0x6F, 0x72,
0x52, 0x3D, 0x30, 0x2E, 0x30, 0x30, 0x30, 0x30, 0x30, 0x30, 0x0D, 0x0A, 0x65, 0x6E, 0x65, 0x6D,
0x79, 0x41, 0x72, 0x6D, 0x6F, 0x72, 0x43, 0x6F, 0x6C, 0x6F, 0x72, 0x47, 0x3D, 0x30, 0x2E, 0x39,
0x32, 0x34, 0x30, 0x30, 0x30, 0x0D, 0x0A, 0x65, 0x6E, 0x65, 0x6D, 0x79, 0x41, 0x72, 0x6D, 0x6F,
0x72, 0x43, 0x6F, 0x6C, 0x6F, 0x72, 0x42, 0x3D, 0x31, 0x2E, 0x30, 0x30, 0x30, 0x30, 0x30, 0x30,
0x0D, 0x0A, 0x65, 0x6E, 0x65, 0x6D, 0x79, 0x41, 0x72, 0x6D, 0x6F, 0x72, 0x43, 0x6F, 0x6C, 0x6F,
0x72, 0x41, 0x3D, 0x31, 0x2E, 0x30, 0x30, 0x30, 0x30, 0x30, 0x30, 0x0D, 0x0A, 0x65, 0x6E, 0x65,
0x6D, 0x79, 0x41, 0x6D, 0x6D, 0x6F, 0x43, 0x6F, 0x6C, 0x6F, 0x72, 0x52, 0x3D, 0x30, 0x2E, 0x33,
0x34, 0x35, 0x30, 0x30, 0x30, 0x0D, 0x0A, 0x65, 0x6E, 0x65, 0x6D, 0x79, 0x41, 0x6D, 0x6D, 0x6F,
0x43, 0x6F, 0x6C, 0x6F, 0x72, 0x47, 0x3D, 0x30, 0x2E, 0x33, 0x39, 0x34, 0x34, 0x33, 0x34, 0x0D,
0x0A, 0x65, 0x6E, 0x65, 0x6D, 0x79, 0x41, 0x6D, 0x6D, 0x6F, 0x43, 0x6F, 0x6C, 0x6F, 0x72, 0x42,
0x3D, 0x31, 0x2E, 0x30, 0x30, 0x30, 0x30, 0x30, 0x30, 0x0D, 0x0A, 0x65, 0x6E, 0x65, 0x6D, 0x79,
0x41, 0x6D, 0x6D, 0x6F, 0x43, 0x6F, 0x6C, 0x6F, 0x72, 0x41, 0x3D, 0x31, 0x2E, 0x30, 0x30, 0x30,
0x30, 0x30, 0x30, 0x0D, 0x0A, 0x65, 0x6E, 0x65, 0x6D, 0x79, 0x57, 0x65, 0x61, 0x70, 0x6F, 0x6E,
0x43, 0x6F, 0x6C, 0x6F, 0x72, 0x52, 0x3D, 0x31, 0x2E, 0x30, 0x30, 0x30, 0x30, 0x30, 0x30, 0x0D,
0x0A, 0x65, 0x6E, 0x65, 0x6D, 0x79, 0x57, 0x65, 0x61, 0x70, 0x6F, 0x6E, 0x43, 0x6F, 0x6C, 0x6F,
0x72, 0x47, 0x3D, 0x31, 0x2E, 0x30, 0x30, 0x30, 0x30, 0x30, 0x30, 0x0D, 0x0A, 0x65, 0x6E, 0x65,
0x6D, 0x79, 0x57, 0x65, 0x61, 0x70, 0x6F, 0x6E, 0x43, 0x6F, 0x6C, 0x6F, 0x72, 0x42, 0x3D, 0x31,
0x2E, 0x30, 0x30, 0x30, 0x30, 0x30, 0x30, 0x0D, 0x0A, 0x65, 0x6E, 0x65, 0x6D, 0x79, 0x57, 0x65,
0x61, 0x70, 0x6F, 0x6E, 0x43, 0x6F, 0x6C, 0x6F, 0x72, 0x41, 0x3D, 0x31, 0x2E, 0x30, 0x30, 0x30,
0x30, 0x30, 0x30, 0x0D, 0x0A, 0x45, 0x4E, 0x45, 0x4D, 0x59, 0x66, 0x6C, 0x46, 0x6C, 0x61, 0x67,
0x73, 0x30, 0x52, 0x3D, 0x31, 0x2E, 0x30, 0x30, 0x30, 0x30, 0x30, 0x30, 0x0D, 0x0A, 0x45, 0x4E,
0x45, 0x4D, 0x59, 0x66, 0x6C, 0x46, 0x6C, 0x61, 0x67, 0x73, 0x30, 0x47, 0x3D, 0x31, 0x2E, 0x30,
0x30, 0x30, 0x30, 0x30, 0x30, 0x0D, 0x0A, 0x45, 0x4E, 0x45, 0x4D, 0x59, 0x66, 0x6C, 0x46, 0x6C,
0x61, 0x67, 0x73, 0x30, 0x42, 0x3D, 0x31, 0x2E, 0x30, 0x30, 0x30, 0x30, 0x30, 0x30, 0x0D, 0x0A,
0x45, 0x4E, 0x45, 0x4D, 0x59, 0x66, 0x6C, 0x46, 0x6C, 0x61, 0x67, 0x73, 0x30, 0x41, 0x3D, 0x31,
0x2E, 0x30, 0x30, 0x30, 0x30, 0x30, 0x30, 0x0D, 0x0A, 0x45, 0x4E, 0x45, 0x4D, 0x59, 0x66, 0x6C,
0x46, 0x6C, 0x61, 0x67, 0x73, 0x31, 0x52, 0x3D, 0x31, 0x2E, 0x30, 0x30, 0x30, 0x30, 0x30, 0x30,
0x0D, 0x0A, 0x45, 0x4E, 0x45, 0x4D, 0x59, 0x66, 0x6C, 0x46, 0x6C, 0x61, 0x67, 0x73, 0x31, 0x47,
0x3D, 0x31, 0x2E, 0x30, 0x30, 0x30, 0x30, 0x30, 0x30, 0x0D, 0x0A, 0x45, 0x4E, 0x45, 0x4D, 0x59,
0x66, 0x6C, 0x46, 0x6C, 0x61, 0x67, 0x73, 0x31, 0x42, 0x3D, 0x31, 0x2E, 0x30, 0x30, 0x30, 0x30,
0x30, 0x30, 0x0D, 0x0A, 0x45, 0x4E, 0x45, 0x4D, 0x59, 0x66, 0x6C, 0x46, 0x6C, 0x61, 0x67, 0x73,
0x31, 0x41, 0x3D, 0x31, 0x2E, 0x30, 0x30, 0x30, 0x30, 0x30, 0x30, 0x0D, 0x0A, 0x45, 0x4E, 0x45,
0x4D, 0x59, 0x66, 0x6C, 0x46, 0x6C, 0x61, 0x67, 0x73, 0x32, 0x52, 0x3D, 0x31, 0x2E, 0x30, 0x30,
0x30, 0x30, 0x30, 0x30, 0x0D, 0x0A, 0x45, 0x4E, 0x45, 0x4D, 0x59, 0x66, 0x6C, 0x46, 0x6C, 0x61,
0x67, 0x73, 0x32, 0x47, 0x3D, 0x31, 0x2E, 0x30, 0x30, 0x30, 0x30, 0x30, 0x30, 0x0D, 0x0A, 0x45,
0x4E, 0x45, 0x4D, 0x59, 0x66, 0x6C, 0x46, 0x6C, 0x61, 0x67, 0x73, 0x32, 0x42, 0x3D, 0x31, 0x2E,
0x30, 0x30, 0x30, 0x30, 0x30, 0x30, 0x0D, 0x0A, 0x45, 0x4E, 0x45, 0x4D, 0x59, 0x66, 0x6C, 0x46,
0x6C, 0x61, 0x67, 0x73, 0x32, 0x41, 0x3D, 0x31, 0x2E, 0x30, 0x30, 0x30, 0x30, 0x30, 0x30, 0x0D,
0x0A, 0x45, 0x4E, 0x45, 0x4D, 0x59, 0x66, 0x6C, 0x46, 0x6C, 0x61, 0x67, 0x73, 0x33, 0x52, 0x3D,
0x30, 0x2E, 0x34, 0x32, 0x37, 0x36, 0x37, 0x33, 0x0D, 0x0A, 0x45, 0x4E, 0x45, 0x4D, 0x59, 0x66,
0x6C, 0x46, 0x6C, 0x61, 0x67, 0x73, 0x33, 0x47, 0x3D, 0x30, 0x2E, 0x35, 0x37, 0x38, 0x38, 0x35,
0x34, 0x0D, 0x0A, 0x45, 0x4E, 0x45, 0x4D, 0x59, 0x66, 0x6C, 0x46, 0x6C, 0x61, 0x67, 0x73, 0x33,
0x42, 0x3D, 0x31, 0x2E, 0x30, 0x30, 0x30, 0x30, 0x30, 0x30, 0x0D, 0x0A, 0x45, 0x4E, 0x45, 0x4D,
0x59, 0x66, 0x6C, 0x46, 0x6C, 0x61, 0x67, 0x73, 0x33, 0x41, 0x3D, 0x31, 0x2E, 0x30, 0x30, 0x30,
0x30, 0x30, 0x30, 0x0D, 0x0A, 0x45, 0x4E, 0x45, 0x4D, 0x59, 0x66, 0x6C, 0x46, 0x6C, 0x61, 0x67,
0x73, 0x34, 0x52, 0x3D, 0x30, 0x2E, 0x37, 0x31, 0x38, 0x30, 0x34, 0x39, 0x0D, 0x0A, 0x45, 0x4E,
0x45, 0x4D, 0x59, 0x66, 0x6C, 0x46, 0x6C, 0x61, 0x67, 0x73, 0x34, 0x47, 0x3D, 0x31, 0x2E, 0x30,
0x30, 0x30, 0x30, 0x30, 0x30, 0x0D, 0x0A, 0x45, 0x4E, 0x45, 0x4D, 0x59, 0x66, 0x6C, 0x46, 0x6C,
0x61, 0x67, 0x73, 0x34, 0x42, 0x3D, 0x30, 0x2E, 0x34, 0x34, 0x36, 0x35, 0x34, 0x31, 0x0D, 0x0A,
0x45, 0x4E, 0x45, 0x4D, 0x59, 0x66, 0x6C, 0x46, 0x6C, 0x61, 0x67, 0x73, 0x34, 0x41, 0x3D, 0x31,
0x2E, 0x30, 0x30, 0x30, 0x30, 0x30, 0x30, 0x0D, 0x0A, 0x45, 0x4E, 0x45, 0x4D, 0x59, 0x66, 0x6C,
0x46, 0x6C, 0x61, 0x67, 0x73, 0x35, 0x52, 0x3D, 0x31, 0x2E, 0x30, 0x30, 0x30, 0x30, 0x30, 0x30,
0x0D, 0x0A, 0x45, 0x4E, 0x45, 0x4D, 0x59, 0x66, 0x6C, 0x46, 0x6C, 0x61, 0x67, 0x73, 0x35, 0x47,
0x3D, 0x30, 0x2E, 0x38, 0x36, 0x34, 0x32, 0x34, 0x36, 0x0D, 0x0A, 0x45, 0x4E, 0x45, 0x4D, 0x59,
0x66, 0x6C, 0x46, 0x6C, 0x61, 0x67, 0x73, 0x35, 0x42, 0x3D, 0x30, 0x2E, 0x34, 0x34, 0x36, 0x35,
0x34, 0x31, 0x0D, 0x0A, 0x45, 0x4E, 0x45, 0x4D, 0x59, 0x66, 0x6C, 0x46, 0x6C, 0x61, 0x67, 0x73,
0x35, 0x41, 0x3D, 0x31, 0x2E, 0x30, 0x30, 0x30, 0x30, 0x30, 0x30, 0x0D, 0x0A, 0x45, 0x4E, 0x45,
0x4D, 0x59, 0x66, 0x6C, 0x46, 0x6C, 0x61, 0x67, 0x73, 0x36, 0x52, 0x3D, 0x31, 0x2E, 0x30, 0x30,
0x30, 0x30, 0x30, 0x30, 0x0D, 0x0A, 0x45, 0x4E, 0x45, 0x4D, 0x59, 0x66, 0x6C, 0x46, 0x6C, 0x61,
0x67, 0x73, 0x36, 0x47, 0x3D, 0x30, 0x2E, 0x33, 0x35, 0x38, 0x34, 0x39, 0x31, 0x0D, 0x0A, 0x45,
0x4E, 0x45, 0x4D, 0x59, 0x66, 0x6C, 0x46, 0x6C, 0x61, 0x67, 0x73, 0x36, 0x42, 0x3D, 0x30, 0x2E,
0x33, 0x35, 0x38, 0x34, 0x39, 0x31, 0x0D, 0x0A, 0x45, 0x4E, 0x45, 0x4D, 0x59, 0x66, 0x6C, 0x46,
0x6C, 0x61, 0x67, 0x73, 0x36, 0x41, 0x3D, 0x31, 0x2E, 0x30, 0x30, 0x30, 0x30, 0x30, 0x30, 0x0D,
0x0A, 0x45, 0x4E, 0x45, 0x4D, 0x59, 0x66, 0x6C, 0x46, 0x6C, 0x61, 0x67, 0x73, 0x37, 0x52, 0x3D,
0x31, 0x2E, 0x30, 0x30, 0x30, 0x30, 0x30, 0x30, 0x0D, 0x0A, 0x45, 0x4E, 0x45, 0x4D, 0x59, 0x66,
0x6C, 0x46, 0x6C, 0x61, 0x67, 0x73, 0x37, 0x47, 0x3D, 0x30, 0x2E, 0x33, 0x35, 0x38, 0x34, 0x39,
0x31, 0x0D, 0x0A, 0x45, 0x4E, 0x45, 0x4D, 0x59, 0x66, 0x6C, 0x46, 0x6C, 0x61, 0x67, 0x73, 0x37,
0x42, 0x3D, 0x30, 0x2E, 0x33, 0x35, 0x38, 0x34, 0x39, 0x31, 0x0D, 0x0A, 0x45, 0x4E, 0x45, 0x4D,
0x59, 0x66, 0x6C, 0x46, 0x6C, 0x61, 0x67, 0x73, 0x37, 0x41, 0x3D, 0x31, 0x2E, 0x30, 0x30, 0x30,
0x30, 0x30, 0x30, 0x0D, 0x0A, 0x45, 0x4E, 0x45, 0x4D, 0x59, 0x66, 0x6C, 0x46, 0x6C, 0x61, 0x67,
0x73, 0x38, 0x52, 0x3D, 0x30, 0x2E, 0x30, 0x30, 0x30, 0x30, 0x30, 0x30, 0x0D, 0x0A, 0x45, 0x4E,
0x45, 0x4D, 0x59, 0x66, 0x6C, 0x46, 0x6C, 0x61, 0x67, 0x73, 0x38, 0x47, 0x3D, 0x30, 0x2E, 0x36,
0x30, 0x33, 0x37, 0x37, 0x34, 0x0D, 0x0A, 0x45, 0x4E, 0x45, 0x4D, 0x59, 0x66, 0x6C, 0x46, 0x6C,
0x61, 0x67, 0x73, 0x38, 0x42, 0x3D, 0x31, 0x2E, 0x30, 0x30, 0x30, 0x30, 0x30, 0x30, 0x0D, 0x0A,
0x45, 0x4E, 0x45, 0x4D, 0x59, 0x66, 0x6C, 0x46, 0x6C, 0x61, 0x67, 0x73, 0x38, 0x41, 0x3D, 0x31,
0x2E, 0x30, 0x30, 0x30, 0x30, 0x30, 0x30, 0x0D, 0x0A, 0x66, 0x6C, 0x53, 0x6B, 0x65, 0x6C, 0x65,
0x74, 0x6F, 0x6E, 0x43, 0x6F, 0x6C, 0x6F, 0x72, 0x45, 0x4E, 0x45, 0x4D, 0x59, 0x52, 0x3D, 0x31,
0x2E, 0x30, 0x30, 0x30, 0x30, 0x30, 0x30, 0x0D, 0x0A, 0x66, 0x6C, 0x53, 0x6B, 0x65, 0x6C, 0x65,
0x74, 0x6F, 0x6E, 0x43, 0x6F, 0x6C, 0x6F, 0x72, 0x45, 0x4E, 0x45, 0x4D, 0x59, 0x47, 0x3D, 0x31,
0x2E, 0x30, 0x30, 0x30, 0x30, 0x30, 0x30, 0x0D, 0x0A, 0x66, 0x6C, 0x53, 0x6B, 0x65, 0x6C, 0x65,
0x74, 0x6F, 0x6E, 0x43, 0x6F, 0x6C, 0x6F, 0x72, 0x45, 0x4E, 0x45, 0x4D, 0x59, 0x42, 0x3D, 0x31,
0x2E, 0x30, 0x30, 0x30, 0x30, 0x30, 0x30, 0x0D, 0x0A, 0x66, 0x6C, 0x53, 0x6B, 0x65, 0x6C, 0x65,
0x74, 0x6F, 0x6E, 0x43, 0x6F, 0x6C, 0x6F, 0x72, 0x45, 0x4E, 0x45, 0x4D, 0x59, 0x41, 0x3D, 0x30,
0x2E, 0x33, 0x38, 0x33, 0x36, 0x34, 0x38, 0x0D, 0x0A, 0x66, 0x6C, 0x42, 0x75, 0x6C, 0x6C, 0x65,
0x74, 0x54, 0x72, 0x61, 0x63, 0x65, 0x72, 0x43, 0x6F, 0x6C, 0x6F, 0x72, 0x45, 0x4E, 0x45, 0x4D,
0x59, 0x52, 0x3D, 0x30, 0x2E, 0x32, 0x36, 0x32, 0x32, 0x35, 0x32, 0x0D, 0x0A, 0x66, 0x6C, 0x42,
0x75, 0x6C, 0x6C, 0x65, 0x74, 0x54, 0x72, 0x61, 0x63, 0x65, 0x72, 0x43, 0x6F, 0x6C, 0x6F, 0x72,
0x45, 0x4E, 0x45, 0x4D, 0x59, 0x47, 0x3D, 0x30, 0x2E, 0x33, 0x32, 0x33, 0x39, 0x31, 0x34, 0x0D,
0x0A, 0x66, 0x6C, 0x42, 0x75, 0x6C, 0x6C, 0x65, 0x74, 0x54, 0x72, 0x61, 0x63, 0x65, 0x72, 0x43,
0x6F, 0x6C, 0x6F, 0x72, 0x45, 0x4E, 0x45, 0x4D, 0x59, 0x42, 0x3D, 0x30, 0x2E, 0x35, 0x33, 0x34,
0x35, 0x39, 0x31, 0x0D, 0x0A, 0x66, 0x6C, 0x42, 0x75, 0x6C, 0x6C, 0x65, 0x74, 0x54, 0x72, 0x61,
0x63, 0x65, 0x72, 0x43, 0x6F, 0x6C, 0x6F, 0x72, 0x45, 0x4E, 0x45, 0x4D, 0x59, 0x41, 0x3D, 0x30,
0x2E, 0x34, 0x35, 0x32, 0x38, 0x33, 0x30, 0x0D, 0x0A, 0x74, 0x65, 0x61, 0x6D, 0x4E, 0x61, 0x6D,
0x65, 0x43, 0x6F, 0x6C, 0x6F, 0x72, 0x52, 0x3D, 0x31, 0x2E, 0x30, 0x30, 0x30, 0x30, 0x30, 0x30,
0x0D, 0x0A, 0x74, 0x65, 0x61, 0x6D, 0x4E, 0x61, 0x6D, 0x65, 0x43, 0x6F, 0x6C, 0x6F, 0x72, 0x47,
0x3D, 0x31, 0x2E, 0x30, 0x30, 0x30, 0x30, 0x30, 0x30, 0x0D, 0x0A, 0x74, 0x65, 0x61, 0x6D, 0x4E,
0x61, 0x6D, 0x65, 0x43, 0x6F, 0x6C, 0x6F, 0x72, 0x42, 0x3D, 0x31, 0x2E, 0x30, 0x30, 0x30, 0x30,
0x30, 0x30, 0x0D, 0x0A, 0x74, 0x65, 0x61, 0x6D, 0x4E, 0x61, 0x6D, 0x65, 0x43, 0x6F, 0x6C, 0x6F,
0x72, 0x41, 0x3D, 0x31, 0x2E, 0x30, 0x30, 0x30, 0x30, 0x30, 0x30, 0x0D, 0x0A, 0x74, 0x65, 0x61,
0x6D, 0x42, 0x6F, 0x78, 0x43, 0x6F, 0x6C, 0x6F, 0x72, 0x52, 0x3D, 0x31, 0x2E, 0x30, 0x30, 0x30,
0x30, 0x30, 0x30, 0x0D, 0x0A, 0x74, 0x65, 0x61, 0x6D, 0x42, 0x6F, 0x78, 0x43, 0x6F, 0x6C, 0x6F,
0x72, 0x47, 0x3D, 0x31, 0x2E, 0x30, 0x30, 0x30, 0x30, 0x30, 0x30, 0x0D, 0x0A, 0x74, 0x65, 0x61,
0x6D, 0x42, 0x6F, 0x78, 0x43, 0x6F, 0x6C, 0x6F, 0x72, 0x42, 0x3D, 0x31, 0x2E, 0x30, 0x30, 0x30,
0x30, 0x30, 0x30, 0x0D, 0x0A, 0x74, 0x65, 0x61, 0x6D, 0x42, 0x6F, 0x78, 0x43, 0x6F, 0x6C, 0x6F,
0x72, 0x41, 0x3D, 0x31, 0x2E, 0x30, 0x30, 0x30, 0x30, 0x30, 0x30, 0x0D, 0x0A, 0x74, 0x65, 0x61,
0x6D, 0x48, 0x65, 0x61, 0x6C, 0x74, 0x68, 0x43, 0x6F, 0x6C, 0x6F, 0x72, 0x52, 0x3D, 0x30, 0x2E,
0x32, 0x31, 0x31, 0x30, 0x30, 0x30, 0x0D, 0x0A, 0x74, 0x65, 0x61, 0x6D, 0x48, 0x65, 0x61, 0x6C,
0x74, 0x68, 0x43, 0x6F, 0x6C, 0x6F, 0x72, 0x47, 0x3D, 0x31, 0x2E, 0x30, 0x30, 0x30, 0x30, 0x30,
0x30, 0x0D, 0x0A, 0x74, 0x65, 0x61, 0x6D, 0x48, 0x65, 0x61, 0x6C, 0x74, 0x68, 0x43, 0x6F, 0x6C,
0x6F, 0x72, 0x42, 0x3D, 0x30, 0x2E, 0x30, 0x30, 0x30, 0x30, 0x30, 0x30, 0x0D, 0x0A, 0x74, 0x65,
0x61, 0x6D, 0x48, 0x65, 0x61, 0x6C, 0x74, 0x68, 0x43, 0x6F, 0x6C, 0x6F, 0x72, 0x41, 0x3D, 0x31,
0x2E, 0x30, 0x30, 0x30, 0x30, 0x30, 0x30, 0x0D, 0x0A, 0x74, 0x65, 0x61, 0x6D, 0x48, 0x65, 0x61,
0x6C, 0x74, 0x68, 0x43, 0x6F, 0x6C, 0x6F, 0x72, 0x45, 0x6E, 0x64, 0x52, 0x3D, 0x30, 0x2E, 0x32,
0x31, 0x31, 0x30, 0x30, 0x30, 0x0D, 0x0A, 0x74, 0x65, 0x61, 0x6D, 0x48, 0x65, 0x61, 0x6C, 0x74,
0x68, 0x43, 0x6F, 0x6C, 0x6F, 0x72, 0x45, 0x6E, 0x64, 0x47, 0x3D, 0x31, 0x2E, 0x30, 0x30, 0x30,
0x30, 0x30, 0x30, 0x0D, 0x0A, 0x74, 0x65, 0x61, 0x6D, 0x48, 0x65, 0x61, 0x6C, 0x74, 0x68, 0x43,
0x6F, 0x6C, 0x6F, 0x72, 0x45, 0x6E, 0x64, 0x42, 0x3D, 0x30, 0x2E, 0x30, 0x30, 0x30, 0x30, 0x30,
0x30, 0x0D, 0x0A, 0x74, 0x65, 0x61, 0x6D, 0x48, 0x65, 0x61, 0x6C, 0x74, 0x68, 0x43, 0x6F, 0x6C,
0x6F, 0x72, 0x45, 0x6E, 0x64, 0x41, 0x3D, 0x31, 0x2E, 0x30, 0x30, 0x30, 0x30, 0x30, 0x30, 0x0D,
0x0A, 0x74, 0x65, 0x61, 0x6D, 0x47, 0x6C, 0x6F, 0x77, 0x43, 0x6F, 0x6C, 0x6F, 0x72, 0x52, 0x3D,
0x30, 0x2E, 0x31, 0x32, 0x35, 0x30, 0x30, 0x30, 0x0D, 0x0A, 0x74, 0x65, 0x61, 0x6D, 0x47, 0x6C,
0x6F, 0x77, 0x43, 0x6F, 0x6C, 0x6F, 0x72, 0x47, 0x3D, 0x30, 0x2E, 0x32, 0x37, 0x32, 0x30, 0x30,
0x30, 0x0D, 0x0A, 0x74, 0x65, 0x61, 0x6D, 0x47, 0x6C, 0x6F, 0x77, 0x43, 0x6F, 0x6C, 0x6F, 0x72,
0x42, 0x3D, 0x30, 0x2E, 0x30, 0x30, 0x30, 0x30, 0x30, 0x30, 0x0D, 0x0A, 0x74, 0x65, 0x61, 0x6D,
0x47, 0x6C, 0x6F, 0x77, 0x43, 0x6F, 0x6C, 0x6F, 0x72, 0x41, 0x3D, 0x31, 0x2E, 0x30, 0x30, 0x30,
0x30, 0x30, 0x30, 0x0D, 0x0A, 0x74, 0x65, 0x61, 0x6D, 0x41, 0x72, 0x6D, 0x6F, 0x72, 0x43, 0x6F,
0x6C, 0x6F, 0x72, 0x52, 0x3D, 0x30, 0x2E, 0x30, 0x30, 0x30, 0x30, 0x30, 0x30, 0x0D, 0x0A, 0x74,
0x65, 0x61, 0x6D, 0x41, 0x72, 0x6D, 0x6F, 0x72, 0x43, 0x6F, 0x6C, 0x6F, 0x72, 0x47, 0x3D, 0x31,
0x2E, 0x30, 0x30, 0x30, 0x30, 0x30, 0x30, 0x0D, 0x0A, 0x74, 0x65, 0x61, 0x6D, 0x41, 0x72, 0x6D,
0x6F, 0x72, 0x43, 0x6F, 0x6C, 0x6F, 0x72, 0x42, 0x3D, 0x30, 0x2E, 0x39, 0x35, 0x34, 0x30, 0x30,
0x30, 0x0D, 0x0A, 0x74, 0x65, 0x61, 0x6D, 0x41, 0x72, 0x6D, 0x6F, 0x72, 0x43, 0x6F, 0x6C, 0x6F,
0x72, 0x41, 0x3D, 0x31, 0x2E, 0x30, 0x30, 0x30, 0x30, 0x30, 0x30, 0x0D, 0x0A, 0x74, 0x65, 0x61,
0x6D, 0x41, 0x6D, 0x6D, 0x6F, 0x43, 0x6F, 0x6C, 0x6F, 0x72, 0x52, 0x3D, 0x30, 0x2E, 0x30, 0x30,
0x30, 0x30, 0x30, 0x30, 0x0D, 0x0A, 0x74, 0x65, 0x61, 0x6D, 0x41, 0x6D, 0x6D, 0x6F, 0x43, 0x6F,
0x6C, 0x6F, 0x72, 0x47, 0x3D, 0x30, 0x2E, 0x35, 0x34, 0x36, 0x30, 0x30, 0x30, 0x0D, 0x0A, 0x74,
0x65, 0x61, 0x6D, 0x41, 0x6D, 0x6D, 0x6F, 0x43, 0x6F, 0x6C, 0x6F, 0x72, 0x42, 0x3D, 0x31, 0x2E,
0x30, 0x30, 0x30, 0x30, 0x30, 0x30, 0x0D, 0x0A, 0x74, 0x65, 0x61, 0x6D, 0x41, 0x6D, 0x6D, 0x6F,
0x43, 0x6F, 0x6C, 0x6F, 0x72, 0x41, 0x3D, 0x31, 0x2E, 0x30, 0x30, 0x30, 0x30, 0x30, 0x30, 0x0D,
0x0A, 0x74, 0x65, 0x61, 0x6D, 0x57, 0x65, 0x61, 0x70, 0x6F, 0x6E, 0x43, 0x6F, 0x6C, 0x6F, 0x72,
0x52, 0x3D, 0x31, 0x2E, 0x30, 0x30, 0x30, 0x30, 0x30, 0x30, 0x0D, 0x0A, 0x74, 0x65, 0x61, 0x6D,
0x57, 0x65, 0x61, 0x70, 0x6F, 0x6E, 0x43, 0x6F, 0x6C, 0x6F, 0x72, 0x47, 0x3D, 0x31, 0x2E, 0x30,
0x30, 0x30, 0x30, 0x30, 0x30, 0x0D, 0x0A, 0x74, 0x65, 0x61, 0x6D, 0x57, 0x65, 0x61, 0x70, 0x6F,
0x6E, 0x43, 0x6F, 0x6C, 0x6F, 0x72, 0x42, 0x3D, 0x31, 0x2E, 0x30, 0x30, 0x30, 0x30, 0x30, 0x30,
0x0D, 0x0A, 0x74, 0x65, 0x61, 0x6D, 0x57, 0x65, 0x61, 0x70, 0x6F, 0x6E, 0x43, 0x6F, 0x6C, 0x6F,
0x72, 0x41, 0x3D, 0x31, 0x2E, 0x30, 0x30, 0x30, 0x30, 0x30, 0x30, 0x0D, 0x0A, 0x54, 0x45, 0x41,
0x4D, 0x66, 0x6C, 0x46, 0x6C, 0x61, 0x67, 0x73, 0x30, 0x52, 0x3D, 0x31, 0x2E, 0x30, 0x30, 0x30,
0x30, 0x30, 0x30, 0x0D, 0x0A, 0x54, 0x45, 0x41, 0x4D, 0x66, 0x6C, 0x46, 0x6C, 0x61, 0x67, 0x73,
0x30, 0x47, 0x3D, 0x31, 0x2E, 0x30, 0x30, 0x30, 0x30, 0x30, 0x30, 0x0D, 0x0A, 0x54, 0x45, 0x41,
0x4D, 0x66, 0x6C, 0x46, 0x6C, 0x61, 0x67, 0x73, 0x30, 0x42, 0x3D, 0x31, 0x2E, 0x30, 0x30, 0x30,
0x30, 0x30, 0x30, 0x0D, 0x0A, 0x54, 0x45, 0x41, 0x4D, 0x66, 0x6C, 0x46, 0x6C, 0x61, 0x67, 0x73,
0x30, 0x41, 0x3D, 0x31, 0x2E, 0x30, 0x30, 0x30, 0x30, 0x30, 0x30, 0x0D, 0x0A, 0x54, 0x45, 0x41,
0x4D, 0x66, 0x6C, 0x46, 0x6C, 0x61, 0x67, 0x73, 0x31, 0x52, 0x3D, 0x31, 0x2E, 0x30, 0x30, 0x30,
0x30, 0x30, 0x30, 0x0D, 0x0A, 0x54, 0x45, 0x41, 0x4D, 0x66, 0x6C, 0x46, 0x6C, 0x61, 0x67, 0x73,
0x31, 0x47, 0x3D, 0x31, 0x2E, 0x30, 0x30, 0x30, 0x30, 0x30, 0x30, 0x0D, 0x0A, 0x54, 0x45, 0x41,
0x4D, 0x66, 0x6C, 0x46, 0x6C, 0x61, 0x67, 0x73, 0x31, 0x42, 0x3D, 0x31, 0x2E, 0x30, 0x30, 0x30,
0x30, 0x30, 0x30, 0x0D, 0x0A, 0x54, 0x45, 0x41, 0x4D, 0x66, 0x6C, 0x46, 0x6C, 0x61, 0x67, 0x73,
0x31, 0x41, 0x3D, 0x31, 0x2E, 0x30, 0x30, 0x30, 0x30, 0x30, 0x30, 0x0D, 0x0A, 0x54, 0x45, 0x41,
0x4D, 0x66, 0x6C, 0x46, 0x6C, 0x61, 0x67, 0x73, 0x32, 0x52, 0x3D, 0x31, 0x2E, 0x30, 0x30, 0x30,
0x30, 0x30, 0x30, 0x0D, 0x0A, 0x54, 0x45, 0x41, 0x4D, 0x66, 0x6C, 0x46, 0x6C, 0x61, 0x67, 0x73,
0x32, 0x47, 0x3D, 0x31, 0x2E, 0x30, 0x30, 0x30, 0x30, 0x30, 0x30, 0x0D, 0x0A, 0x54, 0x45, 0x41,
0x4D, 0x66, 0x6C, 0x46, 0x6C, 0x61, 0x67, 0x73, 0x32, 0x42, 0x3D, 0x31, 0x2E, 0x30, 0x30, 0x30,
0x30, 0x30, 0x30, 0x0D, 0x0A, 0x54, 0x45, 0x41, 0x4D, 0x66, 0x6C, 0x46, 0x6C, 0x61, 0x67, 0x73,
0x32, 0x41, 0x3D, 0x31, 0x2E, 0x30, 0x30, 0x30, 0x30, 0x30, 0x30, 0x0D, 0x0A, 0x54, 0x45, 0x41,
0x4D, 0x66, 0x6C, 0x46, 0x6C, 0x61, 0x67, 0x73, 0x33, 0x52, 0x3D, 0x31, 0x2E, 0x30, 0x30, 0x30,
0x30, 0x30, 0x30, 0x0D, 0x0A, 0x54, 0x45, 0x41, 0x4D, 0x66, 0x6C, 0x46, 0x6C, 0x61, 0x67, 0x73,
0x33, 0x47, 0x3D, 0x31, 0x2E, 0x30, 0x30, 0x30, 0x30, 0x30, 0x30, 0x0D, 0x0A, 0x54, 0x45, 0x41,
0x4D, 0x66, 0x6C, 0x46, 0x6C, 0x61, 0x67, 0x73, 0x33, 0x42, 0x3D, 0x31, 0x2E, 0x30, 0x30, 0x30,
0x30, 0x30, 0x30, 0x0D, 0x0A, 0x54, 0x45, 0x41, 0x4D, 0x66, 0x6C, 0x46, 0x6C, 0x61, 0x67, 0x73,
0x33, 0x41, 0x3D, 0x31, 0x2E, 0x30, 0x30, 0x30, 0x30, 0x30, 0x30, 0x0D, 0x0A, 0x54, 0x45, 0x41,
0x4D, 0x66, 0x6C, 0x46, 0x6C, 0x61, 0x67, 0x73, 0x34, 0x52, 0x3D, 0x31, 0x2E, 0x30, 0x30, 0x30,
0x30, 0x30, 0x30, 0x0D, 0x0A, 0x54, 0x45, 0x41, 0x4D, 0x66, 0x6C, 0x46, 0x6C, 0x61, 0x67, 0x73,
0x34, 0x47, 0x3D, 0x31, 0x2E, 0x30, 0x30, 0x30, 0x30, 0x30, 0x30, 0x0D, 0x0A, 0x54, 0x45, 0x41,
0x4D, 0x66, 0x6C, 0x46, 0x6C, 0x61, 0x67, 0x73, 0x34, 0x42, 0x3D, 0x31, 0x2E, 0x30, 0x30, 0x30,
0x30, 0x30, 0x30, 0x0D, 0x0A, 0x54, 0x45, 0x41, 0x4D, 0x66, 0x6C, 0x46, 0x6C, 0x61, 0x67, 0x73,
0x34, 0x41, 0x3D, 0x31, 0x2E, 0x30, 0x30, 0x30, 0x30, 0x30, 0x30, 0x0D, 0x0A, 0x54, 0x45, 0x41,
0x4D, 0x66, 0x6C, 0x46, 0x6C, 0x61, 0x67, 0x73, 0x35, 0x52, 0x3D, 0x31, 0x2E, 0x30, 0x30, 0x30,
0x30, 0x30, 0x30, 0x0D, 0x0A, 0x54, 0x45, 0x41, 0x4D, 0x66, 0x6C, 0x46, 0x6C, 0x61, 0x67, 0x73,
0x35, 0x47, 0x3D, 0x31, 0x2E, 0x30, 0x30, 0x30, 0x30, 0x30, 0x30, 0x0D, 0x0A, 0x54, 0x45, 0x41,
0x4D, 0x66, 0x6C, 0x46, 0x6C, 0x61, 0x67, 0x73, 0x35, 0x42, 0x3D, 0x31, 0x2E, 0x30, 0x30, 0x30,
0x30, 0x30, 0x30, 0x0D, 0x0A, 0x54, 0x45, 0x41, 0x4D, 0x66, 0x6C, 0x46, 0x6C, 0x61, 0x67, 0x73,
0x35, 0x41, 0x3D, 0x31, 0x2E, 0x30, 0x30, 0x30, 0x30, 0x30, 0x30, 0x0D, 0x0A, 0x54, 0x45, 0x41,
0x4D, 0x66, 0x6C, 0x46, 0x6C, 0x61, 0x67, 0x73, 0x36, 0x52, 0x3D, 0x31, 0x2E, 0x30, 0x30, 0x30,
0x30, 0x30, 0x30, 0x0D, 0x0A, 0x54, 0x45, 0x41, 0x4D, 0x66, 0x6C, 0x46, 0x6C, 0x61, 0x67, 0x73,
0x36, 0x47, 0x3D, 0x31, 0x2E, 0x30, 0x30, 0x30, 0x30, 0x30, 0x30, 0x0D, 0x0A, 0x54, 0x45, 0x41,
0x4D, 0x66, 0x6C, 0x46, 0x6C, 0x61, 0x67, 0x73, 0x36, 0x42, 0x3D, 0x31, 0x2E, 0x30, 0x30, 0x30,
0x30, 0x30, 0x30, 0x0D, 0x0A, 0x54, 0x45, 0x41, 0x4D, 0x66, 0x6C, 0x46, 0x6C, 0x61, 0x67, 0x73,
0x36, 0x41, 0x3D, 0x31, 0x2E, 0x30, 0x30, 0x30, 0x30, 0x30, 0x30, 0x0D, 0x0A, 0x54, 0x45, 0x41,
0x4D, 0x66, 0x6C, 0x46, 0x6C, 0x61, 0x67, 0x73, 0x37, 0x52, 0x3D, 0x31, 0x2E, 0x30, 0x30, 0x30,
0x30, 0x30, 0x30, 0x0D, 0x0A, 0x54, 0x45, 0x41, 0x4D, 0x66, 0x6C, 0x46, 0x6C, 0x61, 0x67, 0x73,
0x37, 0x47, 0x3D, 0x31, 0x2E, 0x30, 0x30, 0x30, 0x30, 0x30, 0x30, 0x0D, 0x0A, 0x54, 0x45, 0x41,
0x4D, 0x66, 0x6C, 0x46, 0x6C, 0x61, 0x67, 0x73, 0x37, 0x42, 0x3D, 0x31, 0x2E, 0x30, 0x30, 0x30,
0x30, 0x30, 0x30, 0x0D, 0x0A, 0x54, 0x45, 0x41, 0x4D, 0x66, 0x6C, 0x46, 0x6C, 0x61, 0x67, 0x73,
0x37, 0x41, 0x3D, 0x31, 0x2E, 0x30, 0x30, 0x30, 0x30, 0x30, 0x30, 0x0D, 0x0A, 0x54, 0x45, 0x41,
0x4D, 0x66, 0x6C, 0x46, 0x6C, 0x61, 0x67, 0x73, 0x38, 0x52, 0x3D, 0x31, 0x2E, 0x30, 0x30, 0x30,
0x30, 0x30, 0x30, 0x0D, 0x0A, 0x54, 0x45, 0x41, 0x4D, 0x66, 0x6C, 0x46, 0x6C, 0x61, 0x67, 0x73,
0x38, 0x47, 0x3D, 0x31, 0x2E, 0x30, 0x30, 0x30, 0x30, 0x30, 0x30, 0x0D, 0x0A, 0x54, 0x45, 0x41,
0x4D, 0x66, 0x6C, 0x46, 0x6C, 0x61, 0x67, 0x73, 0x38, 0x42, 0x3D, 0x31, 0x2E, 0x30, 0x30, 0x30,
0x30, 0x30, 0x30, 0x0D, 0x0A, 0x54, 0x45, 0x41, 0x4D, 0x66, 0x6C, 0x46, 0x6C, 0x61, 0x67, 0x73,
0x38, 0x41, 0x3D, 0x31, 0x2E, 0x30, 0x30, 0x30, 0x30, 0x30, 0x30, 0x0D, 0x0A, 0x66, 0x6C, 0x53,
0x6B, 0x65, 0x6C, 0x65, 0x74, 0x6F, 0x6E, 0x43, 0x6F, 0x6C, 0x6F, 0x72, 0x54, 0x45, 0x41, 0x4D,
0x52, 0x3D, 0x31, 0x2E, 0x30, 0x30, 0x30, 0x30, 0x30, 0x30, 0x0D, 0x0A, 0x66, 0x6C, 0x53, 0x6B,
0x65, 0x6C, 0x65, 0x74, 0x6F, 0x6E, 0x43, 0x6F, 0x6C, 0x6F, 0x72, 0x54, 0x45, 0x41, 0x4D, 0x47,
0x3D, 0x31, 0x2E, 0x30, 0x30, 0x30, 0x30, 0x30, 0x30, 0x0D, 0x0A, 0x62, 0x46, 0x6F, 0x67, 0x3D,
0x74, 0x72, 0x75, 0x65, 0x0D, 0x0A, 0x66, 0x6C, 0x53, 0x6B, 0x65, 0x6C, 0x65, 0x74, 0x6F, 0x6E,
0x43, 0x6F, 0x6C, 0x6F, 0x72, 0x54, 0x45, 0x41, 0x4D, 0x42, 0x3D, 0x31, 0x2E, 0x30, 0x30, 0x30,
0x30, 0x30, 0x30, 0x0D, 0x0A, 0x65, 0x6E, 0x65, 0x6D, 0x79, 0x45, 0x73, 0x70, 0x3D, 0x74, 0x72,
0x75, 0x65, 0x0D, 0x0A, 0x66, 0x6C, 0x53, 0x6B, 0x65, 0x6C, 0x65, 0x74, 0x6F, 0x6E, 0x43, 0x6F,
0x6C, 0x6F, 0x72, 0x54, 0x45, 0x41, 0x4D, 0x41, 0x3D, 0x31, 0x2E, 0x30, 0x30, 0x30, 0x30, 0x30,
0x30, 0x0D, 0x0A, 0x65, 0x6E, 0x65, 0x6D, 0x79, 0x4E, 0x61, 0x6D, 0x65, 0x3D, 0x74, 0x72, 0x75,
0x65, 0x0D, 0x0A, 0x66, 0x6C, 0x42, 0x75, 0x6C, 0x6C, 0x65, 0x74, 0x54, 0x72, 0x61, 0x63, 0x65,
0x72, 0x43, 0x6F, 0x6C, 0x6F, 0x72, 0x54, 0x45, 0x41, 0x4D, 0x52, 0x3D, 0x31, 0x2E, 0x30, 0x30,
0x30, 0x30, 0x30, 0x30, 0x0D, 0x0A, 0x65, 0x6E, 0x65, 0x6D, 0x79, 0x42, 0x6F, 0x78, 0x3D, 0x74,
0x72, 0x75, 0x65, 0x0D, 0x0A, 0x66, 0x6C, 0x42, 0x75, 0x6C, 0x6C, 0x65, 0x74, 0x54, 0x72, 0x61,
0x63, 0x65, 0x72, 0x43, 0x6F, 0x6C, 0x6F, 0x72, 0x54, 0x45, 0x41, 0x4D, 0x47, 0x3D, 0x31, 0x2E,
0x30, 0x30, 0x30, 0x30, 0x30, 0x30, 0x0D, 0x0A, 0x65, 0x6E, 0x65, 0x6D, 0x79, 0x48, 0x65, 0x61,
0x6C, 0x74, 0x68, 0x3D, 0x74, 0x72, 0x75, 0x65, 0x0D, 0x0A, 0x66, 0x6C, 0x42, 0x75, 0x6C, 0x6C,
0x65, 0x74, 0x54, 0x72, 0x61, 0x63, 0x65, 0x72, 0x43, 0x6F, 0x6C, 0x6F, 0x72, 0x54, 0x45, 0x41,
0x4D, 0x42, 0x3D, 0x31, 0x2E, 0x30, 0x30, 0x30, 0x30, 0x30, 0x30, 0x0D, 0x0A, 0x65, 0x6E, 0x65,
0x6D, 0x79, 0x47, 0x6C, 0x6F, 0x77, 0x3D, 0x74, 0x72, 0x75, 0x65, 0x0D, 0x0A, 0x66, 0x6C, 0x42,
0x75, 0x6C, 0x6C, 0x65, 0x74, 0x54, 0x72, 0x61, 0x63, 0x65, 0x72, 0x43, 0x6F, 0x6C, 0x6F, 0x72,
0x54, 0x45, 0x41, 0x4D, 0x41, 0x3D, 0x31, 0x2E, 0x30, 0x30, 0x30, 0x30, 0x30, 0x30, 0x0D, 0x0A,
0x65, 0x6E, 0x65, 0x6D, 0x79, 0x41, 0x72, 0x6D, 0x6F, 0x72, 0x3D, 0x66, 0x61, 0x6C, 0x73, 0x65,
0x0D, 0x0A, 0x6C, 0x6F, 0x63, 0x61, 0x6C, 0x4E, 0x61, 0x6D, 0x65, 0x43, 0x6F, 0x6C, 0x6F, 0x72,
0x52, 0x3D, 0x31, 0x2E, 0x30, 0x30, 0x30, 0x30, 0x30, 0x30, 0x0D, 0x0A, 0x65, 0x6E, 0x65, 0x6D,
0x79, 0x41, 0x6D, 0x6D, 0x6F, 0x3D, 0x74, 0x72, 0x75, 0x65, 0x0D, 0x0A, 0x6C, 0x6F, 0x63, 0x61,
0x6C, 0x4E, 0x61, 0x6D, 0x65, 0x43, 0x6F, 0x6C, 0x6F, 0x72, 0x47, 0x3D, 0x31, 0x2E, 0x30, 0x30,
0x30, 0x30, 0x30, 0x30, 0x0D, 0x0A, 0x65, 0x6E, 0x65, 0x6D, 0x79, 0x57, 0x65, 0x61, 0x70, 0x6F,
0x6E, 0x3D, 0x74, 0x72, 0x75, 0x65, 0x0D, 0x0A, 0x6C, 0x6F, 0x63, 0x61, 0x6C, 0x4E, 0x61, 0x6D,
0x65, 0x43, 0x6F, 0x6C, 0x6F, 0x72, 0x42, 0x3D, 0x31, 0x2E, 0x30, 0x30, 0x30, 0x30, 0x30, 0x30,
0x0D, 0x0A, 0x45, 0x4E, 0x45, 0x4D, 0x59, 0x62, 0x46, 0x6C, 0x61, 0x67, 0x73, 0x30, 0x3D, 0x66,
0x61, 0x6C, 0x73, 0x65, 0x0D, 0x0A, 0x6C, 0x6F, 0x63, 0x61, 0x6C, 0x4E, 0x61, 0x6D, 0x65, 0x43,
0x6F, 0x6C, 0x6F, 0x72, 0x41, 0x3D, 0x31, 0x2E, 0x30, 0x30, 0x30, 0x30, 0x30, 0x30, 0x0D, 0x0A,
0x45, 0x4E, 0x45, 0x4D, 0x59, 0x62, 0x46, 0x6C, 0x61, 0x67, 0x73, 0x31, 0x3D, 0x66, 0x61, 0x6C,
0x73, 0x65, 0x0D, 0x0A, 0x6C, 0x6F, 0x63, 0x61, 0x6C, 0x42, 0x6F, 0x78, 0x43, 0x6F, 0x6C, 0x6F,
0x72, 0x52, 0x3D, 0x31, 0x2E, 0x30, 0x30, 0x30, 0x30, 0x30, 0x30, 0x0D, 0x0A, 0x45, 0x4E, 0x45,
0x4D, 0x59, 0x62, 0x46, 0x6C, 0x61, 0x67, 0x73, 0x32, 0x3D, 0x66, 0x61, 0x6C, 0x73, 0x65, 0x0D,
0x0A, 0x6C, 0x6F, 0x63, 0x61, 0x6C, 0x42, 0x6F, 0x78, 0x43, 0x6F, 0x6C, 0x6F, 0x72, 0x47, 0x3D,
0x31, 0x2E, 0x30, 0x30, 0x30, 0x30, 0x30, 0x30, 0x0D, 0x0A, 0x45, 0x4E, 0x45, 0x4D, 0x59, 0x62,
0x46, 0x6C, 0x61, 0x67, 0x73, 0x33, 0x3D, 0x66, 0x61, 0x6C, 0x73, 0x65, 0x0D, 0x0A, 0x6C, 0x6F,
0x63, 0x61, 0x6C, 0x42, 0x6F, 0x78, 0x43, 0x6F, 0x6C, 0x6F, 0x72, 0x42, 0x3D, 0x31, 0x2E, 0x30,
0x30, 0x30, 0x30, 0x30, 0x30, 0x0D, 0x0A, 0x45, 0x4E, 0x45, 0x4D, 0x59, 0x62, 0x46, 0x6C, 0x61,
0x67, 0x73, 0x34, 0x3D, 0x66, 0x61, 0x6C, 0x73, 0x65, 0x0D, 0x0A, 0x6C, 0x6F, 0x63, 0x61, 0x6C,
0x42, 0x6F, 0x78, 0x43, 0x6F, 0x6C, 0x6F, 0x72, 0x41, 0x3D, 0x31, 0x2E, 0x30, 0x30, 0x30, 0x30,
0x30, 0x30, 0x0D, 0x0A, 0x45, 0x4E, 0x45, 0x4D, 0x59, 0x62, 0x46, 0x6C, 0x61, 0x67, 0x73, 0x35,
0x3D, 0x66, 0x61, 0x6C, 0x73, 0x65, 0x0D, 0x0A, 0x6C, 0x6F, 0x63, 0x61, 0x6C, 0x48, 0x65, 0x61,
0x6C, 0x74, 0x68, 0x43, 0x6F, 0x6C, 0x6F, 0x72, 0x52, 0x3D, 0x31, 0x2E, 0x30, 0x30, 0x30, 0x30,
0x30, 0x30, 0x0D, 0x0A, 0x45, 0x4E, 0x45, 0x4D, 0x59, 0x62, 0x46, 0x6C, 0x61, 0x67, 0x73, 0x36,
0x3D, 0x66, 0x61, 0x6C, 0x73, 0x65, 0x0D, 0x0A, 0x6C, 0x6F, 0x63, 0x61, 0x6C, 0x48, 0x65, 0x61,
0x6C, 0x74, 0x68, 0x43, 0x6F, 0x6C, 0x6F, 0x72, 0x47, 0x3D, 0x31, 0x2E, 0x30, 0x30, 0x30, 0x30,
0x30, 0x30, 0x0D, 0x0A, 0x6C, 0x6F, 0x63, 0x61, 0x6C, 0x48, 0x65, 0x61, 0x6C, 0x74, 0x68, 0x43,
0x6F, 0x6C, 0x6F, 0x72, 0x42, 0x3D, 0x31, 0x2E, 0x30, 0x30, 0x30, 0x30, 0x30, 0x30, 0x0D, 0x0A,
0x45, 0x4E, 0x45, 0x4D, 0x59, 0x62, 0x46, 0x6C, 0x61, 0x67, 0x73, 0x37, 0x3D, 0x66, 0x61, 0x6C,
0x73, 0x65, 0x0D, 0x0A, 0x6C, 0x6F, 0x63, 0x61, 0x6C, 0x48, 0x65, 0x61, 0x6C, 0x74, 0x68, 0x43,
0x6F, 0x6C, 0x6F, 0x72, 0x41, 0x3D, 0x31, 0x2E, 0x30, 0x30, 0x30, 0x30, 0x30, 0x30, 0x0D, 0x0A,
0x45, 0x4E, 0x45, 0x4D, 0x59, 0x62, 0x46, 0x6C, 0x61, 0x67, 0x73, 0x38, 0x3D, 0x66, 0x61, 0x6C,
0x73, 0x65, 0x0D, 0x0A, 0x6C, 0x6F, 0x63, 0x61, 0x6C, 0x48, 0x65, 0x61, 0x6C, 0x74, 0x68, 0x43,
0x6F, 0x6C, 0x6F, 0x72, 0x45, 0x6E, 0x64, 0x52, 0x3D, 0x31, 0x2E, 0x30, 0x30, 0x30, 0x30, 0x30,
0x30, 0x0D, 0x0A, 0x62, 0x53, 0x6B, 0x65, 0x6C, 0x65, 0x74, 0x6F, 0x6E, 0x45, 0x4E, 0x45, 0x4D,
0x59, 0x3D, 0x74, 0x72, 0x75, 0x65, 0x0D, 0x0A, 0x6C, 0x6F, 0x63, 0x61, 0x6C, 0x48, 0x65, 0x61,
0x6C, 0x74, 0x68, 0x43, 0x6F, 0x6C, 0x6F, 0x72, 0x45, 0x6E, 0x64, 0x47, 0x3D, 0x31, 0x2E, 0x30,
0x30, 0x30, 0x30, 0x30, 0x30, 0x0D, 0x0A, 0x62, 0x42, 0x75, 0x6C, 0x6C, 0x65, 0x74, 0x54, 0x72,
0x61, 0x63, 0x65, 0x72, 0x45, 0x4E, 0x45, 0x4D, 0x59, 0x3D, 0x74, 0x72, 0x75, 0x65, 0x0D, 0x0A,
0x6C, 0x6F, 0x63, 0x61, 0x6C, 0x48, 0x65, 0x61, 0x6C, 0x74, 0x68, 0x43, 0x6F, 0x6C, 0x6F, 0x72,
0x45, 0x6E, 0x64, 0x42, 0x3D, 0x31, 0x2E, 0x30, 0x30, 0x30, 0x30, 0x30, 0x30, 0x0D, 0x0A, 0x74,
0x65, 0x61, 0x6D, 0x45, 0x73, 0x70, 0x3D, 0x66, 0x61, 0x6C, 0x73, 0x65, 0x0D, 0x0A, 0x6C, 0x6F,
0x63, 0x61, 0x6C, 0x48, 0x65, 0x61, 0x6C, 0x74, 0x68, 0x43, 0x6F, 0x6C, 0x6F, 0x72, 0x45, 0x6E,
0x64, 0x41, 0x3D, 0x31, 0x2E, 0x30, 0x30, 0x30, 0x30, 0x30, 0x30, 0x0D, 0x0A, 0x74, 0x65, 0x61,
0x6D, 0x4E, 0x61, 0x6D, 0x65, 0x3D, 0x66, 0x61, 0x6C, 0x73, 0x65, 0x0D, 0x0A, 0x6C, 0x6F, 0x63,
0x61, 0x6C, 0x47, 0x6C, 0x6F, 0x77, 0x43, 0x6F, 0x6C, 0x6F, 0x72, 0x52, 0x3D, 0x30, 0x2E, 0x31,
0x33, 0x37, 0x30, 0x30, 0x30, 0x0D, 0x0A, 0x74, 0x65, 0x61, 0x6D, 0x42, 0x6F, 0x78, 0x3D, 0x66,
0x61, 0x6C, 0x73, 0x65, 0x0D, 0x0A, 0x6C, 0x6F, 0x63, 0x61, 0x6C, 0x47, 0x6C, 0x6F, 0x77, 0x43,
0x6F, 0x6C, 0x6F, 0x72, 0x47, 0x3D, 0x30, 0x2E, 0x30, 0x39, 0x31, 0x30, 0x30, 0x30, 0x0D, 0x0A,
0x74, 0x65, 0x61, 0x6D, 0x48, 0x65, 0x61, 0x6C, 0x74, 0x68, 0x3D, 0x66, 0x61, 0x6C, 0x73, 0x65,
0x0D, 0x0A, 0x6C, 0x6F, 0x63, 0x61, 0x6C, 0x47, 0x6C, 0x6F, 0x77, 0x43, 0x6F, 0x6C, 0x6F, 0x72,
0x42, 0x3D, 0x30, 0x2E, 0x32, 0x33, 0x30, 0x30, 0x30, 0x30, 0x0D, 0x0A, 0x74, 0x65, 0x61, 0x6D,
0x47, 0x6C, 0x6F, 0x77, 0x3D, 0x66, 0x61, 0x6C, 0x73, 0x65, 0x0D, 0x0A, 0x6C, 0x6F, 0x63, 0x61,
0x6C, 0x47, 0x6C, 0x6F, 0x77, 0x43, 0x6F, 0x6C, 0x6F, 0x72, 0x41, 0x3D, 0x31, 0x2E, 0x30, 0x30,
0x30, 0x30, 0x30, 0x30, 0x0D, 0x0A, 0x74, 0x65, 0x61, 0x6D, 0x41, 0x72, 0x6D, 0x6F, 0x72, 0x3D,
0x66, 0x61, 0x6C, 0x73, 0x65, 0x0D, 0x0A, 0x6C, 0x6F, 0x63, 0x61, 0x6C, 0x41, 0x72, 0x6D, 0x6F,
0x72, 0x43, 0x6F, 0x6C, 0x6F, 0x72, 0x52, 0x3D, 0x31, 0x2E, 0x30, 0x30, 0x30, 0x30, 0x30, 0x30,
0x0D, 0x0A, 0x74, 0x65, 0x61, 0x6D, 0x41, 0x6D, 0x6D, 0x6F, 0x3D, 0x66, 0x61, 0x6C, 0x73, 0x65,
0x0D, 0x0A, 0x6C, 0x6F, 0x63, 0x61, 0x6C, 0x41, 0x72, 0x6D, 0x6F, 0x72, 0x43, 0x6F, 0x6C, 0x6F,
0x72, 0x47, 0x3D, 0x30, 0x2E, 0x38, 0x33, 0x32, 0x30, 0x30, 0x30, 0x0D, 0x0A, 0x74, 0x65, 0x61,
0x6D, 0x57, 0x65, 0x61, 0x70, 0x6F, 0x6E, 0x3D, 0x66, 0x61, 0x6C, 0x73, 0x65, 0x0D, 0x0A, 0x6C,
0x6F, 0x63, 0x61, 0x6C, 0x41, 0x72, 0x6D, 0x6F, 0x72, 0x43, 0x6F, 0x6C, 0x6F, 0x72, 0x42, 0x3D,
0x30, 0x2E, 0x30, 0x30, 0x30, 0x30, 0x30, 0x30, 0x0D, 0x0A, 0x54, 0x45, 0x41, 0x4D, 0x62, 0x46,
0x6C, 0x61, 0x67, 0x73, 0x30, 0x3D, 0x66, 0x61, 0x6C, 0x73, 0x65, 0x0D, 0x0A, 0x6C, 0x6F, 0x63,
0x61, 0x6C, 0x41, 0x72, 0x6D, 0x6F, 0x72, 0x43, 0x6F, 0x6C, 0x6F, 0x72, 0x41, 0x3D, 0x31, 0x2E,
0x30, 0x30, 0x30, 0x30, 0x30, 0x30, 0x0D, 0x0A, 0x54, 0x45, 0x41, 0x4D, 0x62, 0x46, 0x6C, 0x61,
0x67, 0x73, 0x31, 0x3D, 0x66, 0x61, 0x6C, 0x73, 0x65, 0x0D, 0x0A, 0x6C, 0x6F, 0x63, 0x61, 0x6C,
0x41, 0x6D, 0x6D, 0x6F, 0x43, 0x6F, 0x6C, 0x6F, 0x72, 0x52, 0x3D, 0x31, 0x2E, 0x30, 0x30, 0x30,
0x30, 0x30, 0x30, 0x0D, 0x0A, 0x54, 0x45, 0x41, 0x4D, 0x62, 0x46, 0x6C, 0x61, 0x67, 0x73, 0x32,
0x3D, 0x66, 0x61, 0x6C, 0x73, 0x65, 0x0D, 0x0A, 0x6C, 0x6F, 0x63, 0x61, 0x6C, 0x41, 0x6D, 0x6D,
0x6F, 0x43, 0x6F, 0x6C, 0x6F, 0x72, 0x47, 0x3D, 0x30, 0x2E, 0x30, 0x30, 0x30, 0x30, 0x30, 0x30,
0x0D, 0x0A, 0x54, 0x45, 0x41, 0x4D, 0x62, 0x46, 0x6C, 0x61, 0x67, 0x73, 0x33, 0x3D, 0x66, 0x61,
0x6C, 0x73, 0x65, 0x0D, 0x0A, 0x6C, 0x6F, 0x63, 0x61, 0x6C, 0x41, 0x6D, 0x6D, 0x6F, 0x43, 0x6F,
0x6C, 0x6F, 0x72, 0x42, 0x3D, 0x30, 0x2E, 0x30, 0x30, 0x30, 0x30, 0x30, 0x30, 0x0D, 0x0A, 0x54,
0x45, 0x41, 0x4D, 0x62, 0x46, 0x6C, 0x61, 0x67, 0x73, 0x34, 0x3D, 0x66, 0x61, 0x6C, 0x73, 0x65,
0x0D, 0x0A, 0x6C, 0x6F, 0x63, 0x61, 0x6C, 0x41, 0x6D, 0x6D, 0x6F, 0x43, 0x6F, 0x6C, 0x6F, 0x72,
0x41, 0x3D, 0x31, 0x2E, 0x30, 0x30, 0x30, 0x30, 0x30, 0x30, 0x0D, 0x0A, 0x54, 0x45, 0x41, 0x4D,
0x62, 0x46, 0x6C, 0x61, 0x67, 0x73, 0x35, 0x3D, 0x66, 0x61, 0x6C, 0x73, 0x65, 0x0D, 0x0A, 0x6C,
0x6F, 0x63, 0x61, 0x6C, 0x57, 0x65, 0x61, 0x70, 0x6F, 0x6E, 0x43, 0x6F, 0x6C, 0x6F, 0x72, 0x52,
0x3D, 0x31, 0x2E, 0x30, 0x30, 0x30, 0x30, 0x30, 0x30, 0x0D, 0x0A, 0x54, 0x45, 0x41, 0x4D, 0x62,
0x46, 0x6C, 0x61, 0x67, 0x73, 0x36, 0x3D, 0x66, 0x61, 0x6C, 0x73, 0x65, 0x0D, 0x0A, 0x6C, 0x6F,
0x63, 0x61, 0x6C, 0x57, 0x65, 0x61, 0x70, 0x6F, 0x6E, 0x43, 0x6F, 0x6C, 0x6F, 0x72, 0x47, 0x3D,
0x31, 0x2E, 0x30, 0x30, 0x30, 0x30, 0x30, 0x30, 0x0D, 0x0A, 0x54, 0x45, 0x41, 0x4D, 0x62, 0x46,
0x6C, 0x61, 0x67, 0x73, 0x37, 0x3D, 0x66, 0x61, 0x6C, 0x73, 0x65, 0x0D, 0x0A, 0x6C, 0x6F, 0x63,
0x61, 0x6C, 0x57, 0x65, 0x61, 0x70, 0x6F, 0x6E, 0x43, 0x6F, 0x6C, 0x6F, 0x72, 0x42, 0x3D, 0x31,
0x2E, 0x30, 0x30, 0x30, 0x30, 0x30, 0x30, 0x0D, 0x0A, 0x54, 0x45, 0x41, 0x4D, 0x62, 0x46, 0x6C,
0x61, 0x67, 0x73, 0x38, 0x3D, 0x66, 0x61, 0x6C, 0x73, 0x65, 0x0D, 0x0A, 0x6C, 0x6F, 0x63, 0x61,
0x6C, 0x57, 0x65, 0x61, 0x70, 0x6F, 0x6E, 0x43, 0x6F, 0x6C, 0x6F, 0x72, 0x41, 0x3D, 0x31, 0x2E,
0x30, 0x30, 0x30, 0x30, 0x30, 0x30, 0x0D, 0x0A, 0x62, 0x53, 0x6B, 0x65, 0x6C, 0x65, 0x74, 0x6F,
0x6E, 0x54, 0x45, 0x41, 0x4D, 0x3D, 0x66, 0x61, 0x6C, 0x73, 0x65, 0x0D, 0x0A, 0x4C, 0x4F, 0x43,
0x41, 0x4C, 0x66, 0x6C, 0x46, 0x6C, 0x61, 0x67, 0x73, 0x30, 0x52, 0x3D, 0x31, 0x2E, 0x30, 0x30,
0x30, 0x30, 0x30, 0x30, 0x0D, 0x0A, 0x62, 0x42, 0x75, 0x6C, 0x6C, 0x65, 0x74, 0x54, 0x72, 0x61,
0x63, 0x65, 0x72, 0x54, 0x45, 0x41, 0x4D, 0x3D, 0x66, 0x61, 0x6C, 0x73, 0x65, 0x0D, 0x0A, 0x4C,
0x4F, 0x43, 0x41, 0x4C, 0x66, 0x6C, 0x46, 0x6C, 0x61, 0x67, 0x73, 0x30, 0x47, 0x3D, 0x31, 0x2E,
0x30, 0x30, 0x30, 0x30, 0x30, 0x30, 0x0D, 0x0A, 0x6C, 0x6F, 0x63, 0x61, 0x6C, 0x45, 0x73, 0x70,
0x3D, 0x74, 0x72, 0x75, 0x65, 0x0D, 0x0A, 0x4C, 0x4F, 0x43, 0x41, 0x4C, 0x66, 0x6C, 0x46, 0x6C,
0x61, 0x67, 0x73, 0x30, 0x42, 0x3D, 0x31, 0x2E, 0x30, 0x30, 0x30, 0x30, 0x30, 0x30, 0x0D, 0x0A,
0x4C, 0x4F, 0x43, 0x41, 0x4C, 0x66, 0x6C, 0x46, 0x6C, 0x61, 0x67, 0x73, 0x30, 0x41, 0x3D, 0x31,
0x2E, 0x30, 0x30, 0x30, 0x30, 0x30, 0x30, 0x0D, 0x0A, 0x6C, 0x6F, 0x63, 0x61, 0x6C, 0x4E, 0x61,
0x6D, 0x65, 0x3D, 0x66, 0x61, 0x6C, 0x73, 0x65, 0x0D, 0x0A, 0x4C, 0x4F, 0x43, 0x41, 0x4C, 0x66,
0x6C, 0x46, 0x6C, 0x61, 0x67, 0x73, 0x31, 0x52, 0x3D, 0x31, 0x2E, 0x30, 0x30, 0x30, 0x30, 0x30,
0x30, 0x0D, 0x0A, 0x6C, 0x6F, 0x63, 0x61, 0x6C, 0x42, 0x6F, 0x78, 0x3D, 0x66, 0x61, 0x6C, 0x73,
0x65, 0x0D, 0x0A, 0x4C, 0x4F, 0x43, 0x41, 0x4C, 0x66, 0x6C, 0x46, 0x6C, 0x61, 0x67, 0x73, 0x31,
0x47, 0x3D, 0x31, 0x2E, 0x30, 0x30, 0x30, 0x30, 0x30, 0x30, 0x0D, 0x0A, 0x6C, 0x6F, 0x63, 0x61,
0x6C, 0x48, 0x65, 0x61, 0x6C, 0x74, 0x68, 0x3D, 0x66, 0x61, 0x6C, 0x73, 0x65, 0x0D, 0x0A, 0x4C,
0x4F, 0x43, 0x41, 0x4C, 0x66, 0x6C, 0x46, 0x6C, 0x61, 0x67, 0x73, 0x31, 0x42, 0x3D, 0x31, 0x2E,
0x30, 0x30, 0x30, 0x30, 0x30, 0x30, 0x0D, 0x0A, 0x6C, 0x6F, 0x63, 0x61, 0x6C, 0x47, 0x6C, 0x6F,
0x77, 0x3D, 0x66, 0x61, 0x6C, 0x73, 0x65, 0x0D, 0x0A, 0x4C, 0x4F, 0x43, 0x41, 0x4C, 0x66, 0x6C,
0x46, 0x6C, 0x61, 0x67, 0x73, 0x31, 0x41, 0x3D, 0x31, 0x2E, 0x30, 0x30, 0x30, 0x30, 0x30, 0x30,
0x0D, 0x0A, 0x6C, 0x6F, 0x63, 0x61, 0x6C, 0x41, 0x72, 0x6D, 0x6F, 0x72, 0x3D, 0x66, 0x61, 0x6C,
0x73, 0x65, 0x0D, 0x0A, 0x4C, 0x4F, 0x43, 0x41, 0x4C, 0x66, 0x6C, 0x46, 0x6C, 0x61, 0x67, 0x73,
0x32, 0x52, 0x3D, 0x31, 0x2E, 0x30, 0x30, 0x30, 0x30, 0x30, 0x30, 0x0D, 0x0A, 0x6C, 0x6F, 0x63,
0x61, 0x6C, 0x41, 0x6D, 0x6D, 0x6F, 0x3D, 0x66, 0x61, 0x6C, 0x73, 0x65, 0x0D, 0x0A, 0x4C, 0x4F,
0x43, 0x41, 0x4C, 0x66, 0x6C, 0x46, 0x6C, 0x61, 0x67, 0x73, 0x32, 0x47, 0x3D, 0x31, 0x2E, 0x30,
0x30, 0x30, 0x30, 0x30, 0x30, 0x0D, 0x0A, 0x6C, 0x6F, 0x63, 0x61, 0x6C, 0x57, 0x65, 0x61, 0x70,
0x6F, 0x6E, 0x3D, 0x66, 0x61, 0x6C, 0x73, 0x65, 0x0D, 0x0A, 0x4C, 0x4F, 0x43, 0x41, 0x4C, 0x66,
0x6C, 0x46, 0x6C, 0x61, 0x67, 0x73, 0x32, 0x42, 0x3D, 0x31, 0x2E, 0x30, 0x30, 0x30, 0x30, 0x30,
0x30, 0x0D, 0x0A, 0x4C, 0x4F, 0x43, 0x41, 0x4C, 0x62, 0x46, 0x6C, 0x61, 0x67, 0x73, 0x30, 0x3D,
0x66, 0x61, 0x6C, 0x73, 0x65, 0x0D, 0x0A, 0x4C, 0x4F, 0x43, 0x41, 0x4C, 0x66, 0x6C, 0x46, 0x6C,
0x61, 0x67, 0x73, 0x32, 0x41, 0x3D, 0x31, 0x2E, 0x30, 0x30, 0x30, 0x30, 0x30, 0x30, 0x0D, 0x0A,
0x4C, 0x4F, 0x43, 0x41, 0x4C, 0x62, 0x46, 0x6C, 0x61, 0x67, 0x73, 0x31, 0x3D, 0x66, 0x61, 0x6C,
0x73, 0x65, 0x0D, 0x0A, 0x4C, 0x4F, 0x43, 0x41, 0x4C, 0x66, 0x6C, 0x46, 0x6C, 0x61, 0x67, 0x73,
0x33, 0x52, 0x3D, 0x31, 0x2E, 0x30, 0x30, 0x30, 0x30, 0x30, 0x30, 0x0D, 0x0A, 0x4C, 0x4F, 0x43,
0x41, 0x4C, 0x62, 0x46, 0x6C, 0x61, 0x67, 0x73, 0x32, 0x3D, 0x66, 0x61, 0x6C, 0x73, 0x65, 0x0D,
0x0A, 0x4C, 0x4F, 0x43, 0x41, 0x4C, 0x66, 0x6C, 0x46, 0x6C, 0x61, 0x67, 0x73, 0x33, 0x47, 0x3D,
0x31, 0x2E, 0x30, 0x30, 0x30, 0x30, 0x30, 0x30, 0x0D, 0x0A, 0x4C, 0x4F, 0x43, 0x41, 0x4C, 0x62,
0x46, 0x6C, 0x61, 0x67, 0x73, 0x33, 0x3D, 0x66, 0x61, 0x6C, 0x73, 0x65, 0x0D, 0x0A, 0x4C, 0x4F,
0x43, 0x41, 0x4C, 0x66, 0x6C, 0x46, 0x6C, 0x61, 0x67, 0x73, 0x33, 0x42, 0x3D, 0x31, 0x2E, 0x30,
0x30, 0x30, 0x30, 0x30, 0x30, 0x0D, 0x0A, 0x4C, 0x4F, 0x43, 0x41, 0x4C, 0x62, 0x46, 0x6C, 0x61,
0x67, 0x73, 0x34, 0x3D, 0x66, 0x61, 0x6C, 0x73, 0x65, 0x0D, 0x0A, 0x4C, 0x4F, 0x43, 0x41, 0x4C,
0x66, 0x6C, 0x46, 0x6C, 0x61, 0x67, 0x73, 0x33, 0x41, 0x3D, 0x31, 0x2E, 0x30, 0x30, 0x30, 0x30,
0x30, 0x30, 0x0D, 0x0A, 0x4C, 0x4F, 0x43, 0x41, 0x4C, 0x62, 0x46, 0x6C, 0x61, 0x67, 0x73, 0x35,
0x3D, 0x66, 0x61, 0x6C, 0x73, 0x65, 0x0D, 0x0A, 0x4C, 0x4F, 0x43, 0x41, 0x4C, 0x66, 0x6C, 0x46,
0x6C, 0x61, 0x67, 0x73, 0x34, 0x52, 0x3D, 0x31, 0x2E, 0x30, 0x30, 0x30, 0x30, 0x30, 0x30, 0x0D,
0x0A, 0x4C, 0x4F, 0x43, 0x41, 0x4C, 0x62, 0x46, 0x6C, 0x61, 0x67, 0x73, 0x36, 0x3D, 0x66, 0x61,
0x6C, 0x73, 0x65, 0x0D, 0x0A, 0x4C, 0x4F, 0x43, 0x41, 0x4C, 0x66, 0x6C, 0x46, 0x6C, 0x61, 0x67,
0x73, 0x34, 0x47, 0x3D, 0x31, 0x2E, 0x30, 0x30, 0x30, 0x30, 0x30, 0x30, 0x0D, 0x0A, 0x4C, 0x4F,
0x43, 0x41, 0x4C, 0x62, 0x46, 0x6C, 0x61, 0x67, 0x73, 0x37, 0x3D, 0x66, 0x61, 0x6C, 0x73, 0x65,
0x0D, 0x0A, 0x4C, 0x4F, 0x43, 0x41, 0x4C, 0x66, 0x6C, 0x46, 0x6C, 0x61, 0x67, 0x73, 0x34, 0x42,
0x3D, 0x31, 0x2E, 0x30, 0x30, 0x30, 0x30, 0x30, 0x30, 0x0D, 0x0A, 0x4C, 0x4F, 0x43, 0x41, 0x4C,
0x62, 0x46, 0x6C, 0x61, 0x67, 0x73, 0x38, 0x3D, 0x66, 0x61, 0x6C, 0x73, 0x65, 0x0D, 0x0A, 0x4C,
0x4F, 0x43, 0x41, 0x4C, 0x66, 0x6C, 0x46, 0x6C, 0x61, 0x67, 0x73, 0x34, 0x41, 0x3D, 0x31, 0x2E,
0x30, 0x30, 0x30, 0x30, 0x30, 0x30, 0x0D, 0x0A, 0x62, 0x53, 0x6B, 0x65, 0x6C, 0x65, 0x74, 0x6F,
0x6E, 0x4C, 0x4F, 0x43, 0x41, 0x4C, 0x3D, 0x66, 0x61, 0x6C, 0x73, 0x65, 0x0D, 0x0A, 0x4C, 0x4F,
0x43, 0x41, 0x4C, 0x66, 0x6C, 0x46, 0x6C, 0x61, 0x67, 0x73, 0x35, 0x52, 0x3D, 0x31, 0x2E, 0x30,
0x30, 0x30, 0x30, 0x30, 0x30, 0x0D, 0x0A, 0x62, 0x42, 0x75, 0x6C, 0x6C, 0x65, 0x74, 0x54, 0x72,
0x61, 0x63, 0x65, 0x72, 0x4C, 0x4F, 0x43, 0x41, 0x4C, 0x3D, 0x66, 0x61, 0x6C, 0x73, 0x65, 0x0D,
0x0A, 0x4C, 0x4F, 0x43, 0x41, 0x4C, 0x66, 0x6C, 0x46, 0x6C, 0x61, 0x67, 0x73, 0x35, 0x47, 0x3D,
0x31, 0x2E, 0x30, 0x30, 0x30, 0x30, 0x30, 0x30, 0x0D, 0x0A, 0x4C, 0x4F, 0x43, 0x41, 0x4C, 0x66,
0x6C, 0x46, 0x6C, 0x61, 0x67, 0x73, 0x35, 0x42, 0x3D, 0x31, 0x2E, 0x30, 0x30, 0x30, 0x30, 0x30,
0x30, 0x0D, 0x0A, 0x4C, 0x4F, 0x43, 0x41, 0x4C, 0x66, 0x6C, 0x46, 0x6C, 0x61, 0x67, 0x73, 0x35,
0x41, 0x3D, 0x31, 0x2E, 0x30, 0x30, 0x30, 0x30, 0x30, 0x30, 0x0D, 0x0A, 0x4C, 0x4F, 0x43, 0x41,
0x4C, 0x66, 0x6C, 0x46, 0x6C, 0x61, 0x67, 0x73, 0x36, 0x52, 0x3D, 0x31, 0x2E, 0x30, 0x30, 0x30,
0x30, 0x30, 0x30, 0x0D, 0x0A, 0x4C, 0x4F, 0x43, 0x41, 0x4C, 0x66, 0x6C, 0x46, 0x6C, 0x61, 0x67,
0x73, 0x36, 0x47, 0x3D, 0x31, 0x2E, 0x30, 0x30, 0x30, 0x30, 0x30, 0x30, 0x0D, 0x0A, 0x4C, 0x4F,
0x43, 0x41, 0x4C, 0x66, 0x6C, 0x46, 0x6C, 0x61, 0x67, 0x73, 0x36, 0x42, 0x3D, 0x31, 0x2E, 0x30,
0x30, 0x30, 0x30, 0x30, 0x30, 0x0D, 0x0A, 0x4C, 0x4F, 0x43, 0x41, 0x4C, 0x66, 0x6C, 0x46, 0x6C,
0x61, 0x67, 0x73, 0x36, 0x41, 0x3D, 0x31, 0x2E, 0x30, 0x30, 0x30, 0x30, 0x30, 0x30, 0x0D, 0x0A,
0x4C, 0x4F, 0x43, 0x41, 0x4C, 0x66, 0x6C, 0x46, 0x6C, 0x61, 0x67, 0x73, 0x37, 0x52, 0x3D, 0x31,
0x2E, 0x30, 0x30, 0x30, 0x30, 0x30, 0x30, 0x0D, 0x0A, 0x4C, 0x4F, 0x43, 0x41, 0x4C, 0x66, 0x6C,
0x46, 0x6C, 0x61, 0x67, 0x73, 0x37, 0x47, 0x3D, 0x31, 0x2E, 0x30, 0x30, 0x30, 0x30, 0x30, 0x30,
0x0D, 0x0A, 0x4C, 0x4F, 0x43, 0x41, 0x4C, 0x66, 0x6C, 0x46, 0x6C, 0x61, 0x67, 0x73, 0x37, 0x42,
0x3D, 0x31, 0x2E, 0x30, 0x30, 0x30, 0x30, 0x30, 0x30, 0x0D, 0x0A, 0x4C, 0x4F, 0x43, 0x41, 0x4C,
0x66, 0x6C, 0x46, 0x6C, 0x61, 0x67, 0x73, 0x37, 0x41, 0x3D, 0x31, 0x2E, 0x30, 0x30, 0x30, 0x30,
0x30, 0x30, 0x0D, 0x0A, 0x4C, 0x4F, 0x43, 0x41, 0x4C, 0x66, 0x6C, 0x46, 0x6C, 0x61, 0x67, 0x73,
0x38, 0x52, 0x3D, 0x31, 0x2E, 0x30, 0x30, 0x30, 0x30, 0x30, 0x30, 0x0D, 0x0A, 0x4C, 0x4F, 0x43,
0x41, 0x4C, 0x66, 0x6C, 0x46, 0x6C, 0x61, 0x67, 0x73, 0x38, 0x47, 0x3D, 0x31, 0x2E, 0x30, 0x30,
0x30, 0x30, 0x30, 0x30, 0x0D, 0x0A, 0x4C, 0x4F, 0x43, 0x41, 0x4C, 0x66, 0x6C, 0x46, 0x6C, 0x61,
0x67, 0x73, 0x38, 0x42, 0x3D, 0x31, 0x2E, 0x30, 0x30, 0x30, 0x30, 0x30, 0x30, 0x0D, 0x0A, 0x4C,
0x4F, 0x43, 0x41, 0x4C, 0x66, 0x6C, 0x46, 0x6C, 0x61, 0x67, 0x73, 0x38, 0x41, 0x3D, 0x31, 0x2E,
0x30, 0x30, 0x30, 0x30, 0x30, 0x30, 0x0D, 0x0A, 0x66, 0x6C, 0x53, 0x6B, 0x65, 0x6C, 0x65, 0x74,
0x6F, 0x6E, 0x43, 0x6F, 0x6C, 0x6F, 0x72, 0x4C, 0x4F, 0x43, 0x41, 0x4C, 0x52, 0x3D, 0x31, 0x2E,
0x30, 0x30, 0x30, 0x30, 0x30, 0x30, 0x0D, 0x0A, 0x66, 0x6C, 0x53, 0x6B, 0x65, 0x6C, 0x65, 0x74,
0x6F, 0x6E, 0x43, 0x6F, 0x6C, 0x6F, 0x72, 0x4C, 0x4F, 0x43, 0x41, 0x4C, 0x47, 0x3D, 0x31, 0x2E,
0x30, 0x30, 0x30, 0x30, 0x30, 0x30, 0x0D, 0x0A, 0x66, 0x6C, 0x53, 0x6B, 0x65, 0x6C, 0x65, 0x74,
0x6F, 0x6E, 0x43, 0x6F, 0x6C, 0x6F, 0x72, 0x4C, 0x4F, 0x43, 0x41, 0x4C, 0x42, 0x3D, 0x31, 0x2E,
0x30, 0x30, 0x30, 0x30, 0x30, 0x30, 0x0D, 0x0A, 0x66, 0x6C, 0x53, 0x6B, 0x65, 0x6C, 0x65, 0x74,
0x6F, 0x6E, 0x43, 0x6F, 0x6C, 0x6F, 0x72, 0x4C, 0x4F, 0x43, 0x41, 0x4C, 0x41, 0x3D, 0x31, 0x2E,
0x30, 0x30, 0x30, 0x30, 0x30, 0x30, 0x0D, 0x0A, 0x66, 0x6C, 0x42, 0x75, 0x6C, 0x6C, 0x65, 0x74,
0x54, 0x72, 0x61, 0x63, 0x65, 0x72, 0x43, 0x6F, 0x6C, 0x6F, 0x72, 0x4C, 0x4F, 0x43, 0x41, 0x4C,
0x52, 0x3D, 0x31, 0x2E, 0x30, 0x30, 0x30, 0x30, 0x30, 0x30, 0x0D, 0x0A, 0x66, 0x6C, 0x42, 0x75,
0x6C, 0x6C, 0x65, 0x74, 0x54, 0x72, 0x61, 0x63, 0x65, 0x72, 0x43, 0x6F, 0x6C, 0x6F, 0x72, 0x4C,
0x4F, 0x43, 0x41, 0x4C, 0x47, 0x3D, 0x31, 0x2E, 0x30, 0x30, 0x30, 0x30, 0x30, 0x30, 0x0D, 0x0A,
0x66, 0x6C, 0x42, 0x75, 0x6C, 0x6C, 0x65, 0x74, 0x54, 0x72, 0x61, 0x63, 0x65, 0x72, 0x43, 0x6F,
0x6C, 0x6F, 0x72, 0x4C, 0x4F, 0x43, 0x41, 0x4C, 0x42, 0x3D, 0x31, 0x2E, 0x30, 0x30, 0x30, 0x30,
0x30, 0x30, 0x0D, 0x0A, 0x66, 0x6C, 0x42, 0x75, 0x6C, 0x6C, 0x65, 0x74, 0x54, 0x72, 0x61, 0x63,
0x65, 0x72, 0x43, 0x6F, 0x6C, 0x6F, 0x72, 0x4C, 0x4F, 0x43, 0x41, 0x4C, 0x41, 0x3D, 0x31, 0x2E,
0x30, 0x30, 0x30, 0x30, 0x30, 0x30, 0x0D, 0x0A, 0x69, 0x46, 0x6F, 0x67, 0x53, 0x74, 0x61, 0x72,
0x74, 0x3D, 0x31, 0x31, 0x35, 0x0D, 0x0A, 0x69, 0x46, 0x6F, 0x67, 0x45, 0x6E, 0x64, 0x3D, 0x33,
0x38, 0x34, 0x39, 0x0D, 0x0A, 0x69, 0x4F, 0x4F, 0x46, 0x44, 0x69, 0x73, 0x74, 0x61, 0x6E, 0x63,
0x65, 0x3D, 0x33, 0x34, 0x0D, 0x0A, 0x69, 0x4F, 0x4F, 0x46, 0x53, 0x69, 0x7A, 0x65, 0x3D, 0x31,
0x39, 0x0D, 0x0A, 0x69, 0x46, 0x6C, 0x69, 0x63, 0x6B, 0x65, 0x72, 0x3D, 0x30, 0x0D, 0x0A, 0x73,
0x63, 0x6F, 0x70, 0x65, 0x4C, 0x65, 0x6E, 0x67, 0x74, 0x68, 0x3D, 0x31, 0x0D, 0x0A, 0x62, 0x4C,
0x61, 0x6D, 0x70, 0x43, 0x6F, 0x6C, 0x6F, 0x72, 0x3D, 0x74, 0x72, 0x75, 0x65, 0x0D, 0x0A, 0x6E,
0x69, 0x67, 0x68, 0x74, 0x6D, 0x6F, 0x64, 0x65, 0x43, 0x6F, 0x6C, 0x6F, 0x72, 0x52, 0x3D, 0x30,
0x2E, 0x35, 0x32, 0x38, 0x33, 0x30, 0x32, 0x0D, 0x0A, 0x6E, 0x69, 0x67, 0x68, 0x74, 0x6D, 0x6F,
0x64, 0x65, 0x43, 0x6F, 0x6C, 0x6F, 0x72, 0x47, 0x3D, 0x30, 0x2E, 0x35, 0x32, 0x38, 0x33, 0x30,
0x32, 0x0D, 0x0A, 0x6E, 0x69, 0x67, 0x68, 0x74, 0x6D, 0x6F, 0x64, 0x65, 0x43, 0x6F, 0x6C, 0x6F,
0x72, 0x42, 0x3D, 0x30, 0x2E, 0x35, 0x32, 0x38, 0x33, 0x30, 0x32, 0x0D, 0x0A, 0x6E, 0x69, 0x67,
0x68, 0x74, 0x6D, 0x6F, 0x64, 0x65, 0x43, 0x6F, 0x6C, 0x6F, 0x72, 0x41, 0x3D, 0x31, 0x2E, 0x30,
0x30, 0x30, 0x30, 0x30, 0x30, 0x0D, 0x0A, 0x70, 0x72, 0x6F, 0x70, 0x43, 0x6F, 0x6C, 0x6F, 0x72,
0x73, 0x2D, 0x30, 0x3D, 0x30, 0x2E, 0x35, 0x34, 0x30, 0x38, 0x38, 0x31, 0x0D, 0x0A, 0x70, 0x72,
0x6F, 0x70, 0x43, 0x6F, 0x6C, 0x6F, 0x72, 0x73, 0x2D, 0x31, 0x3D, 0x30, 0x2E, 0x35, 0x34, 0x30,
0x38, 0x38, 0x31, 0x0D, 0x0A, 0x70, 0x72, 0x6F, 0x70, 0x43, 0x6F, 0x6C, 0x6F, 0x72, 0x73, 0x2D,
0x32, 0x3D, 0x30, 0x2E, 0x35, 0x34, 0x30, 0x38, 0x38, 0x31, 0x0D, 0x0A, 0x70, 0x72, 0x6F, 0x70,
0x43, 0x6F, 0x6C, 0x6F, 0x72, 0x73, 0x2D, 0x33, 0x3D, 0x31, 0x2E, 0x30, 0x30, 0x30, 0x30, 0x30,
0x30, 0x0D, 0x0A, 0x66, 0x6C, 0x4F, 0x4F, 0x46, 0x52, 0x3D, 0x30, 0x2E, 0x33, 0x35, 0x35, 0x39,
0x39, 0x39, 0x0D, 0x0A, 0x66, 0x6C, 0x4F, 0x4F, 0x46, 0x47, 0x3D, 0x30, 0x2E, 0x33, 0x34, 0x33,
0x38, 0x31, 0x35, 0x0D, 0x0A, 0x66, 0x6C, 0x4F, 0x4F, 0x46, 0x42, 0x3D, 0x30, 0x2E, 0x36, 0x36,
0x36, 0x36, 0x36, 0x37, 0x0D, 0x0A, 0x66, 0x6C, 0x4F, 0x4F, 0x46, 0x41, 0x3D, 0x31, 0x2E, 0x30,
0x30, 0x30, 0x30, 0x30, 0x30, 0x0D, 0x0A, 0x66, 0x6C, 0x53, 0x6B, 0x79, 0x62, 0x6F, 0x78, 0x43,
0x6F, 0x6C, 0x6F, 0x72, 0x52, 0x3D, 0x31, 0x2E, 0x30, 0x30, 0x30, 0x30, 0x30, 0x30, 0x0D, 0x0A,
0x66, 0x6C, 0x53, 0x6B, 0x79, 0x62, 0x6F, 0x78, 0x43, 0x6F, 0x6C, 0x6F, 0x72, 0x47, 0x3D, 0x31,
0x2E, 0x30, 0x30, 0x30, 0x30, 0x30, 0x30, 0x0D, 0x0A, 0x66, 0x6C, 0x53, 0x6B, 0x79, 0x62, 0x6F,
0x78, 0x43, 0x6F, 0x6C, 0x6F, 0x72, 0x42, 0x3D, 0x31, 0x2E, 0x30, 0x30, 0x30, 0x30, 0x30, 0x30,
0x0D, 0x0A, 0x66, 0x6C, 0x53, 0x6B, 0x79, 0x62, 0x6F, 0x78, 0x43, 0x6F, 0x6C, 0x6F, 0x72, 0x41,
0x3D, 0x31, 0x2E, 0x30, 0x30, 0x30, 0x30, 0x30, 0x30, 0x0D, 0x0A, 0x66, 0x6C, 0x4C, 0x61, 0x6D,
0x70, 0x43, 0x6F, 0x6C, 0x6F, 0x72, 0x73, 0x2D, 0x30, 0x3D, 0x30, 0x2E, 0x34, 0x39, 0x36, 0x38,
0x35, 0x35, 0x0D, 0x0A, 0x66, 0x6C, 0x4C, 0x61, 0x6D, 0x70, 0x43, 0x6F, 0x6C, 0x6F, 0x72, 0x73,
0x2D, 0x31, 0x3D, 0x30, 0x2E, 0x35, 0x33, 0x34, 0x38, 0x32, 0x38, 0x0D, 0x0A, 0x66, 0x6C, 0x4C,
0x61, 0x6D, 0x70, 0x43, 0x6F, 0x6C, 0x6F, 0x72, 0x73, 0x2D, 0x32, 0x3D, 0x31, 0x2E, 0x30, 0x30,
0x30, 0x30, 0x30, 0x30, 0x0D, 0x0A, 0x66, 0x6C, 0x4C, 0x61, 0x6D, 0x70, 0x43, 0x6F, 0x6C, 0x6F,
0x72, 0x73, 0x2D, 0x33, 0x3D, 0x30, 0x2E, 0x34, 0x32, 0x31, 0x33, 0x38, 0x34, 0x0D, 0x0A, 0x66,
0x6C, 0x44, 0x72, 0x61, 0x77, 0x43, 0x61, 0x70, 0x73, 0x75, 0x6C, 0x65, 0x43, 0x6F, 0x6C, 0x6F,
0x72, 0x52, 0x3D, 0x30, 0x2E, 0x34, 0x32, 0x31, 0x33, 0x38, 0x34, 0x0D, 0x0A, 0x66, 0x6C, 0x44,
0x72, 0x61, 0x77, 0x43, 0x61, 0x70, 0x73, 0x75, 0x6C, 0x65, 0x43, 0x6F, 0x6C, 0x6F, 0x72, 0x47,
0x3D, 0x31, 0x2E, 0x30, 0x30, 0x30, 0x30, 0x30, 0x30, 0x0D, 0x0A, 0x66, 0x6C, 0x44, 0x72, 0x61,
0x77, 0x43, 0x61, 0x70, 0x73, 0x75, 0x6C, 0x65, 0x43, 0x6F, 0x6C, 0x6F, 0x72, 0x42, 0x3D, 0x31,
0x2E, 0x30, 0x30, 0x30, 0x30, 0x30, 0x30, 0x0D, 0x0A, 0x66, 0x6C, 0x44, 0x72, 0x61, 0x77, 0x43,
0x61, 0x70, 0x73, 0x75, 0x6C, 0x65, 0x43, 0x6F, 0x6C, 0x6F, 0x72, 0x41, 0x3D, 0x31, 0x2E, 0x30,
0x30, 0x30, 0x30, 0x30, 0x30, 0x0D, 0x0A, 0x66, 0x6C, 0x44, 0x72, 0x61, 0x77, 0x43, 0x61, 0x70,
0x73, 0x75, 0x6C, 0x65, 0x43, 0x6F, 0x6C, 0x6F, 0x72, 0x48, 0x69, 0x74, 0x52, 0x3D, 0x30, 0x2E,
0x34, 0x37, 0x31, 0x36, 0x39, 0x38, 0x0D, 0x0A, 0x66, 0x6C, 0x44, 0x72, 0x61, 0x77, 0x43, 0x61,
0x70, 0x73, 0x75, 0x6C, 0x65, 0x43, 0x6F, 0x6C, 0x6F, 0x72, 0x48, 0x69, 0x74, 0x47, 0x3D, 0x30,
0x2E, 0x35, 0x31, 0x31, 0x35, 0x37, 0x30, 0x0D, 0x0A, 0x66, 0x6C, 0x44, 0x72, 0x61, 0x77, 0x43,
0x61, 0x70, 0x73, 0x75, 0x6C, 0x65, 0x43, 0x6F, 0x6C, 0x6F, 0x72, 0x48, 0x69, 0x74, 0x42, 0x3D,
0x31, 0x2E, 0x30, 0x30, 0x30, 0x30, 0x30, 0x30, 0x0D, 0x0A, 0x66, 0x6C, 0x44, 0x72, 0x61, 0x77,
0x43, 0x61, 0x70, 0x73, 0x75, 0x6C, 0x65, 0x43, 0x6F, 0x6C, 0x6F, 0x72, 0x48, 0x69, 0x74, 0x41,
0x3D, 0x31, 0x2E, 0x30, 0x30, 0x30, 0x30, 0x30, 0x30, 0x0D, 0x0A, 0x66, 0x6C, 0x57, 0x6F, 0x72,
0x6C, 0x64, 0x43, 0x72, 0x6F, 0x73, 0x73, 0x68, 0x61, 0x69, 0x72, 0x43, 0x6F, 0x6C, 0x6F, 0x72,
0x52, 0x3D, 0x31, 0x2E, 0x30, 0x30, 0x30, 0x30, 0x30, 0x30, 0x0D, 0x0A, 0x66, 0x6C, 0x57, 0x6F,
0x72, 0x6C, 0x64, 0x43, 0x72, 0x6F, 0x73, 0x73, 0x68, 0x61, 0x69, 0x72, 0x43, 0x6F, 0x6C, 0x6F,
0x72, 0x47, 0x3D, 0x31, 0x2E, 0x30, 0x30, 0x30, 0x30, 0x30, 0x30, 0x0D, 0x0A, 0x66, 0x6C, 0x57,
0x6F, 0x72, 0x6C, 0x64, 0x43, 0x72, 0x6F, 0x73, 0x73, 0x68, 0x61, 0x69, 0x72, 0x43, 0x6F, 0x6C,
0x6F, 0x72, 0x42, 0x3D, 0x31, 0x2E, 0x30, 0x30, 0x30, 0x30, 0x30, 0x30, 0x0D, 0x0A, 0x66, 0x6C,
0x57, 0x6F, 0x72, 0x6C, 0x64, 0x43, 0x72, 0x6F, 0x73, 0x73, 0x68, 0x61, 0x69, 0x72, 0x43, 0x6F,
0x6C, 0x6F, 0x72, 0x41, 0x3D, 0x30, 0x2E, 0x38, 0x31, 0x37, 0x31, 0x37, 0x30, 0x0D, 0x0A, 0x73,
0x63, 0x6F, 0x70, 0x65, 0x43, 0x6F, 0x6C, 0x6F, 0x72, 0x52, 0x3D, 0x31, 0x2E, 0x30, 0x30, 0x30,
0x30, 0x30, 0x30, 0x0D, 0x0A, 0x73, 0x63, 0x6F, 0x70, 0x65, 0x43, 0x6F, 0x6C, 0x6F, 0x72, 0x47,
0x3D, 0x31, 0x2E, 0x30, 0x30, 0x30, 0x30, 0x30, 0x30, 0x0D, 0x0A, 0x73, 0x63, 0x6F, 0x70, 0x65,
0x43, 0x6F, 0x6C, 0x6F, 0x72, 0x42, 0x3D, 0x31, 0x2E, 0x30, 0x30, 0x30, 0x30, 0x30, 0x30, 0x0D,
0x0A, 0x73, 0x63, 0x6F, 0x70, 0x65, 0x43, 0x6F, 0x6C, 0x6F, 0x72, 0x41, 0x3D, 0x31, 0x2E, 0x30,
0x30, 0x30, 0x30, 0x30, 0x30, 0x0D, 0x0A, 0x73, 0x63, 0x6F, 0x70, 0x65, 0x43, 0x6F, 0x6C, 0x6F,
0x72, 0x45, 0x6E, 0x64, 0x52, 0x3D, 0x31, 0x2E, 0x30, 0x30, 0x30, 0x30, 0x30, 0x30, 0x0D, 0x0A,
0x73, 0x63, 0x6F, 0x70, 0x65, 0x43, 0x6F, 0x6C, 0x6F, 0x72, 0x45, 0x6E, 0x64, 0x47, 0x3D, 0x31,
0x2E, 0x30, 0x30, 0x30, 0x30, 0x30, 0x30, 0x0D, 0x0A, 0x73, 0x63, 0x6F, 0x70, 0x65, 0x43, 0x6F,
0x6C, 0x6F, 0x72, 0x45, 0x6E, 0x64, 0x42, 0x3D, 0x31, 0x2E, 0x30, 0x30, 0x30, 0x30, 0x30, 0x30,
0x0D, 0x0A, 0x73, 0x63, 0x6F, 0x70, 0x65, 0x43, 0x6F, 0x6C, 0x6F, 0x72, 0x45, 0x6E, 0x64, 0x41,
0x3D, 0x31, 0x2E, 0x30, 0x30, 0x30, 0x30, 0x30, 0x30, 0x0D, 0x0A, 0x5B, 0x6D, 0x6F, 0x64, 0x65,
0x6C, 0x5D, 0x0D, 0x0A, 0x61, 0x74, 0x74, 0x61, 0x63, 0x68, 0x6D, 0x65, 0x6E, 0x74, 0x43, 0x68,
0x61, 0x6D, 0x73, 0x30, 0x3D, 0x66, 0x61, 0x6C, 0x73, 0x65, 0x0D, 0x0A, 0x61, 0x74, 0x74, 0x61,
0x63, 0x68, 0x6D, 0x65, 0x6E, 0x74, 0x43, 0x68, 0x61, 0x6D, 0x73, 0x30, 0x31, 0x3D, 0x66, 0x61,
0x6C, 0x73, 0x65, 0x0D, 0x0A, 0x61, 0x74, 0x74, 0x61, 0x63, 0x68, 0x6D, 0x65, 0x6E, 0x74, 0x43,
0x68, 0x61, 0x6D, 0x73, 0x30, 0x31, 0x32, 0x3D, 0x66, 0x61, 0x6C, 0x73, 0x65, 0x0D, 0x0A, 0x61,
0x74, 0x74, 0x61, 0x63, 0x68, 0x6D, 0x65, 0x6E, 0x74, 0x43, 0x68, 0x61, 0x6D, 0x73, 0x58, 0x68,
0x61, 0x69, 0x72, 0x30, 0x3D, 0x66, 0x61, 0x6C, 0x73, 0x65, 0x0D, 0x0A, 0x61, 0x74, 0x74, 0x61,
0x63, 0x68, 0x6D, 0x65, 0x6E, 0x74, 0x43, 0x68, 0x61, 0x6D, 0x73, 0x58, 0x68, 0x61, 0x69, 0x72,
0x30, 0x31, 0x3D, 0x66, 0x61, 0x6C, 0x73, 0x65, 0x0D, 0x0A, 0x61, 0x74, 0x74, 0x61, 0x63, 0x68,
0x6D, 0x65, 0x6E, 0x74, 0x43, 0x68, 0x61, 0x6D, 0x73, 0x58, 0x68, 0x61, 0x69, 0x72, 0x30, 0x31,
0x32, 0x3D, 0x66, 0x61, 0x6C, 0x73, 0x65, 0x0D, 0x0A, 0x61, 0x74, 0x74, 0x61, 0x63, 0x68, 0x6D,
0x65, 0x6E, 0x74, 0x4F, 0x76, 0x65, 0x72, 0x6C, 0x61, 0x79, 0x30, 0x3D, 0x66, 0x61, 0x6C, 0x73,
0x65, 0x0D, 0x0A, 0x61, 0x74, 0x74, 0x61, 0x63, 0x68, 0x6D, 0x65, 0x6E, 0x74, 0x4F, 0x76, 0x65,
0x72, 0x6C, 0x61, 0x79, 0x30, 0x31, 0x3D, 0x66, 0x61, 0x6C, 0x73, 0x65, 0x0D, 0x0A, 0x61, 0x74,
0x74, 0x61, 0x63, 0x68, 0x6D, 0x65, 0x6E, 0x74, 0x4F, 0x76, 0x65, 0x72, 0x6C, 0x61, 0x79, 0x30,
0x31, 0x32, 0x3D, 0x66, 0x61, 0x6C, 0x73, 0x65, 0x0D, 0x0A, 0x61, 0x74, 0x74, 0x61, 0x63, 0x68,
0x6D, 0x65, 0x6E, 0x74, 0x4F, 0x76, 0x65, 0x72, 0x6C, 0x61, 0x79, 0x58, 0x68, 0x61, 0x69, 0x72,
0x30, 0x3D, 0x66, 0x61, 0x6C, 0x73, 0x65, 0x0D, 0x0A, 0x61, 0x74, 0x74, 0x61, 0x63, 0x68, 0x6D,
0x65, 0x6E, 0x74, 0x4F, 0x76, 0x65, 0x72, 0x6C, 0x61, 0x79, 0x58, 0x68, 0x61, 0x69, 0x72, 0x30,
0x31, 0x3D, 0x66, 0x61, 0x6C, 0x73, 0x65, 0x0D, 0x0A, 0x61, 0x74, 0x74, 0x61, 0x63, 0x68, 0x6D,
0x65, 0x6E, 0x74, 0x4F, 0x76, 0x65, 0x72, 0x6C, 0x61, 0x79, 0x58, 0x68, 0x61, 0x69, 0x72, 0x30,
0x31, 0x32, 0x3D, 0x66, 0x61, 0x6C, 0x73, 0x65, 0x0D, 0x0A, 0x61, 0x74, 0x74, 0x61, 0x63, 0x68,
0x6D, 0x65, 0x6E, 0x74, 0x54, 0x68, 0x69, 0x6E, 0x4F, 0x76, 0x65, 0x72, 0x6C, 0x61, 0x79, 0x30,
0x3D, 0x66, 0x61, 0x6C, 0x73, 0x65, 0x0D, 0x0A, 0x61, 0x74, 0x74, 0x61, 0x63, 0x68, 0x6D, 0x65,
0x6E, 0x74, 0x54, 0x68, 0x69, 0x6E, 0x4F, 0x76, 0x65, 0x72, 0x6C, 0x61, 0x79, 0x30, 0x31, 0x3D,
0x66, 0x61, 0x6C, 0x73, 0x65, 0x0D, 0x0A, 0x61, 0x74, 0x74, 0x61, 0x63, 0x68, 0x6D, 0x65, 0x6E,
0x74, 0x54, 0x68, 0x69, 0x6E, 0x4F, 0x76, 0x65, 0x72, 0x6C, 0x61, 0x79, 0x30, 0x31, 0x32, 0x3D,
0x66, 0x61, 0x6C, 0x73, 0x65, 0x0D, 0x0A, 0x61, 0x74, 0x74, 0x61, 0x63, 0x68, 0x6D, 0x65, 0x6E,
0x74, 0x54, 0x68, 0x69, 0x6E, 0x4F, 0x76, 0x65, 0x72, 0x6C, 0x61, 0x79, 0x58, 0x68, 0x61, 0x69,
0x72, 0x30, 0x3D, 0x66, 0x61, 0x6C, 0x73, 0x65, 0x0D, 0x0A, 0x61, 0x74, 0x74, 0x61, 0x63, 0x68,
0x6D, 0x65, 0x6E, 0x74, 0x54, 0x68, 0x69, 0x6E, 0x4F, 0x76, 0x65, 0x72, 0x6C, 0x61, 0x79, 0x58,
0x68, 0x61, 0x69, 0x72, 0x30, 0x31, 0x3D, 0x66, 0x61, 0x6C, 0x73, 0x65, 0x0D, 0x0A, 0x61, 0x74,
0x74, 0x61, 0x63, 0x68, 0x6D, 0x65, 0x6E, 0x74, 0x54, 0x68, 0x69, 0x6E, 0x4F, 0x76, 0x65, 0x72,
0x6C, 0x61, 0x79, 0x58, 0x68, 0x61, 0x69, 0x72, 0x30, 0x31, 0x32, 0x3D, 0x66, 0x61, 0x6C, 0x73,
0x65, 0x0D, 0x0A, 0x61, 0x74, 0x74, 0x61, 0x63, 0x68, 0x6D, 0x65, 0x6E, 0x74, 0x41, 0x6E, 0x69,
0x6D, 0x61, 0x74, 0x65, 0x64, 0x4F, 0x76, 0x65, 0x72, 0x6C, 0x61, 0x79, 0x30, 0x3D, 0x66, 0x61,
0x6C, 0x73, 0x65, 0x0D, 0x0A, 0x61, 0x74, 0x74, 0x61, 0x63, 0x68, 0x6D, 0x65, 0x6E, 0x74, 0x41,
0x6E, 0x69, 0x6D, 0x61, 0x74, 0x65, 0x64, 0x4F, 0x76, 0x65, 0x72, 0x6C, 0x61, 0x79, 0x30, 0x31,
0x3D, 0x66, 0x61, 0x6C, 0x73, 0x65, 0x0D, 0x0A, 0x61, 0x74, 0x74, 0x61, 0x63, 0x68, 0x6D, 0x65,
0x6E, 0x74, 0x41, 0x6E, 0x69, 0x6D, 0x61, 0x74, 0x65, 0x64, 0x4F, 0x76, 0x65, 0x72, 0x6C, 0x61,
0x79, 0x30, 0x31, 0x32, 0x3D, 0x66, 0x61, 0x6C, 0x73, 0x65, 0x0D, 0x0A, 0x61, 0x74, 0x74, 0x61,
0x63, 0x68, 0x6D, 0x65, 0x6E, 0x74, 0x41, 0x6E, 0x69, 0x6D, 0x61, 0x74, 0x65, 0x64, 0x4F, 0x76,
0x65, 0x72, 0x6C, 0x61, 0x79, 0x58, 0x68, 0x61, 0x69, 0x72, 0x30, 0x3D, 0x66, 0x61, 0x6C, 0x73,
0x65, 0x0D, 0x0A, 0x61, 0x74, 0x74, 0x61, 0x63, 0x68, 0x6D, 0x65, 0x6E, 0x74, 0x41, 0x6E, 0x69,
0x6D, 0x61, 0x74, 0x65, 0x64, 0x4F, 0x76, 0x65, 0x72, 0x6C, 0x61, 0x79, 0x58, 0x68, 0x61, 0x69,
0x72, 0x30, 0x31, 0x3D, 0x66, 0x61, 0x6C, 0x73, 0x65, 0x0D, 0x0A, 0x61, 0x74, 0x74, 0x61, 0x63,
0x68, 0x6D, 0x65, 0x6E, 0x74, 0x43, 0x68, 0x61, 0x6D, 0x73, 0x43, 0x6F, 0x6C, 0x6F, 0x72, 0x45,
0x4E, 0x45, 0x4D, 0x59, 0x2D, 0x30, 0x3D, 0x31, 0x2E, 0x30, 0x30, 0x30, 0x30, 0x30, 0x30, 0x0D,
0x0A, 0x61, 0x74, 0x74, 0x61, 0x63, 0x68, 0x6D, 0x65, 0x6E, 0x74, 0x41, 0x6E, 0x69, 0x6D, 0x61,
0x74, 0x65, 0x64, 0x4F, 0x76, 0x65, 0x72, 0x6C, 0x61, 0x79, 0x58, 0x68, 0x61, 0x69, 0x72, 0x30,
0x31, 0x32, 0x3D, 0x66, 0x61, 0x6C, 0x73, 0x65, 0x0D, 0x0A, 0x61, 0x74, 0x74, 0x61, 0x63, 0x68,
0x6D, 0x65, 0x6E, 0x74, 0x43, 0x68, 0x61, 0x6D, 0x73, 0x43, 0x6F, 0x6C, 0x6F, 0x72, 0x45, 0x4E,
0x45, 0x4D, 0x59, 0x2D, 0x31, 0x3D, 0x31, 0x2E, 0x30, 0x30, 0x30, 0x30, 0x30, 0x30, 0x0D, 0x0A,
0x65, 0x6E, 0x65, 0x6D, 0x79, 0x42, 0x54, 0x45, 0x6E, 0x61, 0x62, 0x6C, 0x65, 0x3D, 0x74, 0x72,
0x75, 0x65, 0x0D, 0x0A, 0x61, 0x74, 0x74, 0x61, 0x63, 0x68, 0x6D, 0x65, 0x6E, 0x74, 0x43, 0x68,
0x61, 0x6D, 0x73, 0x43, 0x6F, 0x6C, 0x6F, 0x72, 0x45, 0x4E, 0x45, 0x4D, 0x59, 0x2D, 0x32, 0x3D,
0x31, 0x2E, 0x30, 0x30, 0x30, 0x30, 0x30, 0x30, 0x0D, 0x0A, 0x65, 0x6E, 0x65, 0x6D, 0x79, 0x42,
0x54, 0x58, 0x68, 0x61, 0x69, 0x72, 0x3D, 0x66, 0x61, 0x6C, 0x73, 0x65, 0x0D, 0x0A, 0x61, 0x74,
0x74, 0x61, 0x63, 0x68, 0x6D, 0x65, 0x6E, 0x74, 0x43, 0x68, 0x61, 0x6D, 0x73, 0x43, 0x6F, 0x6C,
0x6F, 0x72, 0x45, 0x4E, 0x45, 0x4D, 0x59, 0x2D, 0x33, 0x3D, 0x31, 0x2E, 0x30, 0x30, 0x30, 0x30,
0x30, 0x30, 0x0D, 0x0A, 0x62, 0x43, 0x68, 0x61, 0x6D, 0x73, 0x30, 0x3D, 0x74, 0x72, 0x75, 0x65,
0x0D, 0x0A, 0x61, 0x74, 0x74, 0x61, 0x63, 0x68, 0x6D, 0x65, 0x6E, 0x74, 0x43, 0x68, 0x61, 0x6D,
0x73, 0x43, 0x6F, 0x6C, 0x6F, 0x72, 0x54, 0x45, 0x41, 0x4D, 0x2D, 0x30, 0x3D, 0x31, 0x2E, 0x30,
0x30, 0x30, 0x30, 0x30, 0x30, 0x0D, 0x0A, 0x62, 0x43, 0x68, 0x61, 0x6D, 0x73, 0x30, 0x31, 0x3D,
0x66, 0x61, 0x6C, 0x73, 0x65, 0x0D, 0x0A, 0x61, 0x74, 0x74, 0x61, 0x63, 0x68, 0x6D, 0x65, 0x6E,
0x74, 0x43, 0x68, 0x61, 0x6D, 0x73, 0x43, 0x6F, 0x6C, 0x6F, 0x72, 0x54, 0x45, 0x41, 0x4D, 0x2D,
0x31, 0x3D, 0x31, 0x2E, 0x30, 0x30, 0x30, 0x30, 0x30, 0x30, 0x0D, 0x0A, 0x62, 0x43, 0x68, 0x61,
0x6D, 0x73, 0x30, 0x31, 0x32, 0x3D, 0x66, 0x61, 0x6C, 0x73, 0x65, 0x0D, 0x0A, 0x61, 0x74, 0x74,
0x61, 0x63, 0x68, 0x6D, 0x65, 0x6E, 0x74, 0x43, 0x68, 0x61, 0x6D, 0x73, 0x43, 0x6F, 0x6C, 0x6F,
0x72, 0x54, 0x45, 0x41, 0x4D, 0x2D, 0x32, 0x3D, 0x31, 0x2E, 0x30, 0x30, 0x30, 0x30, 0x30, 0x30,
0x0D, 0x0A, 0x62, 0x43, 0x68, 0x61, 0x6D, 0x73, 0x58, 0x51, 0x5A, 0x30, 0x3D, 0x74, 0x72, 0x75,
0x65, 0x0D, 0x0A, 0x61, 0x74, 0x74, 0x61, 0x63, 0x68, 0x6D, 0x65, 0x6E, 0x74, 0x43, 0x68, 0x61,
0x6D, 0x73, 0x43, 0x6F, 0x6C, 0x6F, 0x72, 0x54, 0x45, 0x41, 0x4D, 0x2D, 0x33, 0x3D, 0x31, 0x2E,
0x30, 0x30, 0x30, 0x30, 0x30, 0x30, 0x0D, 0x0A, 0x62, 0x43, 0x68, 0x61, 0x6D, 0x73, 0x58, 0x51,
0x5A, 0x30, 0x31, 0x3D, 0x66, 0x61, 0x6C, 0x73, 0x65, 0x0D, 0x0A, 0x61, 0x74, 0x74, 0x61, 0x63,
0x68, 0x6D, 0x65, 0x6E, 0x74, 0x43, 0x68, 0x61, 0x6D, 0x73, 0x43, 0x6F, 0x6C, 0x6F, 0x72, 0x4C,
0x4F, 0x43, 0x41, 0x4C, 0x2D, 0x30, 0x3D, 0x31, 0x2E, 0x30, 0x30, 0x30, 0x30, 0x30, 0x30, 0x0D,
0x0A, 0x62, 0x43, 0x68, 0x61, 0x6D, 0x73, 0x58, 0x51, 0x5A, 0x30, 0x31, 0x32, 0x3D, 0x66, 0x61,
0x6C, 0x73, 0x65, 0x0D, 0x0A, 0x61, 0x74, 0x74, 0x61, 0x63, 0x68, 0x6D, 0x65, 0x6E, 0x74, 0x43,
0x68, 0x61, 0x6D, 0x73, 0x43, 0x6F, 0x6C, 0x6F, 0x72, 0x4C, 0x4F, 0x43, 0x41, 0x4C, 0x2D, 0x31,
0x3D, 0x31, 0x2E, 0x30, 0x30, 0x30, 0x30, 0x30, 0x30, 0x0D, 0x0A, 0x62, 0x58, 0x68, 0x61, 0x69,
0x72, 0x30, 0x3D, 0x66, 0x61, 0x6C, 0x73, 0x65, 0x0D, 0x0A, 0x61, 0x74, 0x74, 0x61, 0x63, 0x68,
0x6D, 0x65, 0x6E, 0x74, 0x43, 0x68, 0x61, 0x6D, 0x73, 0x43, 0x6F, 0x6C, 0x6F, 0x72, 0x4C, 0x4F,
0x43, 0x41, 0x4C, 0x2D, 0x32, 0x3D, 0x31, 0x2E, 0x30, 0x30, 0x30, 0x30, 0x30, 0x30, 0x0D, 0x0A,
0x62, 0x58, 0x68, 0x61, 0x69, 0x72, 0x30, 0x31, 0x3D, 0x66, 0x61, 0x6C, 0x73, 0x65, 0x0D, 0x0A,
0x61, 0x74, 0x74, 0x61, 0x63, 0x68, 0x6D, 0x65, 0x6E, 0x74, 0x43, 0x68, 0x61, 0x6D, 0x73, 0x43,
0x6F, 0x6C, 0x6F, 0x72, 0x4C, 0x4F, 0x43, 0x41, 0x4C, 0x2D, 0x33, 0x3D, 0x31, 0x2E, 0x30, 0x30,
0x30, 0x30, 0x30, 0x30, 0x0D, 0x0A, 0x62, 0x58, 0x68, 0x61, 0x69, 0x72, 0x30, 0x31, 0x32, 0x3D,
0x66, 0x61, 0x6C, 0x73, 0x65, 0x0D, 0x0A, 0x61, 0x74, 0x74, 0x61, 0x63, 0x68, 0x6D, 0x65, 0x6E,
0x74, 0x4F, 0x76, 0x65, 0x72, 0x6C, 0x61, 0x79, 0x43, 0x6F, 0x6C, 0x6F, 0x72, 0x45, 0x4E, 0x45,
0x4D, 0x59, 0x2D, 0x30, 0x3D, 0x31, 0x2E, 0x30, 0x30, 0x30, 0x30, 0x30, 0x30, 0x0D, 0x0A, 0x62,
0x58, 0x68, 0x61, 0x69, 0x72, 0x58, 0x51, 0x5A, 0x30, 0x3D, 0x66, 0x61, 0x6C, 0x73, 0x65, 0x0D,
0x0A, 0x61, 0x74, 0x74, 0x61, 0x63, 0x68, 0x6D, 0x65, 0x6E, 0x74, 0x4F, 0x76, 0x65, 0x72, 0x6C,
0x61, 0x79, 0x43, 0x6F, 0x6C, 0x6F, 0x72, 0x45, 0x4E, 0x45, 0x4D, 0x59, 0x2D, 0x31, 0x3D, 0x31,
0x2E, 0x30, 0x30, 0x30, 0x30, 0x30, 0x30, 0x0D, 0x0A, 0x62, 0x58, 0x68, 0x61, 0x69, 0x72, 0x58,
0x51, 0x5A, 0x30, 0x31, 0x3D, 0x66, 0x61, 0x6C, 0x73, 0x65, 0x0D, 0x0A, 0x61, 0x74, 0x74, 0x61,
0x63, 0x68, 0x6D, 0x65, 0x6E, 0x74, 0x4F, 0x76, 0x65, 0x72, 0x6C, 0x61, 0x79, 0x43, 0x6F, 0x6C,
0x6F, 0x72, 0x45, 0x4E, 0x45, 0x4D, 0x59, 0x2D, 0x32, 0x3D, 0x31, 0x2E, 0x30, 0x30, 0x30, 0x30,
0x30, 0x30, 0x0D, 0x0A, 0x62, 0x58, 0x68, 0x61, 0x69, 0x72, 0x58, 0x51, 0x5A, 0x30, 0x31, 0x32,
0x3D, 0x66, 0x61, 0x6C, 0x73, 0x65, 0x0D, 0x0A, 0x61, 0x74, 0x74, 0x61, 0x63, 0x68, 0x6D, 0x65,
0x6E, 0x74, 0x4F, 0x76, 0x65, 0x72, 0x6C, 0x61, 0x79, 0x43, 0x6F, 0x6C, 0x6F, 0x72, 0x45, 0x4E,
0x45, 0x4D, 0x59, 0x2D, 0x33, 0x3D, 0x31, 0x2E, 0x30, 0x30, 0x30, 0x30, 0x30, 0x30, 0x0D, 0x0A,
0x62, 0x4F, 0x76, 0x65, 0x72, 0x6C, 0x61, 0x79, 0x30, 0x3D, 0x66, 0x61, 0x6C, 0x73, 0x65, 0x0D,
0x0A, 0x61, 0x74, 0x74, 0x61, 0x63, 0x68, 0x6D, 0x65, 0x6E, 0x74, 0x4F, 0x76, 0x65, 0x72, 0x6C,
0x61, 0x79, 0x43, 0x6F, 0x6C, 0x6F, 0x72, 0x54, 0x45, 0x41, 0x4D, 0x2D, 0x30, 0x3D, 0x31, 0x2E,
0x30, 0x30, 0x30, 0x30, 0x30, 0x30, 0x0D, 0x0A, 0x62, 0x4F, 0x76, 0x65, 0x72, 0x6C, 0x61, 0x79,
0x30, 0x31, 0x3D, 0x66, 0x61, 0x6C, 0x73, 0x65, 0x0D, 0x0A, 0x61, 0x74, 0x74, 0x61, 0x63, 0x68,
0x6D, 0x65, 0x6E, 0x74, 0x4F, 0x76, 0x65, 0x72, 0x6C, 0x61, 0x79, 0x43, 0x6F, 0x6C, 0x6F, 0x72,
0x54, 0x45, 0x41, 0x4D, 0x2D, 0x31, 0x3D, 0x31, 0x2E, 0x30, 0x30, 0x30, 0x30, 0x30, 0x30, 0x0D,
0x0A, 0x62, 0x4F, 0x76, 0x65, 0x72, 0x6C, 0x61, 0x79, 0x30, 0x31, 0x32, 0x3D, 0x66, 0x61, 0x6C,
0x73, 0x65, 0x0D, 0x0A, 0x61, 0x74, 0x74, 0x61, 0x63, 0x68, 0x6D, 0x65, 0x6E, 0x74, 0x4F, 0x76,
0x65, 0x72, 0x6C, 0x61, 0x79, 0x43, 0x6F, 0x6C, 0x6F, 0x72, 0x54, 0x45, 0x41, 0x4D, 0x2D, 0x32,
0x3D, 0x31, 0x2E, 0x30, 0x30, 0x30, 0x30, 0x30, 0x30, 0x0D, 0x0A, 0x62, 0x4F, 0x76, 0x65, 0x72,
0x6C, 0x61, 0x79, 0x58, 0x51, 0x5A, 0x30, 0x3D, 0x66, 0x61, 0x6C, 0x73, 0x65, 0x0D, 0x0A, 0x61,
0x74, 0x74, 0x61, 0x63, 0x68, 0x6D, 0x65, 0x6E, 0x74, 0x4F, 0x76, 0x65, 0x72, 0x6C, 0x61, 0x79,
0x43, 0x6F, 0x6C, 0x6F, 0x72, 0x54, 0x45, 0x41, 0x4D, 0x2D, 0x33, 0x3D, 0x31, 0x2E, 0x30, 0x30,
0x30, 0x30, 0x30, 0x30, 0x0D, 0x0A, 0x62, 0x4F, 0x76, 0x65, 0x72, 0x6C, 0x61, 0x79, 0x58, 0x51,
0x5A, 0x30, 0x31, 0x3D, 0x66, 0x61, 0x6C, 0x73, 0x65, 0x0D, 0x0A, 0x61, 0x74, 0x74, 0x61, 0x63,
0x68, 0x6D, 0x65, 0x6E, 0x74, 0x4F, 0x76, 0x65, 0x72, 0x6C, 0x61, 0x79, 0x43, 0x6F, 0x6C, 0x6F,
0x72, 0x4C, 0x4F, 0x43, 0x41, 0x4C, 0x2D, 0x30, 0x3D, 0x31, 0x2E, 0x30, 0x30, 0x30, 0x30, 0x30,
0x30, 0x0D, 0x0A, 0x62, 0x4F, 0x76, 0x65, 0x72, 0x6C, 0x61, 0x79, 0x58, 0x51, 0x5A, 0x30, 0x31,
0x32, 0x3D, 0x66, 0x61, 0x6C, 0x73, 0x65, 0x0D, 0x0A, 0x61, 0x74, 0x74, 0x61, 0x63, 0x68, 0x6D,
0x65, 0x6E, 0x74, 0x4F, 0x76, 0x65, 0x72, 0x6C, 0x61, 0x79, 0x43, 0x6F, 0x6C, 0x6F, 0x72, 0x4C,
0x4F, 0x43, 0x41, 0x4C, 0x2D, 0x31, 0x3D, 0x31, 0x2E, 0x30, 0x30, 0x30, 0x30, 0x30, 0x30, 0x0D,
0x0A, 0x62, 0x4F, 0x76, 0x65, 0x72, 0x6C, 0x61, 0x79, 0x58, 0x68, 0x61, 0x69, 0x72, 0x30, 0x3D,
0x66, 0x61, 0x6C, 0x73, 0x65, 0x0D, 0x0A, 0x62, 0x4F, 0x76, 0x65, 0x72, 0x6C, 0x61, 0x79, 0x58,
0x68, 0x61, 0x69, 0x72, 0x30, 0x31, 0x3D, 0x66, 0x61, 0x6C, 0x73, 0x65, 0x0D, 0x0A, 0x61, 0x74,
0x74, 0x61, 0x63, 0x68, 0x6D, 0x65, 0x6E, 0x74, 0x4F, 0x76, 0x65, 0x72, 0x6C, 0x61, 0x79, 0x43,
0x6F, 0x6C, 0x6F, 0x72, 0x4C, 0x4F, 0x43, 0x41, 0x4C, 0x2D, 0x32, 0x3D, 0x31, 0x2E, 0x30, 0x30,
0x30, 0x30, 0x30, 0x30, 0x0D, 0x0A, 0x62, 0x4F, 0x76, 0x65, 0x72, 0x6C, 0x61, 0x79, 0x58, 0x68,
0x61, 0x69, 0x72, 0x30, 0x31, 0x32, 0x3D, 0x66, 0x61, 0x6C, 0x73, 0x65, 0x0D, 0x0A, 0x61, 0x74,
0x74, 0x61, 0x63, 0x68, 0x6D, 0x65, 0x6E, 0x74, 0x4F, 0x76, 0x65, 0x72, 0x6C, 0x61, 0x79, 0x43,
0x6F, 0x6C, 0x6F, 0x72, 0x4C, 0x4F, 0x43, 0x41, 0x4C, 0x2D, 0x33, 0x3D, 0x31, 0x2E, 0x30, 0x30,
0x30, 0x30, 0x30, 0x30, 0x0D, 0x0A, 0x62, 0x4F, 0x76, 0x65, 0x72, 0x6C, 0x61, 0x79, 0x58, 0x68,
0x61, 0x69, 0x72, 0x58, 0x51, 0x5A, 0x30, 0x3D, 0x66, 0x61, 0x6C, 0x73, 0x65, 0x0D, 0x0A, 0x61,
0x74, 0x74, 0x61, 0x63, 0x68, 0x6D, 0x65, 0x6E, 0x74, 0x54, 0x68, 0x69, 0x6E, 0x4F, 0x76, 0x65,
0x72, 0x6C, 0x61, 0x79, 0x43, 0x6F, 0x6C, 0x6F, 0x72, 0x45, 0x4E, 0x45, 0x4D, 0x59, 0x2D, 0x30,
0x3D, 0x31, 0x2E, 0x30, 0x30, 0x30, 0x30, 0x30, 0x30, 0x0D, 0x0A, 0x62, 0x4F, 0x76, 0x65, 0x72,
0x6C, 0x61, 0x79, 0x58, 0x68, 0x61, 0x69, 0x72, 0x58, 0x51, 0x5A, 0x30, 0x31, 0x3D, 0x66, 0x61,
0x6C, 0x73, 0x65, 0x0D, 0x0A, 0x61, 0x74, 0x74, 0x61, 0x63, 0x68, 0x6D, 0x65, 0x6E, 0x74, 0x54,
0x68, 0x69, 0x6E, 0x4F, 0x76, 0x65, 0x72, 0x6C, 0x61, 0x79, 0x43, 0x6F, 0x6C, 0x6F, 0x72, 0x45,
0x4E, 0x45, 0x4D, 0x59, 0x2D, 0x31, 0x3D, 0x31, 0x2E, 0x30, 0x30, 0x30, 0x30, 0x30, 0x30, 0x0D,
0x0A, 0x62, 0x4F, 0x76, 0x65, 0x72, 0x6C, 0x61, 0x79, 0x58, 0x68, 0x61, 0x69, 0x72, 0x58, 0x51,
0x5A, 0x30, 0x31, 0x32, 0x3D, 0x66, 0x61, 0x6C, 0x73, 0x65, 0x0D, 0x0A, 0x61, 0x74, 0x74, 0x61,
0x63, 0x68, 0x6D, 0x65, 0x6E, 0x74, 0x54, 0x68, 0x69, 0x6E, 0x4F, 0x76, 0x65, 0x72, 0x6C, 0x61,
0x79, 0x43, 0x6F, 0x6C, 0x6F, 0x72, 0x45, 0x4E, 0x45, 0x4D, 0x59, 0x2D, 0x32, 0x3D, 0x31, 0x2E,
0x30, 0x30, 0x30, 0x30, 0x30, 0x30, 0x0D, 0x0A, 0x61, 0x74, 0x74, 0x61, 0x63, 0x68, 0x6D, 0x65,
0x6E, 0x74, 0x43, 0x68, 0x61, 0x6D, 0x73, 0x4D, 0x61, 0x74, 0x65, 0x72, 0x69, 0x61, 0x6C, 0x2D,
0x30, 0x3D, 0x30, 0x0D, 0x0A, 0x62, 0x54, 0x68, 0x69, 0x6E, 0x4F, 0x76, 0x65, 0x72, 0x6C, 0x61,
0x79, 0x30, 0x3D, 0x66, 0x61, 0x6C, 0x73, 0x65, 0x0D, 0x0A, 0x61, 0x74, 0x74, 0x61, 0x63, 0x68,
0x6D, 0x65, 0x6E, 0x74, 0x54, 0x68, 0x69, 0x6E, 0x4F, 0x76, 0x65, 0x72, 0x6C, 0x61, 0x79, 0x43,
0x6F, 0x6C, 0x6F, 0x72, 0x45, 0x4E, 0x45, 0x4D, 0x59, 0x2D, 0x33, 0x3D, 0x31, 0x2E, 0x30, 0x30,
0x30, 0x30, 0x30, 0x30, 0x0D, 0x0A, 0x61, 0x74, 0x74, 0x61, 0x63, 0x68, 0x6D, 0x65, 0x6E, 0x74,
0x43, 0x68, 0x61, 0x6D, 0x73, 0x4D, 0x61, 0x74, 0x65, 0x72, 0x69, 0x61, 0x6C, 0x2D, 0x31, 0x3D,
0x30, 0x0D, 0x0A, 0x62, 0x54, 0x68, 0x69, 0x6E, 0x4F, 0x76, 0x65, 0x72, 0x6C, 0x61, 0x79, 0x30,
0x31, 0x3D, 0x66, 0x61, 0x6C, 0x73, 0x65, 0x0D, 0x0A, 0x61, 0x74, 0x74, 0x61, 0x63, 0x68, 0x6D,
0x65, 0x6E, 0x74, 0x54, 0x68, 0x69, 0x6E, 0x4F, 0x76, 0x65, 0x72, 0x6C, 0x61, 0x79, 0x43, 0x6F,
0x6C, 0x6F, 0x72, 0x54, 0x45, 0x41, 0x4D, 0x2D, 0x30, 0x3D, 0x31, 0x2E, 0x30, 0x30, 0x30, 0x30,
0x30, 0x30, 0x0D, 0x0A, 0x61, 0x74, 0x74, 0x61, 0x63, 0x68, 0x6D, 0x65, 0x6E, 0x74, 0x43, 0x68,
0x61, 0x6D, 0x73, 0x4D, 0x61, 0x74, 0x65, 0x72, 0x69, 0x61, 0x6C, 0x2D, 0x32, 0x3D, 0x30, 0x0D,
0x0A, 0x62, 0x54, 0x68, 0x69, 0x6E, 0x4F, 0x76, 0x65, 0x72, 0x6C, 0x61, 0x79, 0x30, 0x31, 0x32,
0x3D, 0x66, 0x61, 0x6C, 0x73, 0x65, 0x0D, 0x0A, 0x61, 0x74, 0x74, 0x61, 0x63, 0x68, 0x6D, 0x65,
0x6E, 0x74, 0x54, 0x68, 0x69, 0x6E, 0x4F, 0x76, 0x65, 0x72, 0x6C, 0x61, 0x79, 0x43, 0x6F, 0x6C,
0x6F, 0x72, 0x54, 0x45, 0x41, 0x4D, 0x2D, 0x31, 0x3D, 0x31, 0x2E, 0x30, 0x30, 0x30, 0x30, 0x30,
0x30, 0x0D, 0x0A, 0x65, 0x6E, 0x65, 0x6D, 0x79, 0x42, 0x54, 0x54, 0x79, 0x70, 0x65, 0x3D, 0x30,
0x0D, 0x0A, 0x62, 0x54, 0x68, 0x69, 0x6E, 0x4F, 0x76, 0x65, 0x72, 0x6C, 0x61, 0x79, 0x58, 0x51,
0x5A, 0x30, 0x3D, 0x66, 0x61, 0x6C, 0x73, 0x65, 0x0D, 0x0A, 0x61, 0x74, 0x74, 0x61, 0x63, 0x68,
0x6D, 0x65, 0x6E, 0x74, 0x54, 0x68, 0x69, 0x6E, 0x4F, 0x76, 0x65, 0x72, 0x6C, 0x61, 0x79, 0x43,
0x6F, 0x6C, 0x6F, 0x72, 0x54, 0x45, 0x41, 0x4D, 0x2D, 0x32, 0x3D, 0x31, 0x2E, 0x30, 0x30, 0x30,
0x30, 0x30, 0x30, 0x0D, 0x0A, 0x69, 0x54, 0x79, 0x70, 0x65, 0x2D, 0x30, 0x3D, 0x30, 0x0D, 0x0A,
0x62, 0x54, 0x68, 0x69, 0x6E, 0x4F, 0x76, 0x65, 0x72, 0x6C, 0x61, 0x79, 0x58, 0x51, 0x5A, 0x30,
0x31, 0x3D, 0x66, 0x61, 0x6C, 0x73, 0x65, 0x0D, 0x0A, 0x69, 0x54, 0x79, 0x70, 0x65, 0x2D, 0x31,
0x3D, 0x30, 0x0D, 0x0A, 0x61, 0x74, 0x74, 0x61, 0x63, 0x68, 0x6D, 0x65, 0x6E, 0x74, 0x54, 0x68,
0x69, 0x6E, 0x4F, 0x76, 0x65, 0x72, 0x6C, 0x61, 0x79, 0x43, 0x6F, 0x6C, 0x6F, 0x72, 0x54, 0x45,
0x41, 0x4D, 0x2D, 0x33, 0x3D, 0x31, 0x2E, 0x30, 0x30, 0x30, 0x30, 0x30, 0x30, 0x0D, 0x0A, 0x62,
0x54, 0x68, 0x69, 0x6E, 0x4F, 0x76, 0x65, 0x72, 0x6C, 0x61, 0x79, 0x58, 0x51, 0x5A, 0x30, 0x31,
0x32, 0x3D, 0x66, 0x61, 0x6C, 0x73, 0x65, 0x0D, 0x0A, 0x69, 0x54, 0x79, 0x70, 0x65, 0x2D, 0x32,
0x3D, 0x30, 0x0D, 0x0A, 0x61, 0x74, 0x74, 0x61, 0x63, 0x68, 0x6D, 0x65, 0x6E, 0x74, 0x54, 0x68,
0x69, 0x6E, 0x4F, 0x76, 0x65, 0x72, 0x6C, 0x61, 0x79, 0x43, 0x6F, 0x6C, 0x6F, 0x72, 0x4C, 0x4F,
0x43, 0x41, 0x4C, 0x2D, 0x30, 0x3D, 0x31, 0x2E, 0x30, 0x30, 0x30, 0x30, 0x30, 0x30, 0x0D, 0x0A,
0x62, 0x54, 0x68, 0x69, 0x6E, 0x4F, 0x76, 0x65, 0x72, 0x6C, 0x61, 0x79, 0x58, 0x68, 0x61, 0x69,
0x72, 0x30, 0x3D, 0x66, 0x61, 0x6C, 0x73, 0x65, 0x0D, 0x0A, 0x6C, 0x6F, 0x63, 0x61, 0x6C, 0x44,
0x65, 0x73, 0x79, 0x6E, 0x63, 0x54, 0x79, 0x70, 0x65, 0x3D, 0x31, 0x0D, 0x0A, 0x61, 0x74, 0x74,
0x61, 0x63, 0x68, 0x6D, 0x65, 0x6E, 0x74, 0x54, 0x68, 0x69, 0x6E, 0x4F, 0x76, 0x65, 0x72, 0x6C,
0x61, 0x79, 0x43, 0x6F, 0x6C, 0x6F, 0x72, 0x4C, 0x4F, 0x43, 0x41, 0x4C, 0x2D, 0x31, 0x3D, 0x31,
0x2E, 0x30, 0x30, 0x30, 0x30, 0x30, 0x30, 0x0D, 0x0A, 0x62, 0x54, 0x68, 0x69, 0x6E, 0x4F, 0x76,
0x65, 0x72, 0x6C, 0x61, 0x79, 0x58, 0x68, 0x61, 0x69, 0x72, 0x30, 0x31, 0x3D, 0x66, 0x61, 0x6C,
0x73, 0x65, 0x0D, 0x0A, 0x76, 0x69, 0x65, 0x77, 0x6D, 0x6F, 0x64, 0x65, 0x6C, 0x54, 0x79, 0x70,
0x65, 0x3D, 0x30, 0x0D, 0x0A, 0x62, 0x54, 0x68, 0x69, 0x6E, 0x4F, 0x76, 0x65, 0x72, 0x6C, 0x61,
0x79, 0x58, 0x68, 0x61, 0x69, 0x72, 0x30, 0x31, 0x32, 0x3D, 0x66, 0x61, 0x6C, 0x73, 0x65, 0x0D,
0x0A, 0x61, 0x74, 0x74, 0x61, 0x63, 0x68, 0x6D, 0x65, 0x6E, 0x74, 0x54, 0x68, 0x69, 0x6E, 0x4F,
0x76, 0x65, 0x72, 0x6C, 0x61, 0x79, 0x43, 0x6F, 0x6C, 0x6F, 0x72, 0x4C, 0x4F, 0x43, 0x41, 0x4C,
0x2D, 0x32, 0x3D, 0x31, 0x2E, 0x30, 0x30, 0x30, 0x30, 0x30, 0x30, 0x0D, 0x0A, 0x77, 0x65, 0x61,
0x70, 0x6F, 0x6E, 0x54, 0x79, 0x70, 0x65, 0x3D, 0x30, 0x0D, 0x0A, 0x62, 0x54, 0x68, 0x69, 0x6E,
0x4F, 0x76, 0x65, 0x72, 0x6C, 0x61, 0x79, 0x58, 0x68, 0x61, 0x69, 0x72, 0x58, 0x51, 0x5A, 0x30,
0x3D, 0x66, 0x61, 0x6C, 0x73, 0x65, 0x0D, 0x0A, 0x61, 0x74, 0x74, 0x61, 0x63, 0x68, 0x6D, 0x65,
0x6E, 0x74, 0x54, 0x68, 0x69, 0x6E, 0x4F, 0x76, 0x65, 0x72, 0x6C, 0x61, 0x79, 0x43, 0x6F, 0x6C,
0x6F, 0x72, 0x4C, 0x4F, 0x43, 0x41, 0x4C, 0x2D, 0x33, 0x3D, 0x31, 0x2E, 0x30, 0x30, 0x30, 0x30,
0x30, 0x30, 0x0D, 0x0A, 0x62, 0x54, 0x68, 0x69, 0x6E, 0x4F, 0x76, 0x65, 0x72, 0x6C, 0x61, 0x79,
0x58, 0x68, 0x61, 0x69, 0x72, 0x58, 0x51, 0x5A, 0x30, 0x31, 0x3D, 0x66, 0x61, 0x6C, 0x73, 0x65,
0x0D, 0x0A, 0x61, 0x74, 0x74, 0x61, 0x63, 0x68, 0x6D, 0x65, 0x6E, 0x74, 0x41, 0x6E, 0x69, 0x6D,
0x61, 0x74, 0x65, 0x64, 0x4F, 0x76, 0x65, 0x72, 0x6C, 0x61, 0x79, 0x43, 0x6F, 0x6C, 0x6F, 0x72,
0x45, 0x4E, 0x45, 0x4D, 0x59, 0x2D, 0x30, 0x3D, 0x31, 0x2E, 0x30, 0x30, 0x30, 0x30, 0x30, 0x30,
0x0D, 0x0A, 0x62, 0x54, 0x68, 0x69, 0x6E, 0x4F, 0x76, 0x65, 0x72, 0x6C, 0x61, 0x79, 0x58, 0x68,
0x61, 0x69, 0x72, 0x58, 0x51, 0x5A, 0x30, 0x31, 0x32, 0x3D, 0x66, 0x61, 0x6C, 0x73, 0x65, 0x0D,
0x0A, 0x61, 0x74, 0x74, 0x61, 0x63, 0x68, 0x6D, 0x65, 0x6E, 0x74, 0x41, 0x6E, 0x69, 0x6D, 0x61,
0x74, 0x65, 0x64, 0x4F, 0x76, 0x65, 0x72, 0x6C, 0x61, 0x79, 0x43, 0x6F, 0x6C, 0x6F, 0x72, 0x45,
0x4E, 0x45, 0x4D, 0x59, 0x2D, 0x31, 0x3D, 0x31, 0x2E, 0x30, 0x30, 0x30, 0x30, 0x30, 0x30, 0x0D,
0x0A, 0x62, 0x41, 0x6E, 0x69, 0x6D, 0x4F, 0x76, 0x65, 0x72, 0x6C, 0x61, 0x79, 0x30, 0x3D, 0x66,
0x61, 0x6C, 0x73, 0x65, 0x0D, 0x0A, 0x61, 0x74, 0x74, 0x61, 0x63, 0x68, 0x6D, 0x65, 0x6E, 0x74,
0x41, 0x6E, 0x69, 0x6D, 0x61, 0x74, 0x65, 0x64, 0x4F, 0x76, 0x65, 0x72, 0x6C, 0x61, 0x79, 0x43,
0x6F, 0x6C, 0x6F, 0x72, 0x45, 0x4E, 0x45, 0x4D, 0x59, 0x2D, 0x32, 0x3D, 0x31, 0x2E, 0x30, 0x30,
0x30, 0x30, 0x30, 0x30, 0x0D, 0x0A, 0x62, 0x41, 0x6E, 0x69, 0x6D, 0x4F, 0x76, 0x65, 0x72, 0x6C,
0x61, 0x79, 0x30, 0x31, 0x3D, 0x66, 0x61, 0x6C, 0x73, 0x65, 0x0D, 0x0A, 0x61, 0x74, 0x74, 0x61,
0x63, 0x68, 0x6D, 0x65, 0x6E, 0x74, 0x41, 0x6E, 0x69, 0x6D, 0x61, 0x74, 0x65, 0x64, 0x4F, 0x76,
0x65, 0x72, 0x6C, 0x61, 0x79, 0x43, 0x6F, 0x6C, 0x6F, 0x72, 0x45, 0x4E, 0x45, 0x4D, 0x59, 0x2D,
0x33, 0x3D, 0x31, 0x2E, 0x30, 0x30, 0x30, 0x30, 0x30, 0x30, 0x0D, 0x0A, 0x62, 0x41, 0x6E, 0x69,
0x6D, 0x4F, 0x76, 0x65, 0x72, 0x6C, 0x61, 0x79, 0x30, 0x31, 0x32, 0x3D, 0x66, 0x61, 0x6C, 0x73,
0x65, 0x0D, 0x0A, 0x61, 0x74, 0x74, 0x61, 0x63, 0x68, 0x6D, 0x65, 0x6E, 0x74, 0x41, 0x6E, 0x69,
0x6D, 0x61, 0x74, 0x65, 0x64, 0x4F, 0x76, 0x65, 0x72, 0x6C, 0x61, 0x79, 0x43, 0x6F, 0x6C, 0x6F,
0x72, 0x54, 0x45, 0x41, 0x4D, 0x2D, 0x30, 0x3D, 0x31, 0x2E, 0x30, 0x30, 0x30, 0x30, 0x30, 0x30,
0x0D, 0x0A, 0x62, 0x41, 0x6E, 0x69, 0x6D, 0x4F, 0x76, 0x65, 0x72, 0x6C, 0x61, 0x79, 0x58, 0x51,
0x5A, 0x30, 0x3D, 0x66, 0x61, 0x6C, 0x73, 0x65, 0x0D, 0x0A, 0x61, 0x74, 0x74, 0x61, 0x63, 0x68,
0x6D, 0x65, 0x6E, 0x74, 0x41, 0x6E, 0x69, 0x6D, 0x61, 0x74, 0x65, 0x64, 0x4F, 0x76, 0x65, 0x72,
0x6C, 0x61, 0x79, 0x43, 0x6F, 0x6C, 0x6F, 0x72, 0x54, 0x45, 0x41, 0x4D, 0x2D, 0x31, 0x3D, 0x31,
0x2E, 0x30, 0x30, 0x30, 0x30, 0x30, 0x30, 0x0D, 0x0A, 0x62, 0x41, 0x6E, 0x69, 0x6D, 0x4F, 0x76,
0x65, 0x72, 0x6C, 0x61, 0x79, 0x58, 0x51, 0x5A, 0x30, 0x31, 0x3D, 0x66, 0x61, 0x6C, 0x73, 0x65,
0x0D, 0x0A, 0x61, 0x74, 0x74, 0x61, 0x63, 0x68, 0x6D, 0x65, 0x6E, 0x74, 0x41, 0x6E, 0x69, 0x6D,
0x61, 0x74, 0x65, 0x64, 0x4F, 0x76, 0x65, 0x72, 0x6C, 0x61, 0x79, 0x43, 0x6F, 0x6C, 0x6F, 0x72,
0x54, 0x45, 0x41, 0x4D, 0x2D, 0x32, 0x3D, 0x31, 0x2E, 0x30, 0x30, 0x30, 0x30, 0x30, 0x30, 0x0D,
0x0A, 0x62, 0x41, 0x6E, 0x69, 0x6D, 0x4F, 0x76, 0x65, 0x72, 0x6C, 0x61, 0x79, 0x58, 0x51, 0x5A,
0x30, 0x31, 0x32, 0x3D, 0x66, 0x61, 0x6C, 0x73, 0x65, 0x0D, 0x0A, 0x61, 0x74, 0x74, 0x61, 0x63,
0x68, 0x6D, 0x65, 0x6E, 0x74, 0x41, 0x6E, 0x69, 0x6D, 0x61, 0x74, 0x65, 0x64, 0x4F, 0x76, 0x65,
0x72, 0x6C, 0x61, 0x79, 0x43, 0x6F, 0x6C, 0x6F, 0x72, 0x54, 0x45, 0x41, 0x4D, 0x2D, 0x33, 0x3D,
0x31, 0x2E, 0x30, 0x30, 0x30, 0x30, 0x30, 0x30, 0x0D, 0x0A, 0x62, 0x41, 0x6E, 0x69, 0x6D, 0x4F,
0x76, 0x65, 0x72, 0x6C, 0x61, 0x79, 0x58, 0x68, 0x61, 0x69, 0x72, 0x30, 0x3D, 0x66, 0x61, 0x6C,
0x73, 0x65, 0x0D, 0x0A, 0x61, 0x74, 0x74, 0x61, 0x63, 0x68, 0x6D, 0x65, 0x6E, 0x74, 0x41, 0x6E,
0x69, 0x6D, 0x61, 0x74, 0x65, 0x64, 0x4F, 0x76, 0x65, 0x72, 0x6C, 0x61, 0x79, 0x43, 0x6F, 0x6C,
0x6F, 0x72, 0x4C, 0x4F, 0x43, 0x41, 0x4C, 0x2D, 0x30, 0x3D, 0x31, 0x2E, 0x30, 0x30, 0x30, 0x30,
0x30, 0x30, 0x0D, 0x0A, 0x62, 0x41, 0x6E, 0x69, 0x6D, 0x4F, 0x76, 0x65, 0x72, 0x6C, 0x61, 0x79,
0x58, 0x68, 0x61, 0x69, 0x72, 0x30, 0x31, 0x3D, 0x66, 0x61, 0x6C, 0x73, 0x65, 0x0D, 0x0A, 0x61,
0x74, 0x74, 0x61, 0x63, 0x68, 0x6D, 0x65, 0x6E, 0x74, 0x41, 0x6E, 0x69, 0x6D, 0x61, 0x74, 0x65,
0x64, 0x4F, 0x76, 0x65, 0x72, 0x6C, 0x61, 0x79, 0x43, 0x6F, 0x6C, 0x6F, 0x72, 0x4C, 0x4F, 0x43,
0x41, 0x4C, 0x2D, 0x31, 0x3D, 0x31, 0x2E, 0x30, 0x30, 0x30, 0x30, 0x30, 0x30, 0x0D, 0x0A, 0x62,
0x41, 0x6E, 0x69, 0x6D, 0x4F, 0x76, 0x65, 0x72, 0x6C, 0x61, 0x79, 0x58, 0x68, 0x61, 0x69, 0x72,
0x30, 0x31, 0x32, 0x3D, 0x66, 0x61, 0x6C, 0x73, 0x65, 0x0D, 0x0A, 0x61, 0x74, 0x74, 0x61, 0x63,
0x68, 0x6D, 0x65, 0x6E, 0x74, 0x41, 0x6E, 0x69, 0x6D, 0x61, 0x74, 0x65, 0x64, 0x4F, 0x76, 0x65,
0x72, 0x6C, 0x61, 0x79, 0x43, 0x6F, 0x6C, 0x6F, 0x72, 0x4C, 0x4F, 0x43, 0x41, 0x4C, 0x2D, 0x32,
0x3D, 0x31, 0x2E, 0x30, 0x30, 0x30, 0x30, 0x30, 0x30, 0x0D, 0x0A, 0x62, 0x41, 0x6E, 0x69, 0x6D,
0x4F, 0x76, 0x65, 0x72, 0x6C, 0x61, 0x79, 0x58, 0x68, 0x61, 0x69, 0x72, 0x58, 0x51, 0x5A, 0x30,
0x3D, 0x66, 0x61, 0x6C, 0x73, 0x65, 0x0D, 0x0A, 0x61, 0x74, 0x74, 0x61, 0x63, 0x68, 0x6D, 0x65,
0x6E, 0x74, 0x41, 0x6E, 0x69, 0x6D, 0x61, 0x74, 0x65, 0x64, 0x4F, 0x76, 0x65, 0x72, 0x6C, 0x61,
0x79, 0x43, 0x6F, 0x6C, 0x6F, 0x72, 0x4C, 0x4F, 0x43, 0x41, 0x4C, 0x2D, 0x33, 0x3D, 0x31, 0x2E,
0x30, 0x30, 0x30, 0x30, 0x30, 0x30, 0x0D, 0x0A, 0x62, 0x41, 0x6E, 0x69, 0x6D, 0x4F, 0x76, 0x65,
0x72, 0x6C, 0x61, 0x79, 0x58, 0x68, 0x61, 0x69, 0x72, 0x58, 0x51, 0x5A, 0x30, 0x31, 0x3D, 0x66,
0x61, 0x6C, 0x73, 0x65, 0x0D, 0x0A, 0x65, 0x6E, 0x65, 0x6D, 0x79, 0x42, 0x54, 0x43, 0x6F, 0x6C,
0x6F, 0x72, 0x52, 0x3D, 0x31, 0x2E, 0x30, 0x30, 0x30, 0x30, 0x30, 0x30, 0x0D, 0x0A, 0x62, 0x41,
0x6E, 0x69, 0x6D, 0x4F, 0x76, 0x65, 0x72, 0x6C, 0x61, 0x79, 0x58, 0x68, 0x61, 0x69, 0x72, 0x58,
0x51, 0x5A, 0x30, 0x31, 0x32, 0x3D, 0x66, 0x61, 0x6C, 0x73, 0x65, 0x0D, 0x0A, 0x65, 0x6E, 0x65,
0x6D, 0x79, 0x42, 0x54, 0x43, 0x6F, 0x6C, 0x6F, 0x72, 0x47, 0x3D, 0x30, 0x2E, 0x30, 0x30, 0x30,
0x30, 0x30, 0x30, 0x0D, 0x0A, 0x62, 0x42, 0x6C, 0x65, 0x6E, 0x64, 0x3D, 0x66, 0x61, 0x6C, 0x73,
0x65, 0x0D, 0x0A, 0x65, 0x6E, 0x65, 0x6D, 0x79, 0x42, 0x54, 0x43, 0x6F, 0x6C, 0x6F, 0x72, 0x42,
0x3D, 0x30, 0x2E, 0x30, 0x30, 0x30, 0x30, 0x30, 0x30, 0x0D, 0x0A, 0x6C, 0x6F, 0x63, 0x61, 0x6C,
0x49, 0x64, 0x65, 0x61, 0x6C, 0x54, 0x69, 0x63, 0x6B, 0x3D, 0x66, 0x61, 0x6C, 0x73, 0x65, 0x0D,
0x0A, 0x65, 0x6E, 0x65, 0x6D, 0x79, 0x42, 0x54, 0x43, 0x6F, 0x6C, 0x6F, 0x72, 0x41, 0x3D, 0x30,
0x2E, 0x35, 0x37, 0x30, 0x30, 0x30, 0x30, 0x0D, 0x0A, 0x6C, 0x6F, 0x63, 0x61, 0x6C, 0x44, 0x65,
0x73, 0x79, 0x6E, 0x63, 0x3D, 0x66, 0x61, 0x6C, 0x73, 0x65, 0x0D, 0x0A, 0x43, 0x68, 0x61, 0x6D,
0x73, 0x43, 0x6F, 0x6C, 0x6F, 0x72, 0x30, 0x2D, 0x30, 0x3D, 0x30, 0x2E, 0x36, 0x38, 0x32, 0x35,
0x32, 0x38, 0x0D, 0x0A, 0x6C, 0x6F, 0x63, 0x61, 0x6C, 0x44, 0x65, 0x73, 0x79, 0x6E, 0x63, 0x58,
0x68, 0x61, 0x69, 0x72, 0x3D, 0x66, 0x61, 0x6C, 0x73, 0x65, 0x0D, 0x0A, 0x43, 0x68, 0x61, 0x6D,
0x73, 0x43, 0x6F, 0x6C, 0x6F, 0x72, 0x30, 0x2D, 0x31, 0x3D, 0x30, 0x2E, 0x36, 0x38, 0x32, 0x35,
0x32, 0x38, 0x0D, 0x0A, 0x6C, 0x6F, 0x63, 0x61, 0x6C, 0x44, 0x65, 0x73, 0x79, 0x6E, 0x63, 0x53,
0x6B, 0x65, 0x6C, 0x65, 0x74, 0x6F, 0x6E, 0x3D, 0x66, 0x61, 0x6C, 0x73, 0x65, 0x0D, 0x0A, 0x43,
0x68, 0x61, 0x6D, 0x73, 0x43, 0x6F, 0x6C, 0x6F, 0x72, 0x30, 0x2D, 0x32, 0x3D, 0x30, 0x2E, 0x37,
0x34, 0x38, 0x34, 0x32, 0x38, 0x0D, 0x0A, 0x76, 0x69, 0x65, 0x77, 0x6D, 0x6F, 0x64, 0x65, 0x6C,
0x3D, 0x66, 0x61, 0x6C, 0x73, 0x65, 0x0D, 0x0A, 0x43, 0x68, 0x61, 0x6D, 0x73, 0x43, 0x6F, 0x6C,
0x6F, 0x72, 0x30, 0x2D, 0x33, 0x3D, 0x31, 0x2E, 0x30, 0x30, 0x30, 0x30, 0x30, 0x30, 0x0D, 0x0A,
0x76, 0x69, 0x65, 0x77, 0x6D, 0x6F, 0x64, 0x65, 0x6C, 0x58, 0x68, 0x61, 0x69, 0x72, 0x3D, 0x66,
0x61, 0x6C, 0x73, 0x65, 0x0D, 0x0A, 0x43, 0x68, 0x61, 0x6D, 0x73, 0x43, 0x6F, 0x6C, 0x6F, 0x72,
0x58, 0x51, 0x5A, 0x30, 0x2D, 0x30, 0x3D, 0x30, 0x2E, 0x36, 0x34, 0x39, 0x35, 0x37, 0x39, 0x0D,
0x0A, 0x76, 0x69, 0x65, 0x77, 0x6D, 0x6F, 0x64, 0x65, 0x6C, 0x4F, 0x76, 0x65, 0x72, 0x6C, 0x61,
0x79, 0x3D, 0x66, 0x61, 0x6C, 0x73, 0x65, 0x0D, 0x0A, 0x43, 0x68, 0x61, 0x6D, 0x73, 0x43, 0x6F,
0x6C, 0x6F, 0x72, 0x58, 0x51, 0x5A, 0x30, 0x2D, 0x31, 0x3D, 0x30, 0x2E, 0x36, 0x34, 0x39, 0x35,
0x37, 0x39, 0x0D, 0x0A, 0x76, 0x69, 0x65, 0x77, 0x6D, 0x6F, 0x64, 0x65, 0x6C, 0x4F, 0x76, 0x65,
0x72, 0x6C, 0x61, 0x79, 0x58, 0x68, 0x61, 0x69, 0x72, 0x3D, 0x66, 0x61, 0x6C, 0x73, 0x65, 0x0D,
0x0A, 0x43, 0x68, 0x61, 0x6D, 0x73, 0x43, 0x6F, 0x6C, 0x6F, 0x72, 0x58, 0x51, 0x5A, 0x30, 0x2D,
0x32, 0x3D, 0x30, 0x2E, 0x38, 0x36, 0x37, 0x39, 0x32, 0x35, 0x0D, 0x0A, 0x76, 0x69, 0x65, 0x77,
0x6D, 0x6F, 0x64, 0x65, 0x6C, 0x54, 0x68, 0x69, 0x6E, 0x4F, 0x76, 0x65, 0x72, 0x6C, 0x61, 0x79,
0x3D, 0x66, 0x61, 0x6C, 0x73, 0x65, 0x0D, 0x0A, 0x43, 0x68, 0x61, 0x6D, 0x73, 0x43, 0x6F, 0x6C,
0x6F, 0x72, 0x58, 0x51, 0x5A, 0x30, 0x2D, 0x33, 0x3D, 0x30, 0x2E, 0x32, 0x32, 0x30, 0x31, 0x32,
0x36, 0x0D, 0x0A, 0x76, 0x69, 0x65, 0x77, 0x6D, 0x6F, 0x64, 0x65, 0x6C, 0x54, 0x68, 0x69, 0x6E,
0x4F, 0x76, 0x65, 0x72, 0x6C, 0x61, 0x79, 0x58, 0x68, 0x61, 0x69, 0x72, 0x3D, 0x66, 0x61, 0x6C,
0x73, 0x65, 0x0D, 0x0A, 0x4F, 0x76, 0x65, 0x72, 0x6C, 0x61, 0x79, 0x43, 0x6F, 0x6C, 0x6F, 0x72,
0x30, 0x2D, 0x30, 0x3D, 0x30, 0x2E, 0x31, 0x30, 0x33, 0x37, 0x31, 0x34, 0x0D, 0x0A, 0x76, 0x69,
0x65, 0x77, 0x6D, 0x6F, 0x64, 0x65, 0x6C, 0x41, 0x6E, 0x69, 0x6D, 0x4F, 0x76, 0x65, 0x72, 0x6C,
0x61, 0x79, 0x3D, 0x66, 0x61, 0x6C, 0x73, 0x65, 0x0D, 0x0A, 0x4F, 0x76, 0x65, 0x72, 0x6C, 0x61,
0x79, 0x43, 0x6F, 0x6C, 0x6F, 0x72, 0x30, 0x2D, 0x31, 0x3D, 0x30, 0x2E, 0x30, 0x30, 0x30, 0x30,
0x30, 0x30, 0x0D, 0x0A, 0x76, 0x69, 0x65, 0x77, 0x6D, 0x6F, 0x64, 0x65, 0x6C, 0x41, 0x6E, 0x69,
0x6D, 0x4F, 0x76, 0x65, 0x72, 0x6C, 0x61, 0x79, 0x58, 0x68, 0x61, 0x69, 0x72, 0x3D, 0x66, 0x61,
0x6C, 0x73, 0x65, 0x0D, 0x0A, 0x4F, 0x76, 0x65, 0x72, 0x6C, 0x61, 0x79, 0x43, 0x6F, 0x6C, 0x6F,
0x72, 0x30, 0x2D, 0x32, 0x3D, 0x30, 0x2E, 0x31, 0x34, 0x34, 0x36, 0x35, 0x34, 0x0D, 0x0A, 0x77,
0x65, 0x61, 0x70, 0x6F, 0x6E, 0x3D, 0x66, 0x61, 0x6C, 0x73, 0x65, 0x0D, 0x0A, 0x4F, 0x76, 0x65,
0x72, 0x6C, 0x61, 0x79, 0x43, 0x6F, 0x6C, 0x6F, 0x72, 0x30, 0x2D, 0x33, 0x3D, 0x31, 0x2E, 0x30,
0x30, 0x30, 0x30, 0x30, 0x30, 0x0D, 0x0A, 0x77, 0x65, 0x61, 0x70, 0x6F, 0x6E, 0x58, 0x68, 0x61,
0x69, 0x72, 0x3D, 0x66, 0x61, 0x6C, 0x73, 0x65, 0x0D, 0x0A, 0x4F, 0x76, 0x65, 0x72, 0x6C, 0x61,
0x79, 0x43, 0x6F, 0x6C, 0x6F, 0x72, 0x58, 0x51, 0x5A, 0x30, 0x2D, 0x30, 0x3D, 0x30, 0x2E, 0x31,
0x30, 0x33, 0x37, 0x31, 0x34, 0x0D, 0x0A, 0x77, 0x65, 0x61, 0x70, 0x6F, 0x6E, 0x4F, 0x76, 0x65,
0x72, 0x6C, 0x61, 0x79, 0x3D, 0x66, 0x61, 0x6C, 0x73, 0x65, 0x0D, 0x0A, 0x4F, 0x76, 0x65, 0x72,
0x6C, 0x61, 0x79, 0x43, 0x6F, 0x6C, 0x6F, 0x72, 0x58, 0x51, 0x5A, 0x30, 0x2D, 0x31, 0x3D, 0x30,
0x2E, 0x30, 0x30, 0x30, 0x30, 0x30, 0x30, 0x0D, 0x0A, 0x77, 0x65, 0x61, 0x70, 0x6F, 0x6E, 0x4F,
0x76, 0x65, 0x72, 0x6C, 0x61, 0x79, 0x58, 0x68, 0x61, 0x69, 0x72, 0x3D, 0x66, 0x61, 0x6C, 0x73,
0x65, 0x0D, 0x0A, 0x4F, 0x76, 0x65, 0x72, 0x6C, 0x61, 0x79, 0x43, 0x6F, 0x6C, 0x6F, 0x72, 0x58,
0x51, 0x5A, 0x30, 0x2D, 0x32, 0x3D, 0x30, 0x2E, 0x31, 0x34, 0x34, 0x36, 0x35, 0x34, 0x0D, 0x0A,
0x77, 0x65, 0x61, 0x70, 0x6F, 0x6E, 0x54, 0x68, 0x69, 0x6E, 0x4F, 0x76, 0x65, 0x72, 0x6C, 0x61,
0x79, 0x3D, 0x66, 0x61, 0x6C, 0x73, 0x65, 0x0D, 0x0A, 0x4F, 0x76, 0x65, 0x72, 0x6C, 0x61, 0x79,
0x43, 0x6F, 0x6C, 0x6F, 0x72, 0x58, 0x51, 0x5A, 0x30, 0x2D, 0x33, 0x3D, 0x31, 0x2E, 0x30, 0x30,
0x30, 0x30, 0x30, 0x30, 0x0D, 0x0A, 0x54, 0x68, 0x69, 0x6E, 0x4F, 0x76, 0x65, 0x72, 0x6C, 0x61,
0x79, 0x43, 0x6F, 0x6C, 0x6F, 0x72, 0x30, 0x2D, 0x30, 0x3D, 0x30, 0x2E, 0x31, 0x34, 0x30, 0x36,
0x39, 0x34, 0x0D, 0x0A, 0x77, 0x65, 0x61, 0x70, 0x6F, 0x6E, 0x41, 0x6E, 0x69, 0x6D, 0x4F, 0x76,
0x65, 0x72, 0x6C, 0x61, 0x79, 0x3D, 0x66, 0x61, 0x6C, 0x73, 0x65, 0x0D, 0x0A, 0x54, 0x68, 0x69,
0x6E, 0x4F, 0x76, 0x65, 0x72, 0x6C, 0x61, 0x79, 0x43, 0x6F, 0x6C, 0x6F, 0x72, 0x30, 0x2D, 0x31,
0x3D, 0x30, 0x2E, 0x31, 0x33, 0x33, 0x31, 0x38, 0x33, 0x0D, 0x0A, 0x77, 0x65, 0x61, 0x70, 0x6F,
0x6E, 0x41, 0x6E, 0x69, 0x6D, 0x4F, 0x76, 0x65, 0x72, 0x6C, 0x61, 0x79, 0x58, 0x68, 0x61, 0x69,
0x72, 0x3D, 0x66, 0x61, 0x6C, 0x73, 0x65, 0x0D, 0x0A, 0x54, 0x68, 0x69, 0x6E, 0x4F, 0x76, 0x65,
0x72, 0x6C, 0x61, 0x79, 0x43, 0x6F, 0x6C, 0x6F, 0x72, 0x30, 0x2D, 0x32, 0x3D, 0x30, 0x2E, 0x32,
0x33, 0x32, 0x37, 0x30, 0x34, 0x0D, 0x0A, 0x70, 0x61, 0x70, 0x65, 0x72, 0x4D, 0x6F, 0x64, 0x65,
0x3D, 0x66, 0x61, 0x6C, 0x73, 0x65, 0x0D, 0x0A, 0x54, 0x68, 0x69, 0x6E, 0x4F, 0x76, 0x65, 0x72,
0x6C, 0x61, 0x79, 0x43, 0x6F, 0x6C, 0x6F, 0x72, 0x30, 0x2D, 0x33, 0x3D, 0x31, 0x2E, 0x30, 0x30,
0x30, 0x30, 0x30, 0x30, 0x0D, 0x0A, 0x54, 0x68, 0x69, 0x6E, 0x4F, 0x76, 0x65, 0x72, 0x6C, 0x61,
0x79, 0x43, 0x6F, 0x6C, 0x6F, 0x72, 0x58, 0x51, 0x5A, 0x30, 0x2D, 0x30, 0x3D, 0x30, 0x2E, 0x31,
0x34, 0x30, 0x36, 0x39, 0x34, 0x0D, 0x0A, 0x54, 0x68, 0x69, 0x6E, 0x4F, 0x76, 0x65, 0x72, 0x6C,
0x61, 0x79, 0x43, 0x6F, 0x6C, 0x6F, 0x72, 0x58, 0x51, 0x5A, 0x30, 0x2D, 0x31, 0x3D, 0x30, 0x2E,
0x31, 0x33, 0x33, 0x31, 0x38, 0x33, 0x0D, 0x0A, 0x54, 0x68, 0x69, 0x6E, 0x4F, 0x76, 0x65, 0x72,
0x6C, 0x61, 0x79, 0x43, 0x6F, 0x6C, 0x6F, 0x72, 0x58, 0x51, 0x5A, 0x30, 0x2D, 0x32, 0x3D, 0x30,
0x2E, 0x32, 0x33, 0x32, 0x37, 0x30, 0x34, 0x0D, 0x0A, 0x54, 0x68, 0x69, 0x6E, 0x4F, 0x76, 0x65,
0x72, 0x6C, 0x61, 0x79, 0x43, 0x6F, 0x6C, 0x6F, 0x72, 0x58, 0x51, 0x5A, 0x30, 0x2D, 0x33, 0x3D,
0x31, 0x2E, 0x30, 0x30, 0x30, 0x30, 0x30, 0x30, 0x0D, 0x0A, 0x41, 0x6E, 0x69, 0x6D, 0x4F, 0x76,
0x65, 0x72, 0x6C, 0x61, 0x79, 0x43, 0x6F, 0x6C, 0x6F, 0x72, 0x30, 0x2D, 0x30, 0x3D, 0x30, 0x2E,
0x31, 0x35, 0x30, 0x39, 0x34, 0x33, 0x0D, 0x0A, 0x41, 0x6E, 0x69, 0x6D, 0x4F, 0x76, 0x65, 0x72,
0x6C, 0x61, 0x79, 0x43, 0x6F, 0x6C, 0x6F, 0x72, 0x30, 0x2D, 0x31, 0x3D, 0x30, 0x2E, 0x30, 0x30,
0x30, 0x30, 0x30, 0x30, 0x0D, 0x0A, 0x41, 0x6E, 0x69, 0x6D, 0x4F, 0x76, 0x65, 0x72, 0x6C, 0x61,
0x79, 0x43, 0x6F, 0x6C, 0x6F, 0x72, 0x30, 0x2D, 0x32, 0x3D, 0x31, 0x2E, 0x30, 0x30, 0x30, 0x30,
0x30, 0x30, 0x0D, 0x0A, 0x41, 0x6E, 0x69, 0x6D, 0x4F, 0x76, 0x65, 0x72, 0x6C, 0x61, 0x79, 0x43,
0x6F, 0x6C, 0x6F, 0x72, 0x30, 0x2D, 0x33, 0x3D, 0x31, 0x2E, 0x30, 0x30, 0x30, 0x30, 0x30, 0x30,
0x0D, 0x0A, 0x41, 0x6E, 0x69, 0x6D, 0x4F, 0x76, 0x65, 0x72, 0x6C, 0x61, 0x79, 0x43, 0x6F, 0x6C,
0x6F, 0x72, 0x58, 0x51, 0x5A, 0x30, 0x2D, 0x30, 0x3D, 0x30, 0x2E, 0x31, 0x35, 0x30, 0x39, 0x34,
0x33, 0x0D, 0x0A, 0x41, 0x6E, 0x69, 0x6D, 0x4F, 0x76, 0x65, 0x72, 0x6C, 0x61, 0x79, 0x43, 0x6F,
0x6C, 0x6F, 0x72, 0x58, 0x51, 0x5A, 0x30, 0x2D, 0x31, 0x3D, 0x30, 0x2E, 0x30, 0x30, 0x30, 0x30,
0x30, 0x30, 0x0D, 0x0A, 0x41, 0x6E, 0x69, 0x6D, 0x4F, 0x76, 0x65, 0x72, 0x6C, 0x61, 0x79, 0x43,
0x6F, 0x6C, 0x6F, 0x72, 0x58, 0x51, 0x5A, 0x30, 0x2D, 0x32, 0x3D, 0x31, 0x2E, 0x30, 0x30, 0x30,
0x30, 0x30, 0x30, 0x0D, 0x0A, 0x41, 0x6E, 0x69, 0x6D, 0x4F, 0x76, 0x65, 0x72, 0x6C, 0x61, 0x79,
0x43, 0x6F, 0x6C, 0x6F, 0x72, 0x58, 0x51, 0x5A, 0x30, 0x2D, 0x33, 0x3D, 0x31, 0x2E, 0x30, 0x30,
0x30, 0x30, 0x30, 0x30, 0x0D, 0x0A, 0x43, 0x68, 0x61, 0x6D, 0x73, 0x43, 0x6F, 0x6C, 0x6F, 0x72,
0x31, 0x2D, 0x30, 0x3D, 0x31, 0x2E, 0x30, 0x30, 0x30, 0x30, 0x30, 0x30, 0x0D, 0x0A, 0x43, 0x68,
0x61, 0x6D, 0x73, 0x43, 0x6F, 0x6C, 0x6F, 0x72, 0x31, 0x2D, 0x31, 0x3D, 0x31, 0x2E, 0x30, 0x30,
0x30, 0x30, 0x30, 0x30, 0x0D, 0x0A, 0x43, 0x68, 0x61, 0x6D, 0x73, 0x43, 0x6F, 0x6C, 0x6F, 0x72,
0x31, 0x2D, 0x32, 0x3D, 0x31, 0x2E, 0x30, 0x30, 0x30, 0x30, 0x30, 0x30, 0x0D, 0x0A, 0x43, 0x68,
0x61, 0x6D, 0x73, 0x43, 0x6F, 0x6C, 0x6F, 0x72, 0x31, 0x2D, 0x33, 0x3D, 0x31, 0x2E, 0x30, 0x30,
0x30, 0x30, 0x30, 0x30, 0x0D, 0x0A, 0x43, 0x68, 0x61, 0x6D, 0x73, 0x43, 0x6F, 0x6C, 0x6F, 0x72,
0x58, 0x51, 0x5A, 0x31, 0x2D, 0x30, 0x3D, 0x31, 0x2E, 0x30, 0x30, 0x30, 0x30, 0x30, 0x30, 0x0D,
0x0A, 0x43, 0x68, 0x61, 0x6D, 0x73, 0x43, 0x6F, 0x6C, 0x6F, 0x72, 0x58, 0x51, 0x5A, 0x31, 0x2D,
0x31, 0x3D, 0x31, 0x2E, 0x30, 0x30, 0x30, 0x30, 0x30, 0x30, 0x0D, 0x0A, 0x43, 0x68, 0x61, 0x6D,
0x73, 0x43, 0x6F, 0x6C, 0x6F, 0x72, 0x58, 0x51, 0x5A, 0x31, 0x2D, 0x32, 0x3D, 0x31, 0x2E, 0x30,
0x30, 0x30, 0x30, 0x30, 0x30, 0x0D, 0x0A, 0x43, 0x68, 0x61, 0x6D, 0x73, 0x43, 0x6F, 0x6C, 0x6F,
0x72, 0x58, 0x51, 0x5A, 0x31, 0x2D, 0x33, 0x3D, 0x31, 0x2E, 0x30, 0x30, 0x30, 0x30, 0x30, 0x30,
0x0D, 0x0A, 0x4F, 0x76, 0x65, 0x72, 0x6C, 0x61, 0x79, 0x43, 0x6F, 0x6C, 0x6F, 0x72, 0x31, 0x2D,
0x30, 0x3D, 0x31, 0x2E, 0x30, 0x30, 0x30, 0x30, 0x30, 0x30, 0x0D, 0x0A, 0x4F, 0x76, 0x65, 0x72,
0x6C, 0x61, 0x79, 0x43, 0x6F, 0x6C, 0x6F, 0x72, 0x31, 0x2D, 0x31, 0x3D, 0x31, 0x2E, 0x30, 0x30,
0x30, 0x30, 0x30, 0x30, 0x0D, 0x0A, 0x4F, 0x76, 0x65, 0x72, 0x6C, 0x61, 0x79, 0x43, 0x6F, 0x6C,
0x6F, 0x72, 0x31, 0x2D, 0x32, 0x3D, 0x31, 0x2E, 0x30, 0x30, 0x30, 0x30, 0x30, 0x30, 0x0D, 0x0A,
0x4F, 0x76, 0x65, 0x72, 0x6C, 0x61, 0x79, 0x43, 0x6F, 0x6C, 0x6F, 0x72, 0x31, 0x2D, 0x33, 0x3D,
0x31, 0x2E, 0x30, 0x30, 0x30, 0x30, 0x30, 0x30, 0x0D, 0x0A, 0x4F, 0x76, 0x65, 0x72, 0x6C, 0x61,
0x79, 0x43, 0x6F, 0x6C, 0x6F, 0x72, 0x58, 0x51, 0x5A, 0x31, 0x2D, 0x30, 0x3D, 0x31, 0x2E, 0x30,
0x30, 0x30, 0x30, 0x30, 0x30, 0x0D, 0x0A, 0x4F, 0x76, 0x65, 0x72, 0x6C, 0x61, 0x79, 0x43, 0x6F,
0x6C, 0x6F, 0x72, 0x58, 0x51, 0x5A, 0x31, 0x2D, 0x31, 0x3D, 0x31, 0x2E, 0x30, 0x30, 0x30, 0x30,
0x30, 0x30, 0x0D, 0x0A, 0x4F, 0x76, 0x65, 0x72, 0x6C, 0x61, 0x79, 0x43, 0x6F, 0x6C, 0x6F, 0x72,
0x58, 0x51, 0x5A, 0x31, 0x2D, 0x32, 0x3D, 0x31, 0x2E, 0x30, 0x30, 0x30, 0x30, 0x30, 0x30, 0x0D,
0x0A, 0x4F, 0x76, 0x65, 0x72, 0x6C, 0x61, 0x79, 0x43, 0x6F, 0x6C, 0x6F, 0x72, 0x58, 0x51, 0x5A,
0x31, 0x2D, 0x33, 0x3D, 0x31, 0x2E, 0x30, 0x30, 0x30, 0x30, 0x30, 0x30, 0x0D, 0x0A, 0x54, 0x68,
0x69, 0x6E, 0x4F, 0x76, 0x65, 0x72, 0x6C, 0x61, 0x79, 0x43, 0x6F, 0x6C, 0x6F, 0x72, 0x31, 0x2D,
0x30, 0x3D, 0x31, 0x2E, 0x30, 0x30, 0x30, 0x30, 0x30, 0x30, 0x0D, 0x0A, 0x54, 0x68, 0x69, 0x6E,
0x4F, 0x76, 0x65, 0x72, 0x6C, 0x61, 0x79, 0x43, 0x6F, 0x6C, 0x6F, 0x72, 0x31, 0x2D, 0x31, 0x3D,
0x31, 0x2E, 0x30, 0x30, 0x30, 0x30, 0x30, 0x30, 0x0D, 0x0A, 0x54, 0x68, 0x69, 0x6E, 0x4F, 0x76,
0x65, 0x72, 0x6C, 0x61, 0x79, 0x43, 0x6F, 0x6C, 0x6F, 0x72, 0x31, 0x2D, 0x32, 0x3D, 0x31, 0x2E,
0x30, 0x30, 0x30, 0x30, 0x30, 0x30, 0x0D, 0x0A, 0x54, 0x68, 0x69, 0x6E, 0x4F, 0x76, 0x65, 0x72,
0x6C, 0x61, 0x79, 0x43, 0x6F, 0x6C, 0x6F, 0x72, 0x31, 0x2D, 0x33, 0x3D, 0x31, 0x2E, 0x30, 0x30,
0x30, 0x30, 0x30, 0x30, 0x0D, 0x0A, 0x54, 0x68, 0x69, 0x6E, 0x4F, 0x76, 0x65, 0x72, 0x6C, 0x61,
0x79, 0x43, 0x6F, 0x6C, 0x6F, 0x72, 0x58, 0x51, 0x5A, 0x31, 0x2D, 0x30, 0x3D, 0x31, 0x2E, 0x30,
0x30, 0x30, 0x30, 0x30, 0x30, 0x0D, 0x0A, 0x54, 0x68, 0x69, 0x6E, 0x4F, 0x76, 0x65, 0x72, 0x6C,
0x61, 0x79, 0x43, 0x6F, 0x6C, 0x6F, 0x72, 0x58, 0x51, 0x5A, 0x31, 0x2D, 0x31, 0x3D, 0x31, 0x2E,
0x30, 0x30, 0x30, 0x30, 0x30, 0x30, 0x0D, 0x0A, 0x54, 0x68, 0x69, 0x6E, 0x4F, 0x76, 0x65, 0x72,
0x6C, 0x61, 0x79, 0x43, 0x6F, 0x6C, 0x6F, 0x72, 0x58, 0x51, 0x5A, 0x31, 0x2D, 0x32, 0x3D, 0x31,
0x2E, 0x30, 0x30, 0x30, 0x30, 0x30, 0x30, 0x0D, 0x0A, 0x54, 0x68, 0x69, 0x6E, 0x4F, 0x76, 0x65,
0x72, 0x6C, 0x61, 0x79, 0x43, 0x6F, 0x6C, 0x6F, 0x72, 0x58, 0x51, 0x5A, 0x31, 0x2D, 0x33, 0x3D,
0x31, 0x2E, 0x30, 0x30, 0x30, 0x30, 0x30, 0x30, 0x0D, 0x0A, 0x41, 0x6E, 0x69, 0x6D, 0x4F, 0x76,
0x65, 0x72, 0x6C, 0x61, 0x79, 0x43, 0x6F, 0x6C, 0x6F, 0x72, 0x31, 0x2D, 0x30, 0x3D, 0x31, 0x2E,
0x30, 0x30, 0x30, 0x30, 0x30, 0x30, 0x0D, 0x0A, 0x41, 0x6E, 0x69, 0x6D, 0x4F, 0x76, 0x65, 0x72,
0x6C, 0x61, 0x79, 0x43, 0x6F, 0x6C, 0x6F, 0x72, 0x31, 0x2D, 0x31, 0x3D, 0x31, 0x2E, 0x30, 0x30,
0x30, 0x30, 0x30, 0x30, 0x0D, 0x0A, 0x41, 0x6E, 0x69, 0x6D, 0x4F, 0x76, 0x65, 0x72, 0x6C, 0x61,
0x79, 0x43, 0x6F, 0x6C, 0x6F, 0x72, 0x31, 0x2D, 0x32, 0x3D, 0x31, 0x2E, 0x30, 0x30, 0x30, 0x30,
0x30, 0x30, 0x0D, 0x0A, 0x41, 0x6E, 0x69, 0x6D, 0x4F, 0x76, 0x65, 0x72, 0x6C, 0x61, 0x79, 0x43,
0x6F, 0x6C, 0x6F, 0x72, 0x31, 0x2D, 0x33, 0x3D, 0x31, 0x2E, 0x30, 0x30, 0x30, 0x30, 0x30, 0x30,
0x0D, 0x0A, 0x41, 0x6E, 0x69, 0x6D, 0x4F, 0x76, 0x65, 0x72, 0x6C, 0x61, 0x79, 0x43, 0x6F, 0x6C,
0x6F, 0x72, 0x58, 0x51, 0x5A, 0x31, 0x2D, 0x30, 0x3D, 0x31, 0x2E, 0x30, 0x30, 0x30, 0x30, 0x30,
0x30, 0x0D, 0x0A, 0x41, 0x6E, 0x69, 0x6D, 0x4F, 0x76, 0x65, 0x72, 0x6C, 0x61, 0x79, 0x43, 0x6F,
0x6C, 0x6F, 0x72, 0x58, 0x51, 0x5A, 0x31, 0x2D, 0x31, 0x3D, 0x31, 0x2E, 0x30, 0x30, 0x30, 0x30,
0x30, 0x30, 0x0D, 0x0A, 0x41, 0x6E, 0x69, 0x6D, 0x4F, 0x76, 0x65, 0x72, 0x6C, 0x61, 0x79, 0x43,
0x6F, 0x6C, 0x6F, 0x72, 0x58, 0x51, 0x5A, 0x31, 0x2D, 0x32, 0x3D, 0x31, 0x2E, 0x30, 0x30, 0x30,
0x30, 0x30, 0x30, 0x0D, 0x0A, 0x41, 0x6E, 0x69, 0x6D, 0x4F, 0x76, 0x65, 0x72, 0x6C, 0x61, 0x79,
0x43, 0x6F, 0x6C, 0x6F, 0x72, 0x58, 0x51, 0x5A, 0x31, 0x2D, 0x33, 0x3D, 0x31, 0x2E, 0x30, 0x30,
0x30, 0x30, 0x30, 0x30, 0x0D, 0x0A, 0x43, 0x68, 0x61, 0x6D, 0x73, 0x43, 0x6F, 0x6C, 0x6F, 0x72,
0x32, 0x2D, 0x30, 0x3D, 0x30, 0x2E, 0x35, 0x39, 0x37, 0x34, 0x38, 0x34, 0x0D, 0x0A, 0x43, 0x68,
0x61, 0x6D, 0x73, 0x43, 0x6F, 0x6C, 0x6F, 0x72, 0x32, 0x2D, 0x31, 0x3D, 0x30, 0x2E, 0x35, 0x39,
0x37, 0x34, 0x38, 0x34, 0x0D, 0x0A, 0x43, 0x68, 0x61, 0x6D, 0x73, 0x43, 0x6F, 0x6C, 0x6F, 0x72,
0x32, 0x2D, 0x32, 0x3D, 0x30, 0x2E, 0x35, 0x39, 0x37, 0x34, 0x38, 0x34, 0x0D, 0x0A, 0x43, 0x68,
0x61, 0x6D, 0x73, 0x43, 0x6F, 0x6C, 0x6F, 0x72, 0x32, 0x2D, 0x33, 0x3D, 0x31, 0x2E, 0x30, 0x30,
0x30, 0x30, 0x30, 0x30, 0x0D, 0x0A, 0x43, 0x68, 0x61, 0x6D, 0x73, 0x43, 0x6F, 0x6C, 0x6F, 0x72,
0x58, 0x51, 0x5A, 0x32, 0x2D, 0x30, 0x3D, 0x30, 0x2E, 0x35, 0x39, 0x37, 0x34, 0x38, 0x34, 0x0D,
0x0A, 0x43, 0x68, 0x61, 0x6D, 0x73, 0x43, 0x6F, 0x6C, 0x6F, 0x72, 0x58, 0x51, 0x5A, 0x32, 0x2D,
0x31, 0x3D, 0x30, 0x2E, 0x35, 0x39, 0x37, 0x34, 0x38, 0x34, 0x0D, 0x0A, 0x43, 0x68, 0x61, 0x6D,
0x73, 0x43, 0x6F, 0x6C, 0x6F, 0x72, 0x58, 0x51, 0x5A, 0x32, 0x2D, 0x32, 0x3D, 0x30, 0x2E, 0x35,
0x39, 0x37, 0x34, 0x38, 0x34, 0x0D, 0x0A, 0x43, 0x68, 0x61, 0x6D, 0x73, 0x43, 0x6F, 0x6C, 0x6F,
0x72, 0x58, 0x51, 0x5A, 0x32, 0x2D, 0x33, 0x3D, 0x31, 0x2E, 0x30, 0x30, 0x30, 0x30, 0x30, 0x30,
0x0D, 0x0A, 0x4F, 0x76, 0x65, 0x72, 0x6C, 0x61, 0x79, 0x43, 0x6F, 0x6C, 0x6F, 0x72, 0x32, 0x2D,
0x30, 0x3D, 0x30, 0x2E, 0x30, 0x39, 0x30, 0x34, 0x37, 0x37, 0x0D, 0x0A, 0x4F, 0x76, 0x65, 0x72,
0x6C, 0x61, 0x79, 0x43, 0x6F, 0x6C, 0x6F, 0x72, 0x32, 0x2D, 0x31, 0x3D, 0x30, 0x2E, 0x30, 0x38,
0x36, 0x36, 0x32, 0x36, 0x0D, 0x0A, 0x4F, 0x76, 0x65, 0x72, 0x6C, 0x61, 0x79, 0x43, 0x6F, 0x6C,
0x6F, 0x72, 0x32, 0x2D, 0x32, 0x3D, 0x30, 0x2E, 0x31, 0x38, 0x38, 0x36, 0x37, 0x39, 0x0D, 0x0A,
0x4F, 0x76, 0x65, 0x72, 0x6C, 0x61, 0x79, 0x43, 0x6F, 0x6C, 0x6F, 0x72, 0x32, 0x2D, 0x33, 0x3D,
0x31, 0x2E, 0x30, 0x30, 0x30, 0x30, 0x30, 0x30, 0x0D, 0x0A, 0x4F, 0x76, 0x65, 0x72, 0x6C, 0x61,
0x79, 0x43, 0x6F, 0x6C, 0x6F, 0x72, 0x58, 0x51, 0x5A, 0x32, 0x2D, 0x30, 0x3D, 0x31, 0x2E, 0x30,
0x30, 0x30, 0x30, 0x30, 0x30, 0x0D, 0x0A, 0x4F, 0x76, 0x65, 0x72, 0x6C, 0x61, 0x79, 0x43, 0x6F,
0x6C, 0x6F, 0x72, 0x58, 0x51, 0x5A, 0x32, 0x2D, 0x31, 0x3D, 0x31, 0x2E, 0x30, 0x30, 0x30, 0x30,
0x30, 0x30, 0x0D, 0x0A, 0x4F, 0x76, 0x65, 0x72, 0x6C, 0x61, 0x79, 0x43, 0x6F, 0x6C, 0x6F, 0x72,
0x58, 0x51, 0x5A, 0x32, 0x2D, 0x32, 0x3D, 0x31, 0x2E, 0x30, 0x30, 0x30, 0x30, 0x30, 0x30, 0x0D,
0x0A, 0x4F, 0x76, 0x65, 0x72, 0x6C, 0x61, 0x79, 0x43, 0x6F, 0x6C, 0x6F, 0x72, 0x58, 0x51, 0x5A,
0x32, 0x2D, 0x33, 0x3D, 0x31, 0x2E, 0x30, 0x30, 0x30, 0x30, 0x30, 0x30, 0x0D, 0x0A, 0x54, 0x68,
0x69, 0x6E, 0x4F, 0x76, 0x65, 0x72, 0x6C, 0x61, 0x79, 0x43, 0x6F, 0x6C, 0x6F, 0x72, 0x32, 0x2D,
0x30, 0x3D, 0x31, 0x2E, 0x30, 0x30, 0x30, 0x30, 0x30, 0x30, 0x0D, 0x0A, 0x54, 0x68, 0x69, 0x6E,
0x4F, 0x76, 0x65, 0x72, 0x6C, 0x61, 0x79, 0x43, 0x6F, 0x6C, 0x6F, 0x72, 0x32, 0x2D, 0x31, 0x3D,
0x31, 0x2E, 0x30, 0x30, 0x30, 0x30, 0x30, 0x30, 0x0D, 0x0A, 0x54, 0x68, 0x69, 0x6E, 0x4F, 0x76,
0x65, 0x72, 0x6C, 0x61, 0x79, 0x43, 0x6F, 0x6C, 0x6F, 0x72, 0x32, 0x2D, 0x32, 0x3D, 0x31, 0x2E,
0x30, 0x30, 0x30, 0x30, 0x30, 0x30, 0x0D, 0x0A, 0x54, 0x68, 0x69, 0x6E, 0x4F, 0x76, 0x65, 0x72,
0x6C, 0x61, 0x79, 0x43, 0x6F, 0x6C, 0x6F, 0x72, 0x32, 0x2D, 0x33, 0x3D, 0x31, 0x2E, 0x30, 0x30,
0x30, 0x30, 0x30, 0x30, 0x0D, 0x0A, 0x54, 0x68, 0x69, 0x6E, 0x4F, 0x76, 0x65, 0x72, 0x6C, 0x61,
0x79, 0x43, 0x6F, 0x6C, 0x6F, 0x72, 0x58, 0x51, 0x5A, 0x32, 0x2D, 0x30, 0x3D, 0x31, 0x2E, 0x30,
0x30, 0x30, 0x30, 0x30, 0x30, 0x0D, 0x0A, 0x54, 0x68, 0x69, 0x6E, 0x4F, 0x76, 0x65, 0x72, 0x6C,
0x61, 0x79, 0x43, 0x6F, 0x6C, 0x6F, 0x72, 0x58, 0x51, 0x5A, 0x32, 0x2D, 0x31, 0x3D, 0x31, 0x2E,
0x30, 0x30, 0x30, 0x30, 0x30, 0x30, 0x0D, 0x0A, 0x54, 0x68, 0x69, 0x6E, 0x4F, 0x76, 0x65, 0x72,
0x6C, 0x61, 0x79, 0x43, 0x6F, 0x6C, 0x6F, 0x72, 0x58, 0x51, 0x5A, 0x32, 0x2D, 0x32, 0x3D, 0x31,
0x2E, 0x30, 0x30, 0x30, 0x30, 0x30, 0x30, 0x0D, 0x0A, 0x54, 0x68, 0x69, 0x6E, 0x4F, 0x76, 0x65,
0x72, 0x6C, 0x61, 0x79, 0x43, 0x6F, 0x6C, 0x6F, 0x72, 0x58, 0x51, 0x5A, 0x32, 0x2D, 0x33, 0x3D,
0x31, 0x2E, 0x30, 0x30, 0x30, 0x30, 0x30, 0x30, 0x0D, 0x0A, 0x41, 0x6E, 0x69, 0x6D, 0x4F, 0x76,
0x65, 0x72, 0x6C, 0x61, 0x79, 0x43, 0x6F, 0x6C, 0x6F, 0x72, 0x32, 0x2D, 0x30, 0x3D, 0x31, 0x2E,
0x30, 0x30, 0x30, 0x30, 0x30, 0x30, 0x0D, 0x0A, 0x41, 0x6E, 0x69, 0x6D, 0x4F, 0x76, 0x65, 0x72,
0x6C, 0x61, 0x79, 0x43, 0x6F, 0x6C, 0x6F, 0x72, 0x32, 0x2D, 0x31, 0x3D, 0x31, 0x2E, 0x30, 0x30,
0x30, 0x30, 0x30, 0x30, 0x0D, 0x0A, 0x41, 0x6E, 0x69, 0x6D, 0x4F, 0x76, 0x65, 0x72, 0x6C, 0x61,
0x79, 0x43, 0x6F, 0x6C, 0x6F, 0x72, 0x32, 0x2D, 0x32, 0x3D, 0x31, 0x2E, 0x30, 0x30, 0x30, 0x30,
0x30, 0x30, 0x0D, 0x0A, 0x41, 0x6E, 0x69, 0x6D, 0x4F, 0x76, 0x65, 0x72, 0x6C, 0x61, 0x79, 0x43,
0x6F, 0x6C, 0x6F, 0x72, 0x32, 0x2D, 0x33, 0x3D, 0x31, 0x2E, 0x30, 0x30, 0x30, 0x30, 0x30, 0x30,
0x0D, 0x0A, 0x41, 0x6E, 0x69, 0x6D, 0x4F, 0x76, 0x65, 0x72, 0x6C, 0x61, 0x79, 0x43, 0x6F, 0x6C,
0x6F, 0x72, 0x58, 0x51, 0x5A, 0x32, 0x2D, 0x30, 0x3D, 0x31, 0x2E, 0x30, 0x30, 0x30, 0x30, 0x30,
0x30, 0x0D, 0x0A, 0x41, 0x6E, 0x69, 0x6D, 0x4F, 0x76, 0x65, 0x72, 0x6C, 0x61, 0x79, 0x43, 0x6F,
0x6C, 0x6F, 0x72, 0x58, 0x51, 0x5A, 0x32, 0x2D, 0x31, 0x3D, 0x31, 0x2E, 0x30, 0x30, 0x30, 0x30,
0x30, 0x30, 0x0D, 0x0A, 0x41, 0x6E, 0x69, 0x6D, 0x4F, 0x76, 0x65, 0x72, 0x6C, 0x61, 0x79, 0x43,
0x6F, 0x6C, 0x6F, 0x72, 0x58, 0x51, 0x5A, 0x32, 0x2D, 0x32, 0x3D, 0x31, 0x2E, 0x30, 0x30, 0x30,
0x30, 0x30, 0x30, 0x0D, 0x0A, 0x41, 0x6E, 0x69, 0x6D, 0x4F, 0x76, 0x65, 0x72, 0x6C, 0x61, 0x79,
0x43, 0x6F, 0x6C, 0x6F, 0x72, 0x58, 0x51, 0x5A, 0x32, 0x2D, 0x33, 0x3D, 0x31, 0x2E, 0x30, 0x30,
0x30, 0x30, 0x30, 0x30, 0x0D, 0x0A, 0x66, 0x6C, 0x42, 0x6C, 0x65, 0x6E, 0x64, 0x3D, 0x30, 0x2E,
0x30, 0x30, 0x30, 0x30, 0x30, 0x30, 0x0D, 0x0A, 0x6C, 0x6F, 0x63, 0x61, 0x6C, 0x49, 0x64, 0x65,
0x61, 0x6C, 0x54, 0x69, 0x63, 0x6B, 0x43, 0x6F, 0x6C, 0x6F, 0x72, 0x52, 0x3D, 0x30, 0x2E, 0x35,
0x30, 0x38, 0x30, 0x30, 0x30, 0x0D, 0x0A, 0x6C, 0x6F, 0x63, 0x61, 0x6C, 0x49, 0x64, 0x65, 0x61,
0x6C, 0x54, 0x69, 0x63, 0x6B, 0x43, 0x6F, 0x6C, 0x6F, 0x72, 0x47, 0x3D, 0x30, 0x2E, 0x39, 0x38,
0x32, 0x30, 0x30, 0x30, 0x0D, 0x0A, 0x6C, 0x6F, 0x63, 0x61, 0x6C, 0x49, 0x64, 0x65, 0x61, 0x6C,
0x54, 0x69, 0x63, 0x6B, 0x43, 0x6F, 0x6C, 0x6F, 0x72, 0x42, 0x3D, 0x31, 0x2E, 0x30, 0x30, 0x30,
0x30, 0x30, 0x30, 0x0D, 0x0A, 0x6C, 0x6F, 0x63, 0x61, 0x6C, 0x49, 0x64, 0x65, 0x61, 0x6C, 0x54,
0x69, 0x63, 0x6B, 0x43, 0x6F, 0x6C, 0x6F, 0x72, 0x41, 0x3D, 0x31, 0x2E, 0x30, 0x30, 0x30, 0x30,
0x30, 0x30, 0x0D, 0x0A, 0x6C, 0x6F, 0x63, 0x61, 0x6C, 0x44, 0x65, 0x73, 0x79, 0x6E, 0x63, 0x43,
0x6F, 0x6C, 0x6F, 0x72, 0x52, 0x3D, 0x30, 0x2E, 0x34, 0x38, 0x30, 0x30, 0x30, 0x30, 0x0D, 0x0A,
0x6C, 0x6F, 0x63, 0x61, 0x6C, 0x44, 0x65, 0x73, 0x79, 0x6E, 0x63, 0x43, 0x6F, 0x6C, 0x6F, 0x72,
0x47, 0x3D, 0x30, 0x2E, 0x36, 0x33, 0x34, 0x30, 0x30, 0x30, 0x0D, 0x0A, 0x6C, 0x6F, 0x63, 0x61,
0x6C, 0x44, 0x65, 0x73, 0x79, 0x6E, 0x63, 0x43, 0x6F, 0x6C, 0x6F, 0x72, 0x42, 0x3D, 0x30, 0x2E,
0x38, 0x31, 0x33, 0x30, 0x30, 0x30, 0x0D, 0x0A, 0x6C, 0x6F, 0x63, 0x61, 0x6C, 0x44, 0x65, 0x73,
0x79, 0x6E, 0x63, 0x43, 0x6F, 0x6C, 0x6F, 0x72, 0x41, 0x3D, 0x30, 0x2E, 0x38, 0x36, 0x38, 0x30,
0x30, 0x30, 0x0D, 0x0A, 0x76, 0x69, 0x65, 0x77, 0x6D, 0x6F, 0x64, 0x65, 0x6C, 0x43, 0x6F, 0x6C,
0x6F, 0x72, 0x52, 0x3D, 0x30, 0x2E, 0x30, 0x30, 0x30, 0x30, 0x30, 0x30, 0x0D, 0x0A, 0x76, 0x69,
0x65, 0x77, 0x6D, 0x6F, 0x64, 0x65, 0x6C, 0x43, 0x6F, 0x6C, 0x6F, 0x72, 0x47, 0x3D, 0x30, 0x2E,
0x34, 0x32, 0x32, 0x30, 0x30, 0x30, 0x0D, 0x0A, 0x76, 0x69, 0x65, 0x77, 0x6D, 0x6F, 0x64, 0x65,
0x6C, 0x43, 0x6F, 0x6C, 0x6F, 0x72, 0x42, 0x3D, 0x31, 0x2E, 0x30, 0x30, 0x30, 0x30, 0x30, 0x30,
0x0D, 0x0A, 0x76, 0x69, 0x65, 0x77, 0x6D, 0x6F, 0x64, 0x65, 0x6C, 0x43, 0x6F, 0x6C, 0x6F, 0x72,
0x41, 0x3D, 0x30, 0x2E, 0x32, 0x35, 0x38, 0x30, 0x30, 0x30, 0x0D, 0x0A, 0x76, 0x69, 0x65, 0x77,
0x6D, 0x6F, 0x64, 0x65, 0x6C, 0x4F, 0x76, 0x65, 0x72, 0x6C, 0x61, 0x79, 0x43, 0x6F, 0x6C, 0x6F,
0x72, 0x52, 0x3D, 0x30, 0x2E, 0x30, 0x36, 0x34, 0x30, 0x30, 0x30, 0x0D, 0x0A, 0x76, 0x69, 0x65,
0x77, 0x6D, 0x6F, 0x64, 0x65, 0x6C, 0x4F, 0x76, 0x65, 0x72, 0x6C, 0x61, 0x79, 0x43, 0x6F, 0x6C,
0x6F, 0x72, 0x47, 0x3D, 0x30, 0x2E, 0x30, 0x32, 0x31, 0x30, 0x30, 0x30, 0x0D, 0x0A, 0x76, 0x69,
0x65, 0x77, 0x6D, 0x6F, 0x64, 0x65, 0x6C, 0x4F, 0x76, 0x65, 0x72, 0x6C, 0x61, 0x79, 0x43, 0x6F,
0x6C, 0x6F, 0x72, 0x42, 0x3D, 0x30, 0x2E, 0x30, 0x32, 0x31, 0x30, 0x30, 0x30, 0x0D, 0x0A, 0x76,
0x69, 0x65, 0x77, 0x6D, 0x6F, 0x64, 0x65, 0x6C, 0x4F, 0x76, 0x65, 0x72, 0x6C, 0x61, 0x79, 0x43,
0x6F, 0x6C, 0x6F, 0x72, 0x41, 0x3D, 0x31, 0x2E, 0x30, 0x30, 0x30, 0x30, 0x30, 0x30, 0x0D, 0x0A,
0x76, 0x69, 0x65, 0x77, 0x6D, 0x6F, 0x64, 0x65, 0x6C, 0x54, 0x68, 0x69, 0x6E, 0x4F, 0x76, 0x65,
0x72, 0x6C, 0x61, 0x79, 0x43, 0x6F, 0x6C, 0x6F, 0x72, 0x52, 0x3D, 0x30, 0x2E, 0x37, 0x37, 0x31,
0x30, 0x30, 0x30, 0x0D, 0x0A, 0x76, 0x69, 0x65, 0x77, 0x6D, 0x6F, 0x64, 0x65, 0x6C, 0x54, 0x68,
0x69, 0x6E, 0x4F, 0x76, 0x65, 0x72, 0x6C, 0x61, 0x79, 0x43, 0x6F, 0x6C, 0x6F, 0x72, 0x47, 0x3D,
0x30, 0x2E, 0x37, 0x37, 0x31, 0x30, 0x30, 0x30, 0x0D, 0x0A, 0x76, 0x69, 0x65, 0x77, 0x6D, 0x6F,
0x64, 0x65, 0x6C, 0x54, 0x68, 0x69, 0x6E, 0x4F, 0x76, 0x65, 0x72, 0x6C, 0x61, 0x79, 0x43, 0x6F,
0x6C, 0x6F, 0x72, 0x42, 0x3D, 0x30, 0x2E, 0x37, 0x37, 0x31, 0x30, 0x30, 0x30, 0x0D, 0x0A, 0x76,
0x69, 0x65, 0x77, 0x6D, 0x6F, 0x64, 0x65, 0x6C, 0x54, 0x68, 0x69, 0x6E, 0x4F, 0x76, 0x65, 0x72,
0x6C, 0x61, 0x79, 0x43, 0x6F, 0x6C, 0x6F, 0x72, 0x41, 0x3D, 0x31, 0x2E, 0x30, 0x30, 0x30, 0x30,
0x30, 0x30, 0x0D, 0x0A, 0x76, 0x69, 0x65, 0x77, 0x6D, 0x6F, 0x64, 0x65, 0x6C, 0x41, 0x6E, 0x69,
0x6D, 0x4F, 0x76, 0x65, 0x72, 0x6C, 0x61, 0x79, 0x43, 0x6F, 0x6C, 0x6F, 0x72, 0x52, 0x3D, 0x30,
0x2E, 0x35, 0x30, 0x31, 0x30, 0x30, 0x30, 0x0D, 0x0A, 0x76, 0x69, 0x65, 0x77, 0x6D, 0x6F, 0x64,
0x65, 0x6C, 0x41, 0x6E, 0x69, 0x6D, 0x4F, 0x76, 0x65, 0x72, 0x6C, 0x61, 0x79, 0x43, 0x6F, 0x6C,
0x6F, 0x72, 0x47, 0x3D, 0x30, 0x2E, 0x32, 0x33, 0x37, 0x30, 0x30, 0x30, 0x0D, 0x0A, 0x76, 0x69,
0x65, 0x77, 0x6D, 0x6F, 0x64, 0x65, 0x6C, 0x41, 0x6E, 0x69, 0x6D, 0x4F, 0x76, 0x65, 0x72, 0x6C,
0x61, 0x79, 0x43, 0x6F, 0x6C, 0x6F, 0x72, 0x42, 0x3D, 0x30, 0x2E, 0x32, 0x33, 0x37, 0x30, 0x30,
0x30, 0x0D, 0x0A, 0x76, 0x69, 0x65, 0x77, 0x6D, 0x6F, 0x64, 0x65, 0x6C, 0x41, 0x6E, 0x69, 0x6D,
0x4F, 0x76, 0x65, 0x72, 0x6C, 0x61, 0x79, 0x43, 0x6F, 0x6C, 0x6F, 0x72, 0x41, 0x3D, 0x31, 0x2E,
0x30, 0x30, 0x30, 0x30, 0x30, 0x30, 0x0D, 0x0A, 0x77, 0x65, 0x61, 0x70, 0x6F, 0x6E, 0x43, 0x6F,
0x6C, 0x6F, 0x72, 0x52, 0x3D, 0x30, 0x2E, 0x34, 0x31, 0x31, 0x30, 0x30, 0x30, 0x0D, 0x0A, 0x77,
0x65, 0x61, 0x70, 0x6F, 0x6E, 0x43, 0x6F, 0x6C, 0x6F, 0x72, 0x47, 0x3D, 0x30, 0x2E, 0x34, 0x31,
0x31, 0x30, 0x30, 0x30, 0x0D, 0x0A, 0x77, 0x65, 0x61, 0x70, 0x6F, 0x6E, 0x43, 0x6F, 0x6C, 0x6F,
0x72, 0x42, 0x3D, 0x30, 0x2E, 0x34, 0x31, 0x31, 0x30, 0x30, 0x30, 0x0D, 0x0A, 0x77, 0x65, 0x61,
0x70, 0x6F, 0x6E, 0x43, 0x6F, 0x6C, 0x6F, 0x72, 0x41, 0x3D, 0x31, 0x2E, 0x30, 0x30, 0x30, 0x30,
0x30, 0x30, 0x0D, 0x0A, 0x77, 0x65, 0x61, 0x70, 0x6F, 0x6E, 0x4F, 0x76, 0x65, 0x72, 0x6C, 0x61,
0x79, 0x43, 0x6F, 0x6C, 0x6F, 0x72, 0x52, 0x3D, 0x30, 0x2E, 0x30, 0x35, 0x34, 0x30, 0x30, 0x30,
0x0D, 0x0A, 0x77, 0x65, 0x61, 0x70, 0x6F, 0x6E, 0x4F, 0x76, 0x65, 0x72, 0x6C, 0x61, 0x79, 0x43,
0x6F, 0x6C, 0x6F, 0x72, 0x47, 0x3D, 0x30, 0x2E, 0x30, 0x35, 0x36, 0x30, 0x30, 0x30, 0x0D, 0x0A,
0x77, 0x65, 0x61, 0x70, 0x6F, 0x6E, 0x4F, 0x76, 0x65, 0x72, 0x6C, 0x61, 0x79, 0x43, 0x6F, 0x6C,
0x6F, 0x72, 0x42, 0x3D, 0x30, 0x2E, 0x30, 0x39, 0x32, 0x30, 0x30, 0x30, 0x0D, 0x0A, 0x77, 0x65,
0x61, 0x70, 0x6F, 0x6E, 0x4F, 0x76, 0x65, 0x72, 0x6C, 0x61, 0x79, 0x43, 0x6F, 0x6C, 0x6F, 0x72,
0x41, 0x3D, 0x31, 0x2E, 0x30, 0x30, 0x30, 0x30, 0x30, 0x30, 0x0D, 0x0A, 0x77, 0x65, 0x61, 0x70,
0x6F, 0x6E, 0x54, 0x68, 0x69, 0x6E, 0x4F, 0x76, 0x65, 0x72, 0x6C, 0x61, 0x79, 0x43, 0x6F, 0x6C,
0x6F, 0x72, 0x52, 0x3D, 0x30, 0x2E, 0x30, 0x30, 0x38, 0x30, 0x30, 0x30, 0x0D, 0x0A, 0x77, 0x65,
0x61, 0x70, 0x6F, 0x6E, 0x54, 0x68, 0x69, 0x6E, 0x4F, 0x76, 0x65, 0x72, 0x6C, 0x61, 0x79, 0x43,
0x6F, 0x6C, 0x6F, 0x72, 0x47, 0x3D, 0x30, 0x2E, 0x30, 0x30, 0x30, 0x30, 0x30, 0x30, 0x0D, 0x0A,
0x77, 0x65, 0x61, 0x70, 0x6F, 0x6E, 0x54, 0x68, 0x69, 0x6E, 0x4F, 0x76, 0x65, 0x72, 0x6C, 0x61,
0x79, 0x43, 0x6F, 0x6C, 0x6F, 0x72, 0x42, 0x3D, 0x30, 0x2E, 0x30, 0x30, 0x30, 0x30, 0x30, 0x30,
0x0D, 0x0A, 0x77, 0x65, 0x61, 0x70, 0x6F, 0x6E, 0x54, 0x68, 0x69, 0x6E, 0x4F, 0x76, 0x65, 0x72,
0x6C, 0x61, 0x79, 0x43, 0x6F, 0x6C, 0x6F, 0x72, 0x41, 0x3D, 0x31, 0x2E, 0x30, 0x30, 0x30, 0x30,
0x30, 0x30, 0x0D, 0x0A, 0x77, 0x65, 0x61, 0x70, 0x6F, 0x6E, 0x41, 0x6E, 0x69, 0x6D, 0x4F, 0x76,
0x65, 0x72, 0x6C, 0x61, 0x79, 0x43, 0x6F, 0x6C, 0x6F, 0x72, 0x52, 0x3D, 0x30, 0x2E, 0x33, 0x36,
0x38, 0x30, 0x30, 0x30, 0x0D, 0x0A, 0x77, 0x65, 0x61, 0x70, 0x6F, 0x6E, 0x41, 0x6E, 0x69, 0x6D,
0x4F, 0x76, 0x65, 0x72, 0x6C, 0x61, 0x79, 0x43, 0x6F, 0x6C, 0x6F, 0x72, 0x47, 0x3D, 0x30, 0x2E,
0x34, 0x30, 0x30, 0x30, 0x30, 0x30, 0x0D, 0x0A, 0x77, 0x65, 0x61, 0x70, 0x6F, 0x6E, 0x41, 0x6E,
0x69, 0x6D, 0x4F, 0x76, 0x65, 0x72, 0x6C, 0x61, 0x79, 0x43, 0x6F, 0x6C, 0x6F, 0x72, 0x42, 0x3D,
0x30, 0x2E, 0x35, 0x31, 0x35, 0x30, 0x30, 0x30, 0x0D, 0x0A, 0x77, 0x65, 0x61, 0x70, 0x6F, 0x6E,
0x41, 0x6E, 0x69, 0x6D, 0x4F, 0x76, 0x65, 0x72, 0x6C, 0x61, 0x79, 0x43, 0x6F, 0x6C, 0x6F, 0x72,
0x41, 0x3D, 0x31, 0x2E, 0x30, 0x30, 0x30, 0x30, 0x30, 0x30, 0x0D, 0x0A
};